datetime,open,high,low,close,volume
2026-03-10T18:35:00+00:00,184.21999999999994,184.28999999999996,183.74999999999994,183.84999999999997,3561
2026-03-10T18:40:00+00:00,183.84999999999997,183.85999999999996,183.48999999999995,183.48999999999995,2896
2026-03-10T18:45:00+00:00,183.48999999999995,183.76999999999995,183.37999999999997,183.70999999999995,2949
2026-03-10T18:50:00+00:00,183.70999999999995,184.05999999999995,183.64999999999995,183.92999999999995,2545
2026-03-10T18:55:00+00:00,183.92999999999995,184.08999999999995,183.48999999999995,183.51999999999995,2262
2026-03-10T19:00:00+00:00,183.51999999999995,183.58999999999995,183.15999999999997,183.44999999999996,2573
2026-03-10T19:05:00+00:00,183.44999999999996,183.82999999999996,183.33999999999995,183.70999999999995,2680
2026-03-10T19:10:00+00:00,183.70999999999995,183.90999999999997,183.48999999999995,183.87999999999997,2360
2026-03-10T19:15:00+00:00,183.87999999999997,184.07999999999996,183.75999999999996,184.03999999999996,1998
2026-03-10T19:20:00+00:00,184.03999999999996,184.16999999999996,183.64999999999995,184.07999999999996,2584
2026-03-10T19:25:00+00:00,184.07999999999996,184.09999999999997,183.48999999999995,183.53999999999996,2590
2026-03-10T19:30:00+00:00,183.53999999999996,183.56999999999996,183.23999999999995,183.31999999999996,2995
2026-03-10T19:35:00+00:00,183.31999999999996,183.41999999999996,182.99999999999994,183.30999999999995,2766
2026-03-10T19:40:00+00:00,183.30999999999995,183.61999999999995,182.81999999999996,182.90999999999997,3546
2026-03-10T19:45:00+00:00,182.90999999999997,182.95999999999995,182.41999999999996,182.47999999999996,2326
2026-03-10T19:50:00+00:00,182.47999999999996,183.36999999999995,182.44999999999996,183.26999999999995,2802
2026-03-10T19:55:00+00:00,183.26999999999995,183.96999999999994,183.26999999999995,183.86999999999995,2964
2026-03-11T13:30:00+00:00,183.86999999999995,184.83999999999995,182.91999999999996,182.92999999999995,3088
2026-03-11T13:35:00+00:00,182.92999999999995,183.97999999999996,182.92999999999995,183.95999999999995,4410
2026-03-11T13:40:00+00:00,183.95999999999995,184.93999999999994,183.81999999999994,184.04999999999995,3822
2026-03-11T13:45:00+00:00,184.04999999999995,184.44999999999996,183.91999999999996,183.99999999999994,3927
2026-03-11T13:50:00+00:00,183.99999999999994,184.52999999999994,183.65999999999994,184.33999999999995,3377
2026-03-11T13:55:00+00:00,184.33999999999995,184.95999999999995,184.05999999999995,184.85999999999996,3339
2026-03-11T14:00:00+00:00,184.85999999999996,185.57999999999996,184.41999999999996,185.18999999999994,4953
2026-03-11T14:05:00+00:00,185.18999999999994,185.54999999999995,184.80999999999995,184.93999999999994,4001
2026-03-11T14:10:00+00:00,184.93999999999994,185.43999999999994,184.83999999999995,185.39999999999995,3617
2026-03-11T14:15:00+00:00,185.39999999999995,185.43999999999994,184.92999999999995,185.35999999999996,3417
2026-03-11T14:20:00+00:00,185.35999999999996,185.52999999999994,184.67999999999995,184.88999999999996,3289
2026-03-11T14:25:00+00:00,184.88999999999996,184.95999999999995,184.38999999999996,184.88999999999996,2961
2026-03-11T14:30:00+00:00,184.88999999999996,184.90999999999994,183.85999999999996,183.91999999999996,3168
2026-03-11T14:35:00+00:00,183.91999999999996,184.47999999999996,183.91999999999996,184.30999999999995,3027
2026-03-11T14:40:00+00:00,184.30999999999995,184.42999999999995,183.86999999999995,184.20999999999995,2845
2026-03-11T14:45:00+00:00,184.20999999999995,184.46999999999994,184.08999999999995,184.19999999999996,2413
2026-03-11T14:50:00+00:00,184.19999999999996,184.43999999999994,184.10999999999996,184.26999999999995,2093
2026-03-11T14:55:00+00:00,184.26999999999995,184.58999999999995,184.07999999999996,184.40999999999994,1486
2026-03-11T15:00:00+00:00,184.40999999999994,184.75999999999996,184.09999999999994,184.56999999999994,2712
2026-03-11T15:05:00+00:00,184.56999999999994,184.62999999999994,184.21999999999994,184.41999999999996,2511
2026-03-11T15:10:00+00:00,184.41999999999996,184.56999999999994,183.45999999999995,184.12999999999994,2765
2026-03-11T15:15:00+00:00,184.12999999999994,184.15999999999994,183.42999999999995,183.61999999999995,2824
2026-03-11T15:20:00+00:00,183.61999999999995,183.88999999999996,183.43999999999994,183.87999999999994,2414
2026-03-11T15:25:00+00:00,183.87999999999994,184.09999999999994,183.03999999999994,183.04999999999995,2151
2026-03-11T15:30:00+00:00,183.04999999999995,183.54999999999995,182.81999999999994,183.42999999999995,2548
2026-03-11T15:35:00+00:00,183.42999999999995,183.64999999999995,183.25999999999996,183.51999999999995,2148
2026-03-11T15:40:00+00:00,183.51999999999995,183.79999999999995,183.42999999999995,183.45999999999995,2157
2026-03-11T15:45:00+00:00,183.45999999999995,183.54999999999995,183.21999999999994,183.41999999999996,2271
2026-03-11T15:50:00+00:00,183.41999999999996,183.75999999999996,183.39999999999995,183.68999999999994,2014
2026-03-11T15:55:00+00:00,183.68999999999994,183.73999999999995,183.42999999999995,183.58999999999995,2341
2026-03-11T16:00:00+00:00,183.58999999999995,183.63999999999996,183.30999999999995,183.41999999999996,2492
2026-03-11T16:05:00+00:00,183.41999999999996,183.51999999999995,183.23999999999995,183.40999999999994,2111
2026-03-11T16:10:00+00:00,183.40999999999994,183.69999999999996,183.31999999999994,183.66999999999996,2170
2026-03-11T16:15:00+00:00,183.66999999999996,183.71999999999994,183.27999999999994,183.34999999999994,2211
2026-03-11T16:20:00+00:00,183.34999999999994,183.66999999999996,183.31999999999994,183.49999999999994,2140
2026-03-11T16:25:00+00:00,183.49999999999994,183.54999999999995,183.23999999999995,183.51999999999995,1988
2026-03-11T16:30:00+00:00,183.51999999999995,184.04999999999995,183.50999999999996,183.95999999999995,2039
2026-03-11T16:35:00+00:00,183.95999999999995,183.96999999999994,183.53999999999994,183.62999999999994,1783
2026-03-11T16:40:00+00:00,183.62999999999994,183.77999999999994,183.53999999999994,183.65999999999994,1588
2026-03-11T16:45:00+00:00,183.65999999999994,183.80999999999995,183.48999999999995,183.57999999999996,1691
2026-03-11T16:50:00+00:00,183.57999999999996,183.69999999999996,183.52999999999994,183.65999999999994,1437
2026-03-11T16:55:00+00:00,183.65999999999994,183.80999999999995,183.62999999999994,183.68999999999994,1222
2026-03-11T17:00:00+00:00,183.68999999999994,183.83999999999995,183.57999999999996,183.59999999999994,1185
2026-03-11T17:05:00+00:00,183.59999999999994,183.85999999999996,183.56999999999994,183.70999999999995,1046
2026-03-11T17:10:00+00:00,183.70999999999995,183.72999999999996,183.40999999999994,183.49999999999994,1234
2026-03-11T17:15:00+00:00,183.49999999999994,183.66999999999996,183.22999999999996,183.29999999999995,1280
2026-03-11T17:20:00+00:00,183.29999999999995,183.51999999999995,183.25999999999996,183.51999999999995,1541
2026-03-11T17:25:00+00:00,183.51999999999995,183.65999999999994,183.43999999999994,183.58999999999995,1317
2026-03-11T17:30:00+00:00,183.58999999999995,183.68999999999994,183.37999999999994,183.44999999999996,1452
2026-03-11T17:35:00+00:00,183.44999999999996,183.57999999999996,182.43999999999994,182.82999999999996,3195
2026-03-11T17:40:00+00:00,182.82999999999996,183.17999999999995,182.65999999999994,183.12999999999994,3258
2026-03-11T17:45:00+00:00,183.12999999999994,183.20999999999995,182.94999999999996,183.12999999999994,2707
2026-03-11T17:50:00+00:00,183.12999999999994,183.40999999999994,183.12999999999994,183.16999999999996,2002
2026-03-11T17:55:00+00:00,183.16999999999996,183.23999999999995,182.92999999999995,183.12999999999994,2381
2026-03-11T18:00:00+00:00,183.12999999999994,183.21999999999994,183.00999999999996,183.05999999999995,1890
2026-03-11T18:05:00+00:00,183.05999999999995,183.18999999999994,182.91999999999996,183.01999999999995,1482
2026-03-11T18:10:00+00:00,183.01999999999995,183.02999999999994,182.69999999999996,182.94999999999996,1539
2026-03-11T18:15:00+00:00,182.94999999999996,183.07999999999996,182.79999999999995,182.94999999999996,1514
2026-03-11T18:20:00+00:00,182.94999999999996,183.18999999999994,182.87999999999994,183.00999999999996,1309
2026-03-11T18:25:00+00:00,183.00999999999996,183.21999999999994,182.94999999999996,183.12999999999994,1345
2026-03-11T18:30:00+00:00,183.12999999999994,183.22999999999996,183.05999999999995,183.18999999999994,1244
2026-03-11T18:35:00+00:00,183.18999999999994,183.40999999999994,183.08999999999995,183.17999999999995,1281
2026-03-11T18:40:00+00:00,183.17999999999995,183.25999999999996,182.99999999999994,183.16999999999996,914
2026-03-11T18:45:00+00:00,183.16999999999996,183.30999999999995,183.11999999999995,183.19999999999996,1017
2026-03-11T18:50:00+00:00,183.19999999999996,183.56999999999994,183.14999999999995,183.50999999999996,1274
2026-03-11T18:55:00+00:00,183.50999999999996,183.71999999999994,183.45999999999995,183.58999999999995,1242
2026-03-11T19:00:00+00:00,183.58999999999995,183.65999999999994,183.22999999999996,183.29999999999995,1325
2026-03-11T19:05:00+00:00,183.29999999999995,183.44999999999996,183.24999999999994,183.37999999999994,1081
2026-03-11T19:10:00+00:00,183.37999999999994,183.47999999999996,183.23999999999995,183.34999999999994,1043
2026-03-11T19:15:00+00:00,183.34999999999994,183.68999999999994,183.29999999999995,183.62999999999994,1322
2026-03-11T19:20:00+00:00,183.62999999999994,183.68999999999994,183.32999999999996,183.58999999999995,1135
2026-03-11T19:25:00+00:00,183.58999999999995,183.67999999999995,183.33999999999995,183.33999999999995,1158
2026-03-11T19:30:00+00:00,183.33999999999995,183.55999999999995,183.20999999999995,183.43999999999994,1376
2026-03-11T19:35:00+00:00,183.43999999999994,183.53999999999994,183.32999999999996,183.50999999999996,977
2026-03-11T19:40:00+00:00,183.50999999999996,183.64999999999995,183.40999999999994,183.51999999999995,922
2026-03-11T19:45:00+00:00,183.51999999999995,183.61999999999995,183.38999999999996,183.52999999999994,998
2026-03-11T19:50:00+00:00,183.52999999999994,183.80999999999995,183.31999999999994,183.78999999999994,1395
2026-03-11T19:55:00+00:00,183.78999999999994,184.01999999999995,183.78999999999994,183.98999999999995,1271
2026-03-12T13:30:00+00:00,183.98999999999995,183.98999999999995,181.50999999999996,182.38999999999996,2614
2026-03-12T13:35:00+00:00,182.38999999999996,182.73999999999995,182.20999999999995,182.34999999999994,4177
2026-03-12T13:40:00+00:00,182.34999999999994,182.36999999999995,181.52999999999994,181.63999999999996,3418
2026-03-12T13:45:00+00:00,181.63999999999996,181.66999999999996,180.90999999999994,181.40999999999994,3297
2026-03-12T13:50:00+00:00,181.40999999999994,181.76999999999995,180.80999999999995,180.89999999999995,3272
2026-03-12T13:55:00+00:00,180.89999999999995,181.05999999999995,180.02999999999994,180.35999999999996,3578
2026-03-12T14:00:00+00:00,180.35999999999996,181.21999999999994,180.33999999999995,181.01999999999995,3618
2026-03-12T14:05:00+00:00,181.01999999999995,181.06999999999994,180.30999999999995,180.53999999999994,3452
2026-03-12T14:10:00+00:00,180.53999999999994,181.15999999999994,180.30999999999995,181.10999999999996,3207
2026-03-12T14:15:00+00:00,181.10999999999996,181.19999999999996,180.57999999999996,180.74999999999994,2805
2026-03-12T14:20:00+00:00,180.74999999999994,180.80999999999995,180.45999999999995,180.57999999999996,2447
2026-03-12T14:25:00+00:00,180.57999999999996,180.79999999999995,180.06999999999994,180.06999999999994,2456
2026-03-12T14:30:00+00:00,180.06999999999994,180.21999999999994,179.88999999999996,180.07999999999996,2464
2026-03-12T14:35:00+00:00,180.07999999999996,180.37999999999994,179.76999999999995,180.03999999999994,2715
2026-03-12T14:40:00+00:00,180.03999999999994,180.30999999999995,179.73999999999995,180.23999999999995,2514
2026-03-12T14:45:00+00:00,180.23999999999995,180.89999999999995,179.82999999999996,179.94999999999996,3566
2026-03-12T14:50:00+00:00,179.94999999999996,180.21999999999994,179.81999999999994,180.20999999999995,3051
2026-03-12T14:55:00+00:00,180.20999999999995,180.65999999999994,180.17999999999995,180.36999999999995,2096
2026-03-12T15:00:00+00:00,180.36999999999995,180.48999999999995,179.97999999999996,180.45999999999995,2742
2026-03-12T15:05:00+00:00,180.45999999999995,180.60999999999996,179.94999999999996,180.06999999999994,2301
2026-03-12T15:10:00+00:00,180.06999999999994,180.21999999999994,179.79999999999995,180.17999999999995,2268
2026-03-12T15:15:00+00:00,180.17999999999995,180.53999999999994,180.10999999999996,180.46999999999994,2278
2026-03-12T15:20:00+00:00,180.46999999999994,180.69999999999996,180.26999999999995,180.54999999999995,2178
2026-03-12T15:25:00+00:00,180.54999999999995,180.93999999999994,180.50999999999996,180.87999999999994,2308
2026-03-12T15:30:00+00:00,180.87999999999994,181.16999999999996,180.74999999999994,180.97999999999996,2279
2026-03-12T15:35:00+00:00,180.97999999999996,181.90999999999994,180.77999999999994,181.89999999999995,2783
2026-03-12T15:40:00+00:00,181.89999999999995,182.15999999999994,181.47999999999996,181.96999999999994,3777
2026-03-12T15:45:00+00:00,181.96999999999994,182.01999999999995,181.43999999999994,181.84999999999994,3159
2026-03-12T15:50:00+00:00,181.84999999999994,182.09999999999994,181.65999999999994,182.05999999999995,2824
2026-03-12T15:55:00+00:00,182.05999999999995,182.36999999999995,181.77999999999994,182.30999999999995,2427
2026-03-12T16:00:00+00:00,182.30999999999995,182.88999999999996,182.18999999999994,182.82999999999996,2535
2026-03-12T16:05:00+00:00,182.82999999999996,182.91999999999996,181.97999999999996,182.07999999999996,2833
2026-03-12T16:10:00+00:00,182.07999999999996,182.73999999999995,182.02999999999994,182.63999999999996,2461
2026-03-12T16:15:00+00:00,182.63999999999996,182.86999999999995,182.33999999999995,182.37999999999994,2627
2026-03-12T16:20:00+00:00,182.37999999999994,182.86999999999995,182.34999999999994,182.40999999999994,2685
2026-03-12T16:25:00+00:00,182.40999999999994,182.47999999999996,182.15999999999994,182.25999999999996,2558
2026-03-12T16:30:00+00:00,182.25999999999996,182.61999999999995,182.19999999999996,182.33999999999995,2485
2026-03-12T16:35:00+00:00,182.33999999999995,182.66999999999996,182.19999999999996,182.58999999999995,2655
2026-03-12T16:40:00+00:00,182.58999999999995,182.70999999999995,182.38999999999996,182.42999999999995,2386
2026-03-12T16:45:00+00:00,182.42999999999995,182.47999999999996,181.88999999999996,182.07999999999996,2304
2026-03-12T16:50:00+00:00,182.07999999999996,182.20999999999995,181.68999999999994,181.76999999999995,2186
2026-03-12T16:55:00+00:00,181.76999999999995,181.99999999999994,181.75999999999996,181.95999999999995,1587
2026-03-12T17:00:00+00:00,181.95999999999995,182.50999999999996,181.90999999999994,182.38999999999996,1104
2026-03-12T17:05:00+00:00,182.38999999999996,182.53999999999994,181.94999999999996,182.03999999999994,1411
2026-03-12T17:10:00+00:00,182.03999999999994,182.24999999999994,181.72999999999996,181.77999999999994,1280
2026-03-12T17:15:00+00:00,181.77999999999994,181.91999999999996,181.50999999999996,181.52999999999994,1158
2026-03-12T17:20:00+00:00,181.52999999999994,182.02999999999994,181.51999999999995,181.90999999999994,1248
2026-03-12T17:25:00+00:00,181.90999999999994,182.08999999999995,181.69999999999996,181.72999999999996,1222
2026-03-12T17:30:00+00:00,181.72999999999996,182.04999999999995,181.65999999999994,181.94999999999996,1665
2026-03-12T17:35:00+00:00,181.94999999999996,182.16999999999996,181.85999999999996,181.90999999999994,1572
2026-03-12T17:40:00+00:00,181.90999999999994,182.04999999999995,181.69999999999996,181.74999999999994,1627
2026-03-12T17:45:00+00:00,181.74999999999994,181.75999999999996,181.38999999999996,181.56999999999994,1725
2026-03-12T17:50:00+00:00,181.56999999999994,181.70999999999995,181.44999999999996,181.53999999999994,1396
2026-03-12T17:55:00+00:00,181.53999999999994,181.56999999999994,181.14999999999995,181.51999999999995,1941
2026-03-12T18:00:00+00:00,181.51999999999995,181.88999999999996,181.51999999999995,181.66999999999996,1718
2026-03-12T18:05:00+00:00,181.66999999999996,181.96999999999994,181.50999999999996,181.75999999999996,1553
2026-03-12T18:10:00+00:00,181.75999999999996,181.82999999999996,181.56999999999994,181.70999999999995,1474
2026-03-12T18:15:00+00:00,181.70999999999995,181.84999999999994,181.46999999999994,181.49999999999994,1492
2026-03-12T18:20:00+00:00,181.49999999999994,181.51999999999995,181.22999999999996,181.39999999999995,1571
2026-03-12T18:25:00+00:00,181.39999999999995,181.55999999999995,181.35999999999996,181.53999999999994,1580
2026-03-12T18:30:00+00:00,181.53999999999994,181.60999999999996,181.34999999999994,181.40999999999994,1404
2026-03-12T18:35:00+00:00,181.40999999999994,181.43999999999994,181.12999999999994,181.33999999999995,1250
2026-03-12T18:40:00+00:00,181.33999999999995,181.37999999999994,181.09999999999994,181.13999999999996,1057
2026-03-12T18:45:00+00:00,181.13999999999996,181.19999999999996,180.90999999999994,180.91999999999996,905
2026-03-12T18:50:00+00:00,180.91999999999996,181.30999999999995,180.91999999999996,181.18999999999994,1390
2026-03-12T18:55:00+00:00,181.18999999999994,181.24999999999994,181.00999999999996,181.05999999999995,1334
2026-03-12T19:00:00+00:00,181.05999999999995,181.42999999999995,180.97999999999996,181.10999999999996,2049
2026-03-12T19:05:00+00:00,181.10999999999996,181.32999999999996,181.01999999999995,181.15999999999994,1918
2026-03-12T19:10:00+00:00,181.15999999999994,181.24999999999994,180.75999999999996,180.99999999999994,1707
2026-03-12T19:15:00+00:00,180.99999999999994,181.08999999999995,180.85999999999996,180.94999999999996,1683
2026-03-12T19:20:00+00:00,180.94999999999996,181.39999999999995,180.90999999999994,181.31999999999994,1464
2026-03-12T19:25:00+00:00,181.31999999999994,181.58999999999995,181.25999999999996,181.40999999999994,1510
2026-03-12T19:30:00+00:00,181.40999999999994,181.64999999999995,181.39999999999995,181.49999999999994,1590
2026-03-12T19:35:00+00:00,181.49999999999994,181.53999999999994,181.13999999999996,181.16999999999996,1634
2026-03-12T19:40:00+00:00,181.16999999999996,181.16999999999996,180.69999999999996,180.95999999999995,1714
2026-03-12T19:45:00+00:00,180.95999999999995,181.09999999999994,180.75999999999996,181.06999999999994,1872
2026-03-12T19:50:00+00:00,181.06999999999994,181.56999999999994,181.05999999999995,181.55999999999995,2134
2026-03-12T19:55:00+00:00,181.55999999999995,181.55999999999995,181.00999999999996,181.08999999999995,2563
2026-03-13T13:30:00+00:00,181.08999999999995,184.04999999999995,181.08999999999995,183.23999999999995,2827
2026-03-13T13:35:00+00:00,183.23999999999995,183.38999999999996,182.40999999999994,182.84999999999994,4647
2026-03-13T13:40:00+00:00,182.84999999999994,183.56999999999994,182.62999999999994,183.56999999999994,3924
2026-03-13T13:45:00+00:00,183.56999999999994,183.88999999999996,182.82999999999996,182.82999999999996,3677
2026-03-13T13:50:00+00:00,182.82999999999996,183.73999999999995,182.64999999999995,183.61999999999995,3400
2026-03-13T13:55:00+00:00,183.61999999999995,183.67999999999995,182.77999999999994,182.86999999999995,2072
2026-03-13T14:00:00+00:00,182.86999999999995,183.07999999999996,181.98999999999995,182.06999999999994,2479
2026-03-13T14:05:00+00:00,182.06999999999994,182.40999999999994,181.83999999999995,181.98999999999995,3569
2026-03-13T14:10:00+00:00,181.98999999999995,182.14999999999995,181.71999999999994,181.96999999999994,3498
2026-03-13T14:15:00+00:00,181.96999999999994,182.09999999999994,181.58999999999995,181.81999999999994,3457
2026-03-13T14:20:00+00:00,181.81999999999994,182.27999999999994,181.81999999999994,182.02999999999994,3588
2026-03-13T14:25:00+00:00,182.02999999999994,182.30999999999995,181.90999999999994,181.90999999999994,3216
2026-03-13T14:30:00+00:00,181.90999999999994,182.21999999999994,181.63999999999996,181.72999999999996,3135
2026-03-13T14:35:00+00:00,181.72999999999996,181.74999999999994,181.02999999999994,181.53999999999994,3256
2026-03-13T14:40:00+00:00,181.53999999999994,181.53999999999994,180.85999999999996,180.88999999999996,2975
2026-03-13T14:45:00+00:00,180.88999999999996,180.88999999999996,180.34999999999994,180.45999999999995,3398
2026-03-13T14:50:00+00:00,180.45999999999995,180.72999999999996,180.24999999999994,180.50999999999996,3448
2026-03-13T14:55:00+00:00,180.50999999999996,180.62999999999994,179.98999999999995,180.10999999999996,3437
2026-03-13T15:00:00+00:00,180.10999999999996,180.35999999999996,179.63999999999996,180.26999999999995,3689
2026-03-13T15:05:00+00:00,180.26999999999995,180.49999999999994,180.19999999999996,180.37999999999994,3090
2026-03-13T15:10:00+00:00,180.37999999999994,180.81999999999994,180.25999999999996,180.72999999999996,2658
2026-03-13T15:15:00+00:00,180.72999999999996,180.75999999999996,180.01999999999995,180.04999999999995,2499
2026-03-13T15:20:00+00:00,180.04999999999995,180.30999999999995,179.80999999999995,179.83999999999995,2673
2026-03-13T15:25:00+00:00,179.83999999999995,179.98999999999995,179.73999999999995,179.86999999999995,2485
2026-03-13T15:30:00+00:00,179.86999999999995,180.23999999999995,179.77999999999994,180.02999999999994,2738
2026-03-13T15:35:00+00:00,180.02999999999994,180.08999999999995,179.38999999999996,179.60999999999996,2850
2026-03-13T15:40:00+00:00,179.60999999999996,179.65999999999994,178.89999999999995,179.12999999999994,2347
2026-03-13T15:45:00+00:00,179.12999999999994,179.39999999999995,178.72999999999996,179.32999999999996,3493
2026-03-13T15:50:00+00:00,179.32999999999996,179.53999999999994,179.02999999999994,179.28999999999994,3025
2026-03-13T15:55:00+00:00,179.28999999999994,179.35999999999996,178.99999999999994,179.03999999999994,2844
2026-03-13T16:00:00+00:00,179.03999999999994,179.46999999999994,178.98999999999995,179.17999999999995,2716
2026-03-13T16:05:00+00:00,179.17999999999995,179.48999999999995,179.06999999999994,179.38999999999996,2652
2026-03-13T16:10:00+00:00,179.38999999999996,179.56999999999994,178.85999999999996,179.15999999999994,2723
2026-03-13T16:15:00+00:00,179.15999999999994,179.32999999999996,179.02999999999994,179.07999999999996,2783
2026-03-13T16:20:00+00:00,179.07999999999996,179.50999999999996,179.02999999999994,179.10999999999996,2629
2026-03-13T16:25:00+00:00,179.10999999999996,179.20999999999995,178.69999999999996,179.11999999999995,2361
2026-03-13T16:30:00+00:00,179.11999999999995,179.44999999999996,179.06999999999994,179.23999999999995,2665
2026-03-13T16:35:00+00:00,179.23999999999995,179.74999999999994,179.23999999999995,179.44999999999996,2532
2026-03-13T16:40:00+00:00,179.44999999999996,179.62999999999994,179.23999999999995,179.29999999999995,2357
2026-03-13T16:45:00+00:00,179.29999999999995,179.35999999999996,179.09999999999994,179.31999999999994,2295
2026-03-13T16:50:00+00:00,179.31999999999994,179.71999999999994,179.29999999999995,179.68999999999994,2054
2026-03-13T16:55:00+00:00,179.68999999999994,179.73999999999995,178.95999999999995,179.04999999999995,1973
2026-03-13T17:00:00+00:00,179.04999999999995,179.18999999999994,178.91999999999996,178.98999999999995,2141
2026-03-13T17:05:00+00:00,178.98999999999995,179.37999999999994,178.89999999999995,179.28999999999994,2110
2026-03-13T17:10:00+00:00,179.28999999999994,179.47999999999996,178.97999999999996,179.47999999999996,1840
2026-03-13T17:15:00+00:00,179.47999999999996,179.64999999999995,179.29999999999995,179.50999999999996,1870
2026-03-13T17:20:00+00:00,179.50999999999996,179.53999999999994,179.18999999999994,179.40999999999994,1774
2026-03-13T17:25:00+00:00,179.40999999999994,179.55999999999995,179.28999999999994,179.51999999999995,1812
2026-03-13T17:30:00+00:00,179.51999999999995,179.57999999999996,179.25999999999996,179.50999999999996,1909
2026-03-13T17:35:00+00:00,179.50999999999996,179.55999999999995,179.33999999999995,179.34999999999994,1439
2026-03-13T17:40:00+00:00,179.34999999999994,179.40999999999994,179.05999999999995,179.19999999999996,1902
2026-03-13T17:45:00+00:00,179.19999999999996,179.27999999999994,178.58999999999995,178.65999999999994,1991
2026-03-13T17:50:00+00:00,178.65999999999994,178.82999999999996,178.46999999999994,178.65999999999994,2088
2026-03-13T17:55:00+00:00,178.65999999999994,178.82999999999996,178.42999999999995,178.48999999999995,1827
2026-03-13T18:00:00+00:00,178.48999999999995,178.52999999999994,178.26999999999995,178.42999999999995,1876
2026-03-13T18:05:00+00:00,178.42999999999995,178.49999999999994,178.16999999999996,178.27999999999994,1371
2026-03-13T18:10:00+00:00,178.27999999999994,178.44999999999996,178.22999999999996,178.33999999999995,1631
2026-03-13T18:15:00+00:00,178.33999999999995,178.59999999999994,178.22999999999996,178.34999999999994,1580
2026-03-13T18:20:00+00:00,178.34999999999994,178.39999999999995,177.98999999999995,178.17999999999995,1405
2026-03-13T18:25:00+00:00,178.17999999999995,178.54999999999995,178.13999999999996,178.52999999999994,1589
2026-03-13T18:30:00+00:00,178.52999999999994,178.77999999999994,178.35999999999996,178.63999999999996,1607
2026-03-13T18:35:00+00:00,178.63999999999996,178.83999999999995,178.56999999999994,178.62999999999994,1196
2026-03-13T18:40:00+00:00,178.62999999999994,179.02999999999994,178.62999999999994,178.94999999999996,1301
2026-03-13T18:45:00+00:00,178.94999999999996,179.07999999999996,178.83999999999995,179.00999999999996,1434
2026-03-13T18:50:00+00:00,179.00999999999996,179.11999999999995,178.81999999999994,178.88999999999996,1343
2026-03-13T18:55:00+00:00,178.88999999999996,179.08999999999995,178.79999999999995,179.00999999999996,1317
2026-03-13T19:00:00+00:00,179.00999999999996,179.01999999999995,178.67999999999995,178.72999999999996,1292
2026-03-13T19:05:00+00:00,178.72999999999996,178.86999999999995,178.55999999999995,178.74999999999994,1263
2026-03-13T19:10:00+00:00,178.74999999999994,178.91999999999996,178.68999999999994,178.80999999999995,1039
2026-03-13T19:15:00+00:00,178.80999999999995,178.96999999999994,178.73999999999995,178.85999999999996,1324
2026-03-13T19:20:00+00:00,178.85999999999996,178.85999999999996,178.37999999999994,178.48999999999995,1400
2026-03-13T19:25:00+00:00,178.48999999999995,178.72999999999996,178.25999999999996,178.68999999999994,1394
2026-03-13T19:30:00+00:00,178.68999999999994,178.80999999999995,178.45999999999995,178.53999999999994,1256
2026-03-13T19:35:00+00:00,178.53999999999994,178.63999999999996,178.28999999999994,178.31999999999994,925
2026-03-13T19:40:00+00:00,178.31999999999994,178.44999999999996,178.14999999999995,178.40999999999994,1213
2026-03-13T19:45:00+00:00,178.40999999999994,178.59999999999994,178.26999999999995,178.42999999999995,1303
2026-03-13T19:50:00+00:00,178.42999999999995,178.45999999999995,178.07999999999996,178.24999999999994,1463
2026-03-13T19:55:00+00:00,178.24999999999994,178.38999999999996,177.90999999999994,178.22999999999996,1239
2026-03-16T13:30:00+00:00,178.22999999999996,182.47999999999996,178.22999999999996,182.41999999999996,2813
2026-03-16T13:35:00+00:00,182.41999999999996,183.02999999999994,182.09999999999994,182.44999999999996,4226
2026-03-16T13:40:00+00:00,182.44999999999996,182.49999999999994,181.92999999999995,182.24999999999994,3100
2026-03-16T13:45:00+00:00,182.24999999999994,182.69999999999996,181.98999999999995,182.29999999999995,3024
2026-03-16T13:50:00+00:00,182.29999999999995,182.39999999999995,181.98999999999995,182.30999999999995,2618
2026-03-16T13:55:00+00:00,182.30999999999995,182.58999999999995,182.12999999999994,182.49999999999994,2307
2026-03-16T14:00:00+00:00,182.49999999999994,182.52999999999994,181.88999999999996,181.99999999999994,2673
2026-03-16T14:05:00+00:00,181.99999999999994,182.18999999999994,181.84999999999994,181.91999999999996,2200
2026-03-16T14:10:00+00:00,181.91999999999996,182.34999999999994,181.87999999999994,182.23999999999995,2162
2026-03-16T14:15:00+00:00,182.23999999999995,182.40999999999994,182.17999999999995,182.19999999999996,2131
2026-03-16T14:20:00+00:00,182.19999999999996,182.41999999999996,182.16999999999996,182.41999999999996,1789
2026-03-16T14:25:00+00:00,182.41999999999996,182.45999999999995,182.03999999999994,182.04999999999995,1733
2026-03-16T14:30:00+00:00,182.04999999999995,182.21999999999994,181.73999999999995,181.80999999999995,2492
2026-03-16T14:35:00+00:00,181.80999999999995,181.94999999999996,181.44999999999996,181.58999999999995,2504
2026-03-16T14:40:00+00:00,181.58999999999995,181.76999999999995,181.47999999999996,181.57999999999996,2256
2026-03-16T14:45:00+00:00,181.57999999999996,181.85999999999996,181.28999999999994,181.55999999999995,2388
2026-03-16T14:50:00+00:00,181.55999999999995,181.86999999999995,181.33999999999995,181.76999999999995,2165
2026-03-16T14:55:00+00:00,181.76999999999995,182.08999999999995,181.62999999999994,182.07999999999996,1652
2026-03-16T15:00:00+00:00,182.07999999999996,182.09999999999994,181.78999999999994,181.80999999999995,1779
2026-03-16T15:05:00+00:00,181.80999999999995,182.11999999999995,181.67999999999995,182.11999999999995,1660
2026-03-16T15:10:00+00:00,182.11999999999995,182.69999999999996,181.94999999999996,182.64999999999995,1674
2026-03-16T15:15:00+00:00,182.64999999999995,182.69999999999996,182.39999999999995,182.69999999999996,1463
2026-03-16T15:20:00+00:00,182.69999999999996,182.89999999999995,182.57999999999996,182.84999999999994,882
2026-03-16T15:25:00+00:00,182.84999999999994,182.84999999999994,182.59999999999994,182.70999999999995,817
2026-03-16T15:30:00+00:00,182.70999999999995,182.91999999999996,182.59999999999994,182.88999999999996,951
2026-03-16T15:35:00+00:00,182.88999999999996,182.90999999999994,182.67999999999995,182.67999999999995,863
2026-03-16T15:40:00+00:00,182.67999999999995,182.80999999999995,182.56999999999994,182.56999999999994,962
2026-03-16T15:45:00+00:00,182.56999999999994,182.83999999999995,182.49999999999994,182.71999999999994,805
2026-03-16T15:50:00+00:00,182.71999999999994,182.72999999999996,182.42999999999995,182.44999999999996,1386
2026-03-16T15:55:00+00:00,182.44999999999996,182.57999999999996,182.08999999999995,182.08999999999995,1664
2026-03-16T16:00:00+00:00,182.08999999999995,182.24999999999994,181.99999999999994,181.99999999999994,1836
2026-03-16T16:05:00+00:00,181.99999999999994,182.40999999999994,181.99999999999994,182.05999999999995,1562
2026-03-16T16:10:00+00:00,182.05999999999995,182.14999999999995,181.89999999999995,181.96999999999994,1519
2026-03-16T16:15:00+00:00,181.96999999999994,182.09999999999994,181.81999999999994,181.89999999999995,1715
2026-03-16T16:20:00+00:00,181.89999999999995,181.90999999999994,181.59999999999994,181.70999999999995,1782
2026-03-16T16:25:00+00:00,181.70999999999995,181.96999999999994,181.62999999999994,181.89999999999995,1855
2026-03-16T16:30:00+00:00,181.89999999999995,182.20999999999995,181.74999999999994,182.00999999999996,1980
2026-03-16T16:35:00+00:00,182.00999999999996,182.20999999999995,181.99999999999994,182.14999999999995,1653
2026-03-16T16:40:00+00:00,182.14999999999995,182.43999999999994,182.06999999999994,182.35999999999996,1138
2026-03-16T16:45:00+00:00,182.35999999999996,182.42999999999995,182.18999999999994,182.29999999999995,1285
2026-03-16T16:50:00+00:00,182.29999999999995,182.53999999999994,182.26999999999995,182.36999999999995,1122
2026-03-16T16:55:00+00:00,182.36999999999995,182.49999999999994,182.32999999999996,182.41999999999996,1326
2026-03-16T17:00:00+00:00,182.41999999999996,182.93999999999994,182.39999999999995,182.64999999999995,2201
2026-03-16T17:05:00+00:00,182.64999999999995,182.85999999999996,182.59999999999994,182.69999999999996,1363
2026-03-16T17:10:00+00:00,182.69999999999996,182.99999999999994,182.69999999999996,182.85999999999996,1089
2026-03-16T17:15:00+00:00,182.85999999999996,182.86999999999995,182.62999999999994,182.76999999999995,1145
2026-03-16T17:20:00+00:00,182.76999999999995,182.94999999999996,182.74999999999994,182.93999999999994,947
2026-03-16T17:25:00+00:00,182.93999999999994,183.04999999999995,182.71999999999994,182.74999999999994,1051
2026-03-16T17:30:00+00:00,182.74999999999994,182.88999999999996,182.64999999999995,182.71999999999994,1058
2026-03-16T17:35:00+00:00,182.71999999999994,182.78999999999994,182.29999999999995,182.32999999999996,908
2026-03-16T17:40:00+00:00,182.32999999999996,182.42999999999995,182.28999999999994,182.31999999999994,852
2026-03-16T17:45:00+00:00,182.31999999999994,182.49999999999994,182.23999999999995,182.42999999999995,937
2026-03-16T17:50:00+00:00,182.42999999999995,182.57999999999996,182.32999999999996,182.52999999999994,1158
2026-03-16T17:55:00+00:00,182.52999999999994,182.55999999999995,182.35999999999996,182.46999999999994,974
2026-03-16T18:00:00+00:00,182.46999999999994,182.70999999999995,182.42999999999995,182.66999999999996,819
2026-03-16T18:05:00+00:00,182.66999999999996,183.12999999999994,182.65999999999994,183.10999999999996,1112
2026-03-16T18:10:00+00:00,183.10999999999996,183.34999999999994,183.07999999999996,183.23999999999995,871
2026-03-16T18:15:00+00:00,183.23999999999995,183.50999999999996,183.21999999999994,183.39999999999995,967
2026-03-16T18:20:00+00:00,183.39999999999995,183.44999999999996,183.13999999999996,183.22999999999996,827
2026-03-16T18:25:00+00:00,183.22999999999996,183.31999999999994,182.80999999999995,182.91999999999996,842
2026-03-16T18:30:00+00:00,182.91999999999996,183.03999999999994,182.52999999999994,182.56999999999994,955
2026-03-16T18:35:00+00:00,182.56999999999994,182.62999999999994,182.44999999999996,182.60999999999996,830
2026-03-16T18:40:00+00:00,182.60999999999996,182.66999999999996,182.31999999999994,182.43999999999994,782
2026-03-16T18:45:00+00:00,182.43999999999994,182.44999999999996,182.26999999999995,182.36999999999995,539
2026-03-16T18:50:00+00:00,182.36999999999995,182.36999999999995,181.99999999999994,181.99999999999994,782
2026-03-16T18:55:00+00:00,181.99999999999994,182.16999999999996,181.76999999999995,181.81999999999994,1072
2026-03-16T19:00:00+00:00,181.81999999999994,181.96999999999994,181.43999999999994,181.56999999999994,902
2026-03-16T19:05:00+00:00,181.56999999999994,185.86999999999995,181.39999999999995,185.54999999999995,2365
2026-03-16T19:10:00+00:00,185.54999999999995,186.80999999999995,183.34999999999994,183.51999999999995,5490
2026-03-16T19:15:00+00:00,183.51999999999995,183.92999999999995,182.07999999999996,182.21999999999994,4034
2026-03-16T19:20:00+00:00,182.21999999999994,182.25999999999996,180.34999999999994,180.71999999999994,4073
2026-03-16T19:25:00+00:00,180.71999999999994,180.77999999999994,179.67999999999995,179.80999999999995,3759
2026-03-16T19:30:00+00:00,179.80999999999995,180.93999999999994,179.39999999999995,180.80999999999995,3563
2026-03-16T19:35:00+00:00,180.80999999999995,181.40999999999994,180.79999999999995,181.35999999999996,2418
2026-03-16T19:40:00+00:00,181.35999999999996,181.60999999999996,181.08999999999995,181.53999999999994,2225
2026-03-16T19:45:00+00:00,181.53999999999994,181.54999999999995,181.12999999999994,181.39999999999995,2310
2026-03-16T19:50:00+00:00,181.39999999999995,181.62999999999994,180.96999999999994,181.04999999999995,2673
2026-03-16T19:55:00+00:00,181.04999999999995,181.34999999999994,180.76999999999995,181.15999999999994,2655
2026-03-17T13:30:00+00:00,181.15999999999994,183.33999999999995,181.15999999999994,181.50999999999996,3218
2026-03-17T13:35:00+00:00,181.50999999999996,182.34999999999994,181.34999999999994,182.00999999999996,4136
2026-03-17T13:40:00+00:00,182.00999999999996,182.08999999999995,181.52999999999994,182.04999999999995,3408
2026-03-17T13:45:00+00:00,182.04999999999995,182.26999999999995,181.38999999999996,181.87999999999994,3309
2026-03-17T13:50:00+00:00,181.87999999999994,181.97999999999996,181.08999999999995,181.39999999999995,2556
2026-03-17T13:55:00+00:00,181.39999999999995,181.46999999999994,180.93999999999994,181.06999999999994,2008
2026-03-17T14:00:00+00:00,181.06999999999994,181.21999999999994,180.34999999999994,180.56999999999994,2806
2026-03-17T14:05:00+00:00,180.56999999999994,180.72999999999996,179.89999999999995,179.89999999999995,2566
2026-03-17T14:10:00+00:00,179.89999999999995,180.59999999999994,179.87999999999994,180.35999999999996,2718
2026-03-17T14:15:00+00:00,180.35999999999996,180.97999999999996,180.18999999999994,180.97999999999996,2658
2026-03-17T14:20:00+00:00,180.97999999999996,181.56999999999994,180.79999999999995,181.43999999999994,2708
2026-03-17T14:25:00+00:00,181.43999999999994,181.54999999999995,180.88999999999996,181.05999999999995,2450
2026-03-17T14:30:00+00:00,181.05999999999995,181.25999999999996,180.61999999999995,181.06999999999994,2246
2026-03-17T14:35:00+00:00,181.06999999999994,181.38999999999996,180.98999999999995,181.08999999999995,2105
2026-03-17T14:40:00+00:00,181.08999999999995,181.38999999999996,180.92999999999995,181.14999999999995,2125
2026-03-17T14:45:00+00:00,181.14999999999995,181.31999999999994,181.01999999999995,181.11999999999995,1832
2026-03-17T14:50:00+00:00,181.11999999999995,181.18999999999994,180.72999999999996,181.07999999999996,1766
2026-03-17T14:55:00+00:00,181.07999999999996,181.32999999999996,180.89999999999995,180.99999999999994,1554
2026-03-17T15:00:00+00:00,180.99999999999994,181.19999999999996,180.82999999999996,180.87999999999994,1701
2026-03-17T15:05:00+00:00,180.87999999999994,180.95999999999995,180.32999999999996,180.34999999999994,1867
2026-03-17T15:10:00+00:00,180.34999999999994,180.69999999999996,180.22999999999996,180.59999999999994,1830
2026-03-17T15:15:00+00:00,180.59999999999994,180.87999999999994,180.45999999999995,180.63999999999996,1812
2026-03-17T15:20:00+00:00,180.63999999999996,180.78999999999994,180.38999999999996,180.51999999999995,1855
2026-03-17T15:25:00+00:00,180.51999999999995,180.71999999999994,180.37999999999994,180.42999999999995,1539
2026-03-17T15:30:00+00:00,180.42999999999995,180.54999999999995,180.09999999999994,180.15999999999994,1389
2026-03-17T15:35:00+00:00,180.15999999999994,180.27999999999994,179.65999999999994,179.96999999999994,2283
2026-03-17T15:40:00+00:00,179.96999999999994,180.34999999999994,179.89999999999995,180.30999999999995,2036
2026-03-17T15:45:00+00:00,180.30999999999995,180.46999999999994,180.19999999999996,180.26999999999995,1658
2026-03-17T15:50:00+00:00,180.26999999999995,180.56999999999994,180.26999999999995,180.34999999999994,1683
2026-03-17T15:55:00+00:00,180.34999999999994,180.44999999999996,180.13999999999996,180.15999999999994,1644
2026-03-17T16:00:00+00:00,180.15999999999994,180.16999999999996,179.89999999999995,179.92999999999995,1773
2026-03-17T16:05:00+00:00,179.92999999999995,180.09999999999994,179.71999999999994,179.91999999999996,2351
2026-03-17T16:10:00+00:00,179.91999999999996,180.10999999999996,179.89999999999995,179.96999999999994,1980
2026-03-17T16:15:00+00:00,179.96999999999994,181.08999999999995,179.93999999999994,180.78999999999994,2508
2026-03-17T16:20:00+00:00,180.78999999999994,180.80999999999995,180.32999999999996,180.63999999999996,2197
2026-03-17T16:25:00+00:00,180.63999999999996,180.75999999999996,180.53999999999994,180.67999999999995,1664
2026-03-17T16:30:00+00:00,180.67999999999995,180.93999999999994,180.28999999999994,180.39999999999995,2292
2026-03-17T16:35:00+00:00,180.39999999999995,180.50999999999996,180.31999999999994,180.42999999999995,2000
2026-03-17T16:40:00+00:00,180.42999999999995,180.62999999999994,180.30999999999995,180.55999999999995,1404
2026-03-17T16:45:00+00:00,180.55999999999995,180.58999999999995,180.20999999999995,180.29999999999995,1304
2026-03-17T16:50:00+00:00,180.29999999999995,180.34999999999994,179.92999999999995,180.11999999999995,1257
2026-03-17T16:55:00+00:00,180.11999999999995,180.33999999999995,179.94999999999996,180.01999999999995,1030
2026-03-17T17:00:00+00:00,180.01999999999995,180.61999999999995,180.01999999999995,180.49999999999994,1080
2026-03-17T17:05:00+00:00,180.49999999999994,180.54999999999995,180.17999999999995,180.48999999999995,900
2026-03-17T17:10:00+00:00,180.48999999999995,180.49999999999994,180.17999999999995,180.39999999999995,796
2026-03-17T17:15:00+00:00,180.39999999999995,180.68999999999994,180.31999999999994,180.63999999999996,805
2026-03-17T17:20:00+00:00,180.63999999999996,180.68999999999994,180.49999999999994,180.55999999999995,737
2026-03-17T17:25:00+00:00,180.55999999999995,180.56999999999994,180.33999999999995,180.40999999999994,624
2026-03-17T17:30:00+00:00,180.40999999999994,180.76999999999995,180.36999999999995,180.67999999999995,786
2026-03-17T17:35:00+00:00,180.67999999999995,181.17999999999995,180.65999999999994,181.00999999999996,875
2026-03-17T17:40:00+00:00,181.00999999999996,181.06999999999994,180.79999999999995,180.82999999999996,854
2026-03-17T17:45:00+00:00,180.82999999999996,180.91999999999996,180.67999999999995,180.79999999999995,747
2026-03-17T17:50:00+00:00,180.79999999999995,181.16999999999996,180.71999999999994,181.14999999999995,836
2026-03-17T17:55:00+00:00,181.14999999999995,181.20999999999995,180.88999999999996,180.95999999999995,793
2026-03-17T18:00:00+00:00,180.95999999999995,181.31999999999994,180.93999999999994,181.17999999999995,901
2026-03-17T18:05:00+00:00,181.17999999999995,181.45999999999995,181.17999999999995,181.42999999999995,1066
2026-03-17T18:10:00+00:00,181.42999999999995,181.43999999999994,181.18999999999994,181.22999999999996,834
2026-03-17T18:15:00+00:00,181.22999999999996,181.31999999999994,181.13999999999996,181.16999999999996,795
2026-03-17T18:20:00+00:00,181.16999999999996,181.22999999999996,181.02999999999994,181.07999999999996,908
2026-03-17T18:25:00+00:00,181.07999999999996,181.25999999999996,180.99999999999994,181.00999999999996,986
2026-03-17T18:30:00+00:00,181.00999999999996,181.13999999999996,180.82999999999996,180.90999999999994,1022
2026-03-17T18:35:00+00:00,180.90999999999994,181.05999999999995,180.82999999999996,180.84999999999994,704
2026-03-17T18:40:00+00:00,180.84999999999994,180.87999999999994,180.61999999999995,180.68999999999994,694
2026-03-17T18:45:00+00:00,180.68999999999994,180.82999999999996,180.62999999999994,180.67999999999995,750
2026-03-17T18:50:00+00:00,180.67999999999995,180.67999999999995,180.52999999999994,180.56999999999994,671
2026-03-17T18:55:00+00:00,180.56999999999994,180.59999999999994,180.29999999999995,180.31999999999994,882
2026-03-17T19:00:00+00:00,180.31999999999994,180.47999999999996,180.19999999999996,180.25999999999996,962
2026-03-17T19:05:00+00:00,180.25999999999996,180.33999999999995,180.02999999999994,180.22999999999996,838
2026-03-17T19:10:00+00:00,180.22999999999996,180.36999999999995,180.16999999999996,180.26999999999995,659
2026-03-17T19:15:00+00:00,180.26999999999995,180.46999999999994,180.21999999999994,180.34999999999994,548
2026-03-17T19:20:00+00:00,180.34999999999994,180.37999999999994,180.18999999999994,180.31999999999994,463
2026-03-17T19:25:00+00:00,180.31999999999994,180.67999999999995,180.17999999999995,180.63999999999996,1238
2026-03-17T19:30:00+00:00,180.63999999999996,180.91999999999996,180.43999999999994,180.55999999999995,1400
2026-03-17T19:35:00+00:00,180.55999999999995,180.70999999999995,180.33999999999995,180.44999999999996,955
2026-03-17T19:40:00+00:00,180.44999999999996,180.58999999999995,180.25999999999996,180.34999999999994,1021
2026-03-17T19:45:00+00:00,180.34999999999994,180.45999999999995,180.26999999999995,180.35999999999996,898
2026-03-17T19:50:00+00:00,180.35999999999996,180.41999999999996,179.89999999999995,180.36999999999995,1290
2026-03-17T19:55:00+00:00,180.36999999999995,180.36999999999995,179.77999999999994,179.93999999999994,1373
2026-03-18T13:30:00+00:00,179.93999999999994,180.74999999999994,178.70999999999995,178.88999999999996,2726
2026-03-18T13:35:00+00:00,178.88999999999996,179.66999999999996,178.76999999999995,179.54999999999995,3378
2026-03-18T13:40:00+00:00,179.54999999999995,180.17999999999995,179.27999999999994,179.60999999999996,3193
2026-03-18T13:45:00+00:00,179.60999999999996,180.09999999999994,179.59999999999994,179.89999999999995,3106
2026-03-18T13:50:00+00:00,179.89999999999995,180.16999999999996,179.58999999999995,180.02999999999994,2901
2026-03-18T13:55:00+00:00,180.02999999999994,180.57999999999996,180.00999999999996,180.41999999999996,1753
2026-03-18T14:00:00+00:00,180.41999999999996,180.80999999999995,180.16999999999996,180.70999999999995,2495
2026-03-18T14:05:00+00:00,180.70999999999995,181.35999999999996,180.63999999999996,181.08999999999995,2845
2026-03-18T14:10:00+00:00,181.08999999999995,181.18999999999994,180.38999999999996,180.39999999999995,2749
2026-03-18T14:15:00+00:00,180.39999999999995,180.92999999999995,180.39999999999995,180.71999999999994,2427
2026-03-18T14:20:00+00:00,180.71999999999994,180.88999999999996,180.59999999999994,180.75999999999996,2273
2026-03-18T14:25:00+00:00,180.75999999999996,180.77999999999994,180.09999999999994,180.27999999999994,2617
2026-03-18T14:30:00+00:00,180.27999999999994,180.78999999999994,180.22999999999996,180.35999999999996,2401
2026-03-18T14:35:00+00:00,180.35999999999996,180.68999999999994,180.20999999999995,180.40999999999994,1993
2026-03-18T14:40:00+00:00,180.40999999999994,180.41999999999996,180.08999999999995,180.08999999999995,1840
2026-03-18T14:45:00+00:00,180.08999999999995,180.26999999999995,179.83999999999995,179.83999999999995,1854
2026-03-18T14:50:00+00:00,179.83999999999995,180.30999999999995,179.81999999999994,180.23999999999995,1810
2026-03-18T14:55:00+00:00,180.23999999999995,180.74999999999994,180.18999999999994,180.74999999999994,1722
2026-03-18T15:00:00+00:00,180.74999999999994,181.05999999999995,180.58999999999995,181.03999999999994,2106
2026-03-18T15:05:00+00:00,181.03999999999994,181.21999999999994,180.89999999999995,180.99999999999994,1858
2026-03-18T15:10:00+00:00,180.99999999999994,181.10999999999996,180.75999999999996,180.93999999999994,1971
2026-03-18T15:15:00+00:00,180.93999999999994,180.97999999999996,180.38999999999996,180.44999999999996,1829
2026-03-18T15:20:00+00:00,180.44999999999996,180.61999999999995,180.24999999999994,180.47999999999996,2009
2026-03-18T15:25:00+00:00,180.47999999999996,180.61999999999995,180.41999999999996,180.53999999999994,1581
2026-03-18T15:30:00+00:00,180.53999999999994,180.57999999999996,180.38999999999996,180.45999999999995,1535
2026-03-18T15:35:00+00:00,180.45999999999995,180.64999999999995,180.29999999999995,180.58999999999995,1625
2026-03-18T15:40:00+00:00,180.58999999999995,180.68999999999994,180.34999999999994,180.45999999999995,1433
2026-03-18T15:45:00+00:00,180.45999999999995,180.53999999999994,180.29999999999995,180.34999999999994,1358
2026-03-18T15:50:00+00:00,180.34999999999994,180.63999999999996,180.30999999999995,180.59999999999994,1569
2026-03-18T15:55:00+00:00,180.59999999999994,180.65999999999994,180.42999999999995,180.44999999999996,1346
2026-03-18T16:00:00+00:00,180.44999999999996,180.59999999999994,180.32999999999996,180.57999999999996,1378
2026-03-18T16:05:00+00:00,180.57999999999996,180.70999999999995,180.42999999999995,180.45999999999995,1004
2026-03-18T16:10:00+00:00,180.45999999999995,180.79999999999995,180.40999999999994,180.68999999999994,1253
2026-03-18T16:15:00+00:00,180.68999999999994,180.69999999999996,180.33999999999995,180.61999999999995,1520
2026-03-18T16:20:00+00:00,180.61999999999995,180.64999999999995,180.51999999999995,180.60999999999996,1070
2026-03-18T16:25:00+00:00,180.60999999999996,180.83999999999995,180.50999999999996,180.73999999999995,1260
2026-03-18T16:30:00+00:00,180.73999999999995,180.74999999999994,180.24999999999994,180.27999999999994,1448
2026-03-18T16:35:00+00:00,180.27999999999994,180.38999999999996,180.07999999999996,180.25999999999996,1816
2026-03-18T16:40:00+00:00,180.25999999999996,180.35999999999996,180.14999999999995,180.25999999999996,1189
2026-03-18T16:45:00+00:00,180.25999999999996,180.36999999999995,180.14999999999995,180.36999999999995,1049
2026-03-18T16:50:00+00:00,180.36999999999995,180.55999999999995,180.23999999999995,180.50999999999996,1050
2026-03-18T16:55:00+00:00,180.50999999999996,180.65999999999994,180.37999999999994,180.39999999999995,1003
2026-03-18T17:00:00+00:00,180.39999999999995,180.42999999999995,179.97999999999996,180.15999999999994,1284
2026-03-18T17:05:00+00:00,180.15999999999994,180.17999999999995,179.93999999999994,180.01999999999995,1238
2026-03-18T17:10:00+00:00,180.01999999999995,180.11999999999995,179.88999999999996,179.92999999999995,1073
2026-03-18T17:15:00+00:00,179.92999999999995,180.03999999999994,179.80999999999995,179.94999999999996,1019
2026-03-18T17:20:00+00:00,179.94999999999996,180.06999999999994,179.84999999999994,180.01999999999995,978
2026-03-18T17:25:00+00:00,180.01999999999995,180.06999999999994,179.91999999999996,180.02999999999994,817
2026-03-18T17:30:00+00:00,180.02999999999994,180.30999999999995,179.78999999999994,180.30999999999995,1033
2026-03-18T17:35:00+00:00,180.30999999999995,180.50999999999996,180.23999999999995,180.44999999999996,960
2026-03-18T17:40:00+00:00,180.44999999999996,180.44999999999996,180.30999999999995,180.35999999999996,994
2026-03-18T17:45:00+00:00,180.35999999999996,180.70999999999995,180.35999999999996,180.46999999999994,1083
2026-03-18T17:50:00+00:00,180.46999999999994,180.67999999999995,180.42999999999995,180.58999999999995,964
2026-03-18T17:55:00+00:00,180.58999999999995,180.70999999999995,180.52999999999994,180.60999999999996,523
2026-03-18T18:00:00+00:00,180.60999999999996,181.11999999999995,180.55999999999995,180.99999999999994,1356
2026-03-18T18:05:00+00:00,180.99999999999994,181.00999999999996,180.76999999999995,180.79999999999995,1045
2026-03-18T18:10:00+00:00,180.79999999999995,180.83999999999995,180.53999999999994,180.67999999999995,1222
2026-03-18T18:15:00+00:00,180.67999999999995,180.70999999999995,180.33999999999995,180.44999999999996,1851
2026-03-18T18:20:00+00:00,180.44999999999996,180.52999999999994,180.00999999999996,180.16999999999996,1196
2026-03-18T18:25:00+00:00,180.16999999999996,180.32999999999996,180.07999999999996,180.30999999999995,1132
2026-03-18T18:30:00+00:00,180.30999999999995,180.37999999999994,179.63999999999996,179.65999999999994,1760
2026-03-18T18:35:00+00:00,179.65999999999994,180.04999999999995,179.57999999999996,179.64999999999995,2436
2026-03-18T18:40:00+00:00,179.64999999999995,180.09999999999994,179.59999999999994,179.86999999999995,1760
2026-03-18T18:45:00+00:00,179.86999999999995,179.93999999999994,179.69999999999996,179.69999999999996,1315
2026-03-18T18:50:00+00:00,179.69999999999996,179.73999999999995,179.06999999999994,179.15999999999994,1448
2026-03-18T18:55:00+00:00,179.15999999999994,179.40999999999994,179.11999999999995,179.19999999999996,1555
2026-03-18T19:00:00+00:00,179.19999999999996,179.47999999999996,179.13999999999996,179.44999999999996,2022
2026-03-18T19:05:00+00:00,179.44999999999996,179.65999999999994,179.27999999999994,179.40999999999994,1907
2026-03-18T19:10:00+00:00,179.40999999999994,179.40999999999994,179.06999999999994,179.23999999999995,1608
2026-03-18T19:15:00+00:00,179.23999999999995,179.31999999999994,178.98999999999995,179.01999999999995,1251
2026-03-18T19:20:00+00:00,179.01999999999995,179.19999999999996,178.85999999999996,178.95999999999995,1567
2026-03-18T19:25:00+00:00,178.95999999999995,179.32999999999996,178.86999999999995,179.20999999999995,1557
2026-03-18T19:30:00+00:00,179.20999999999995,179.36999999999995,178.98999999999995,179.11999999999995,1719
2026-03-18T19:35:00+00:00,179.11999999999995,179.11999999999995,178.81999999999994,178.89999999999995,948
2026-03-18T19:40:00+00:00,178.89999999999995,178.98999999999995,178.67999999999995,178.77999999999994,1281
2026-03-18T19:45:00+00:00,178.77999999999994,178.94999999999996,178.68999999999994,178.73999999999995,1455
2026-03-18T19:50:00+00:00,178.73999999999995,178.80999999999995,178.46999999999994,178.70999999999995,1545
2026-03-18T19:55:00+00:00,178.70999999999995,178.71999999999994,178.30999999999995,178.33999999999995,1873
2026-03-19T13:30:00+00:00,178.33999999999995,178.33999999999995,174.23999999999995,174.61999999999995,3147
2026-03-19T13:35:00+00:00,174.61999999999995,174.85999999999996,173.77999999999994,174.60999999999996,4806
2026-03-19T13:40:00+00:00,174.60999999999996,174.73999999999995,174.06999999999994,174.31999999999994,4614
2026-03-19T13:45:00+00:00,174.31999999999994,174.68999999999994,174.00999999999996,174.62999999999994,4269
2026-03-19T13:50:00+00:00,174.62999999999994,175.61999999999995,174.43999999999994,175.45999999999995,3586
2026-03-19T13:55:00+00:00,175.45999999999995,175.65999999999994,175.00999999999996,175.65999999999994,2965
2026-03-19T14:00:00+00:00,175.65999999999994,175.94999999999996,175.31999999999994,175.43999999999994,3459
2026-03-19T14:05:00+00:00,175.43999999999994,175.73999999999995,175.19999999999996,175.38999999999996,3310
2026-03-19T14:10:00+00:00,175.38999999999996,176.16999999999996,175.28999999999994,176.05999999999995,3386
2026-03-19T14:15:00+00:00,176.05999999999995,176.35999999999996,175.84999999999994,176.04999999999995,3576
2026-03-19T14:20:00+00:00,176.04999999999995,176.37999999999994,175.67999999999995,175.86999999999995,3156
2026-03-19T14:25:00+00:00,175.86999999999995,176.05999999999995,175.43999999999994,175.58999999999995,2834
2026-03-19T14:30:00+00:00,175.58999999999995,176.45999999999995,175.52999999999994,176.38999999999996,3265
2026-03-19T14:35:00+00:00,176.38999999999996,176.44999999999996,175.61999999999995,175.86999999999995,3113
2026-03-19T14:40:00+00:00,175.86999999999995,176.08999999999995,175.63999999999996,175.80999999999995,2852
2026-03-19T14:45:00+00:00,175.80999999999995,176.00999999999996,175.59999999999994,175.99999999999994,2782
2026-03-19T14:50:00+00:00,175.99999999999994,176.37999999999994,175.92999999999995,176.14999999999995,2781
2026-03-19T14:55:00+00:00,176.14999999999995,176.37999999999994,175.89999999999995,176.18999999999994,2459
2026-03-19T15:00:00+00:00,176.18999999999994,176.55999999999995,176.00999999999996,176.43999999999994,2560
2026-03-19T15:05:00+00:00,176.43999999999994,176.95999999999995,176.32999999999996,176.55999999999995,2721
2026-03-19T15:10:00+00:00,176.55999999999995,177.03999999999994,176.47999999999996,176.85999999999996,2171
2026-03-19T15:15:00+00:00,176.85999999999996,177.00999999999996,176.32999999999996,176.36999999999995,2160
2026-03-19T15:20:00+00:00,176.36999999999995,176.49999999999994,176.18999999999994,176.26999999999995,2391
2026-03-19T15:25:00+00:00,176.26999999999995,176.38999999999996,176.02999999999994,176.20999999999995,2358
2026-03-19T15:30:00+00:00,176.20999999999995,176.22999999999996,175.76999999999995,175.82999999999996,2262
2026-03-19T15:35:00+00:00,175.82999999999996,176.02999999999994,175.66999999999996,176.00999999999996,2089
2026-03-19T15:40:00+00:00,176.00999999999996,176.13999999999996,175.78999999999994,175.79999999999995,2383
2026-03-19T15:45:00+00:00,175.79999999999995,176.05999999999995,175.63999999999996,175.96999999999994,2773
2026-03-19T15:50:00+00:00,175.96999999999994,176.02999999999994,175.77999999999994,175.87999999999994,2567
2026-03-19T15:55:00+00:00,175.87999999999994,176.34999999999994,175.78999999999994,176.28999999999994,2841
2026-03-19T16:00:00+00:00,176.28999999999994,176.71999999999994,176.13999999999996,176.53999999999994,2575
2026-03-19T16:05:00+00:00,176.53999999999994,176.92999999999995,176.48999999999995,176.60999999999996,2260
2026-03-19T16:10:00+00:00,176.60999999999996,176.72999999999996,176.30999999999995,176.58999999999995,2596
2026-03-19T16:15:00+00:00,176.58999999999995,176.72999999999996,176.31999999999994,176.44999999999996,2129
2026-03-19T16:20:00+00:00,176.44999999999996,176.70999999999995,176.36999999999995,176.49999999999994,1948
2026-03-19T16:25:00+00:00,176.49999999999994,176.85999999999996,176.38999999999996,176.77999999999994,1721
2026-03-19T16:30:00+00:00,176.77999999999994,176.88999999999996,176.35999999999996,176.56999999999994,2192
2026-03-19T16:35:00+00:00,176.56999999999994,176.65999999999994,176.31999999999994,176.64999999999995,1811
2026-03-19T16:40:00+00:00,176.64999999999995,176.78999999999994,176.30999999999995,176.37999999999994,1710
2026-03-19T16:45:00+00:00,176.37999999999994,176.44999999999996,176.15999999999994,176.20999999999995,1641
2026-03-19T16:50:00+00:00,176.20999999999995,176.23999999999995,176.02999999999994,176.17999999999995,1665
2026-03-19T16:55:00+00:00,176.17999999999995,176.21999999999994,176.03999999999994,176.12999999999994,1375
2026-03-19T17:00:00+00:00,176.12999999999994,176.17999999999995,175.87999999999994,175.91999999999996,1337
2026-03-19T17:05:00+00:00,175.91999999999996,175.93999999999994,175.54999999999995,175.56999999999994,1620
2026-03-19T17:10:00+00:00,175.56999999999994,175.84999999999994,175.53999999999994,175.66999999999996,1417
2026-03-19T17:15:00+00:00,175.66999999999996,176.15999999999994,175.60999999999996,176.10999999999996,1471
2026-03-19T17:20:00+00:00,176.10999999999996,176.52999999999994,176.03999999999994,176.41999999999996,1571
2026-03-19T17:25:00+00:00,176.41999999999996,176.73999999999995,176.35999999999996,176.53999999999994,1474
2026-03-19T17:30:00+00:00,176.53999999999994,176.73999999999995,176.27999999999994,176.37999999999994,1412
2026-03-19T17:35:00+00:00,176.37999999999994,176.39999999999995,176.20999999999995,176.21999999999994,1224
2026-03-19T17:40:00+00:00,176.21999999999994,176.25999999999996,176.03999999999994,176.13999999999996,1225
2026-03-19T17:45:00+00:00,176.13999999999996,176.16999999999996,175.94999999999996,176.14999999999995,874
2026-03-19T17:50:00+00:00,176.14999999999995,176.51999999999995,176.09999999999994,176.39999999999995,1197
2026-03-19T17:55:00+00:00,176.39999999999995,176.40999999999994,176.15999999999994,176.22999999999996,1136
2026-03-19T18:00:00+00:00,176.22999999999996,176.24999999999994,176.05999999999995,176.08999999999995,1200
2026-03-19T18:05:00+00:00,176.08999999999995,176.47999999999996,176.06999999999994,176.40999999999994,1209
2026-03-19T18:10:00+00:00,176.40999999999994,176.91999999999996,176.39999999999995,176.84999999999994,1272
2026-03-19T18:15:00+00:00,176.84999999999994,176.91999999999996,176.68999999999994,176.90999999999994,1208
2026-03-19T18:20:00+00:00,176.90999999999994,177.22999999999996,176.88999999999996,176.95999999999995,1290
2026-03-19T18:25:00+00:00,176.95999999999995,177.10999999999996,176.75999999999996,176.94999999999996,968
2026-03-19T18:30:00+00:00,176.94999999999996,176.97999999999996,176.68999999999994,176.77999999999994,1324
2026-03-19T18:35:00+00:00,176.77999999999994,176.85999999999996,176.48999999999995,176.62999999999994,1074
2026-03-19T18:40:00+00:00,176.62999999999994,176.64999999999995,176.21999999999994,176.25999999999996,939
2026-03-19T18:45:00+00:00,176.25999999999996,176.38999999999996,176.18999999999994,176.27999999999994,1150
2026-03-19T18:50:00+00:00,176.27999999999994,176.27999999999994,176.06999999999994,176.17999999999995,1091
2026-03-19T18:55:00+00:00,176.17999999999995,176.70999999999995,176.07999999999996,176.62999999999994,1824
2026-03-19T19:00:00+00:00,176.62999999999994,177.07999999999996,176.55999999999995,176.77999999999994,3131
2026-03-19T19:05:00+00:00,176.77999999999994,177.77999999999994,176.76999999999995,177.57999999999996,4455
2026-03-19T19:10:00+00:00,177.57999999999996,177.91999999999996,177.23999999999995,177.68999999999994,4371
2026-03-19T19:15:00+00:00,177.68999999999994,177.96999999999994,177.60999999999996,177.80999999999995,3559
2026-03-19T19:20:00+00:00,177.80999999999995,177.83999999999995,177.15999999999994,177.27999999999994,3150
2026-03-19T19:25:00+00:00,177.27999999999994,177.32999999999996,176.86999999999995,177.12999999999994,2998
2026-03-19T19:30:00+00:00,177.12999999999994,177.12999999999994,176.53999999999994,176.55999999999995,3015
2026-03-19T19:35:00+00:00,176.55999999999995,176.65999999999994,176.27999999999994,176.55999999999995,2733
2026-03-19T19:40:00+00:00,176.55999999999995,176.66999999999996,176.18999999999994,176.35999999999996,2534
2026-03-19T19:45:00+00:00,176.35999999999996,176.51999999999995,176.14999999999995,176.25999999999996,2138
2026-03-19T19:50:00+00:00,176.25999999999996,176.61999999999995,175.88999999999996,176.33999999999995,2481
2026-03-19T19:55:00+00:00,176.33999999999995,176.86999999999995,176.33999999999995,176.52999999999994,2264
2026-03-20T13:30:00+00:00,176.52999999999994,176.52999999999994,174.72999999999996,175.13999999999996,2729
2026-03-20T13:35:00+00:00,175.13999999999996,175.44999999999996,174.85999999999996,174.99999999999994,3774
2026-03-20T13:40:00+00:00,174.99999999999994,176.00999999999996,174.94999999999996,175.68999999999994,3569
2026-03-20T13:45:00+00:00,175.68999999999994,175.81999999999994,175.04999999999995,175.34999999999994,3546
2026-03-20T13:50:00+00:00,175.34999999999994,175.49999999999994,174.61999999999995,174.81999999999994,3150
2026-03-20T13:55:00+00:00,174.81999999999994,174.88999999999996,173.81999999999994,173.81999999999994,2662
2026-03-20T14:00:00+00:00,173.81999999999994,174.15999999999994,173.58999999999995,174.01999999999995,3433
2026-03-20T14:05:00+00:00,174.01999999999995,174.27999999999994,173.78999999999994,174.13999999999996,3174
2026-03-20T14:10:00+00:00,174.13999999999996,174.31999999999994,173.40999999999994,173.54999999999995,3187
2026-03-20T14:15:00+00:00,173.54999999999995,174.25999999999996,173.42999999999995,174.19999999999996,3034
2026-03-20T14:20:00+00:00,174.19999999999996,174.23999999999995,173.64999999999995,173.83999999999995,3238
2026-03-20T14:25:00+00:00,173.83999999999995,173.95999999999995,173.48999999999995,173.72999999999996,2733
2026-03-20T14:30:00+00:00,173.72999999999996,173.96999999999994,173.60999999999996,173.90999999999994,2818
2026-03-20T14:35:00+00:00,173.90999999999994,174.08999999999995,173.53999999999994,173.65999999999994,2501
2026-03-20T14:40:00+00:00,173.65999999999994,173.76999999999995,173.50999999999996,173.64999999999995,2119
2026-03-20T14:45:00+00:00,173.64999999999995,173.67999999999995,173.23999999999995,173.46999999999994,2377
2026-03-20T14:50:00+00:00,173.46999999999994,173.63999999999996,172.97999999999996,173.03999999999994,2287
2026-03-20T14:55:00+00:00,173.03999999999994,173.85999999999996,173.03999999999994,173.81999999999994,2417
2026-03-20T15:00:00+00:00,173.81999999999994,174.22999999999996,173.52999999999994,173.61999999999995,2578
2026-03-20T15:05:00+00:00,173.61999999999995,173.83999999999995,173.52999999999994,173.80999999999995,2339
2026-03-20T15:10:00+00:00,173.80999999999995,174.11999999999995,173.77999999999994,174.05999999999995,2002
2026-03-20T15:15:00+00:00,174.05999999999995,174.18999999999994,173.60999999999996,173.62999999999994,1819
2026-03-20T15:20:00+00:00,173.62999999999994,174.09999999999994,173.57999999999996,173.63999999999996,2666
2026-03-20T15:25:00+00:00,173.63999999999996,173.74999999999994,173.45999999999995,173.68999999999994,2727
2026-03-20T15:30:00+00:00,173.68999999999994,173.83999999999995,173.52999999999994,173.80999999999995,2035
2026-03-20T15:35:00+00:00,173.80999999999995,173.90999999999994,173.54999999999995,173.74999999999994,2005
2026-03-20T15:40:00+00:00,173.74999999999994,173.91999999999996,173.58999999999995,173.81999999999994,1766
2026-03-20T15:45:00+00:00,173.81999999999994,173.96999999999994,173.66999999999996,173.84999999999994,1706
2026-03-20T15:50:00+00:00,173.84999999999994,173.98999999999995,173.69999999999996,173.97999999999996,1897
2026-03-20T15:55:00+00:00,173.97999999999996,174.01999999999995,173.80999999999995,173.84999999999994,1203
2026-03-20T16:00:00+00:00,173.84999999999994,174.19999999999996,173.75999999999996,174.09999999999994,1525
2026-03-20T16:05:00+00:00,174.09999999999994,174.12999999999994,173.85999999999996,174.02999999999994,1669
2026-03-20T16:10:00+00:00,174.02999999999994,174.39999999999995,173.96999999999994,174.34999999999994,1479
2026-03-20T16:15:00+00:00,174.34999999999994,174.43999999999994,174.05999999999995,174.40999999999994,1496
2026-03-20T16:20:00+00:00,174.40999999999994,174.43999999999994,174.09999999999994,174.12999999999994,1424
2026-03-20T16:25:00+00:00,174.12999999999994,174.16999999999996,173.84999999999994,173.96999999999994,1362
2026-03-20T16:30:00+00:00,173.96999999999994,173.97999999999996,173.50999999999996,173.60999999999996,1780
2026-03-20T16:35:00+00:00,173.60999999999996,173.80999999999995,173.52999999999994,173.61999999999995,1447
2026-03-20T16:40:00+00:00,173.61999999999995,173.82999999999996,173.58999999999995,173.69999999999996,1351
2026-03-20T16:45:00+00:00,173.69999999999996,173.76999999999995,173.40999999999994,173.49999999999994,931
2026-03-20T16:50:00+00:00,173.49999999999994,173.63999999999996,173.36999999999995,173.58999999999995,1177
2026-03-20T16:55:00+00:00,173.58999999999995,173.88999999999996,173.49999999999994,173.58999999999995,1331
2026-03-20T17:00:00+00:00,173.58999999999995,173.90999999999994,173.58999999999995,173.80999999999995,992
2026-03-20T17:05:00+00:00,173.80999999999995,173.86999999999995,173.45999999999995,173.71999999999994,2786
2026-03-20T17:10:00+00:00,173.71999999999994,173.76999999999995,173.32999999999996,173.36999999999995,1382
2026-03-20T17:15:00+00:00,173.36999999999995,173.43999999999994,173.23999999999995,173.33999999999995,1083
2026-03-20T17:20:00+00:00,173.33999999999995,173.48999999999995,173.31999999999994,173.35999999999996,1383
2026-03-20T17:25:00+00:00,173.35999999999996,173.39999999999995,173.00999999999996,173.04999999999995,1104
2026-03-20T17:30:00+00:00,173.04999999999995,173.07999999999996,172.77999999999994,172.87999999999994,1157
2026-03-20T17:35:00+00:00,172.87999999999994,172.94999999999996,172.50999999999996,172.77999999999994,1720
2026-03-20T17:40:00+00:00,172.77999999999994,172.86999999999995,172.52999999999994,172.55999999999995,1246
2026-03-20T17:45:00+00:00,172.55999999999995,172.73999999999995,172.48999999999995,172.65999999999994,1070
2026-03-20T17:50:00+00:00,172.65999999999994,172.87999999999994,172.57999999999996,172.81999999999994,1257
2026-03-20T17:55:00+00:00,172.81999999999994,172.97999999999996,172.80999999999995,172.91999999999996,1097
2026-03-20T18:00:00+00:00,172.91999999999996,172.99999999999994,172.61999999999995,172.61999999999995,1024
2026-03-20T18:05:00+00:00,172.61999999999995,172.75999999999996,172.52999999999994,172.70999999999995,1081
2026-03-20T18:10:00+00:00,172.70999999999995,172.77999999999994,172.53999999999994,172.59999999999994,860
2026-03-20T18:15:00+00:00,172.59999999999994,172.67999999999995,172.54999999999995,172.64999999999995,890
2026-03-20T18:20:00+00:00,172.64999999999995,172.75999999999996,171.92999999999995,172.03999999999994,2663
2026-03-20T18:25:00+00:00,172.03999999999994,172.35999999999996,172.03999999999994,172.22999999999996,2126
2026-03-20T18:30:00+00:00,172.22999999999996,172.31999999999994,171.81999999999994,171.98999999999995,1426
2026-03-20T18:35:00+00:00,171.98999999999995,172.00999999999996,171.57999999999996,171.73999999999995,1542
2026-03-20T18:40:00+00:00,171.73999999999995,171.90999999999994,171.58999999999995,171.60999999999996,1444
2026-03-20T18:45:00+00:00,171.60999999999996,171.76999999999995,171.40999999999994,171.49999999999994,1184
2026-03-20T18:50:00+00:00,171.49999999999994,171.68999999999994,171.43999999999994,171.49999999999994,1407
2026-03-20T18:55:00+00:00,171.49999999999994,171.59999999999994,171.24999999999994,171.44999999999996,1667
2026-03-20T19:00:00+00:00,171.44999999999996,171.73999999999995,171.41999999999996,171.48999999999995,1832
2026-03-20T19:05:00+00:00,171.48999999999995,171.55999999999995,170.95999999999995,171.31999999999994,1624
2026-03-20T19:10:00+00:00,171.31999999999994,171.39999999999995,170.97999999999996,171.18999999999994,1396
2026-03-20T19:15:00+00:00,171.18999999999994,171.33999999999995,171.01999999999995,171.21999999999994,1435
2026-03-20T19:20:00+00:00,171.21999999999994,171.21999999999994,170.64999999999995,170.67999999999995,1338
2026-03-20T19:25:00+00:00,170.67999999999995,170.84999999999994,170.34999999999994,170.39999999999995,1421
2026-03-20T19:30:00+00:00,170.39999999999995,170.65999999999994,170.22999999999996,170.28999999999994,1896
2026-03-20T19:35:00+00:00,170.28999999999994,170.36999999999995,169.69999999999996,170.05999999999995,1941
2026-03-20T19:40:00+00:00,170.05999999999995,170.77999999999994,169.93999999999994,170.72999999999996,2259
2026-03-20T19:45:00+00:00,170.72999999999996,171.02999999999994,170.59999999999994,170.65999999999994,2388
2026-03-20T19:50:00+00:00,170.65999999999994,170.70999999999995,170.09999999999994,170.64999999999995,2684
2026-03-20T19:55:00+00:00,170.64999999999995,170.98999999999995,170.41999999999996,170.96999999999994,2134
2026-03-23T13:30:00+00:00,170.96999999999994,175.63999999999996,170.96999999999994,174.98999999999995,3276
2026-03-23T13:35:00+00:00,174.98999999999995,175.56999999999994,174.67999999999995,175.28999999999994,5416
2026-03-23T13:40:00+00:00,175.28999999999994,175.45999999999995,174.50999999999996,174.53999999999994,4647
2026-03-23T13:45:00+00:00,174.53999999999994,175.44999999999996,174.41999999999996,175.41999999999996,4531
2026-03-23T13:50:00+00:00,175.41999999999996,175.51999999999995,174.88999999999996,175.31999999999994,3904
2026-03-23T13:55:00+00:00,175.31999999999994,175.88999999999996,175.18999999999994,175.81999999999994,3388
2026-03-23T14:00:00+00:00,175.81999999999994,175.93999999999994,175.13999999999996,175.23999999999995,3632
2026-03-23T14:05:00+00:00,175.23999999999995,175.27999999999994,174.65999999999994,174.89999999999995,3971
2026-03-23T14:10:00+00:00,174.89999999999995,175.49999999999994,174.71999999999994,175.28999999999994,3542
2026-03-23T14:15:00+00:00,175.28999999999994,175.67999999999995,175.22999999999996,175.52999999999994,2831
2026-03-23T14:20:00+00:00,175.52999999999994,176.20999999999995,175.40999999999994,176.01999999999995,2581
2026-03-23T14:25:00+00:00,176.01999999999995,176.01999999999995,175.63999999999996,175.84999999999994,2854
2026-03-23T14:30:00+00:00,175.84999999999994,175.98999999999995,175.57999999999996,175.84999999999994,2906
2026-03-23T14:35:00+00:00,175.84999999999994,176.06999999999994,175.62999999999994,175.70999999999995,2806
2026-03-23T14:40:00+00:00,175.70999999999995,175.78999999999994,175.37999999999994,175.41999999999996,2757
2026-03-23T14:45:00+00:00,175.41999999999996,175.73999999999995,175.20999999999995,175.65999999999994,3036
2026-03-23T14:50:00+00:00,175.65999999999994,175.71999999999994,175.23999999999995,175.56999999999994,3023
2026-03-23T14:55:00+00:00,175.56999999999994,175.75999999999996,175.35999999999996,175.63999999999996,2434
2026-03-23T15:00:00+00:00,175.63999999999996,176.25999999999996,175.50999999999996,176.13999999999996,2586
2026-03-23T15:05:00+00:00,176.13999999999996,176.28999999999994,176.01999999999995,176.18999999999994,2300
2026-03-23T15:10:00+00:00,176.18999999999994,176.34999999999994,175.93999999999994,175.97999999999996,2136
2026-03-23T15:15:00+00:00,175.97999999999996,176.02999999999994,175.66999999999996,175.70999999999995,2186
2026-03-23T15:20:00+00:00,175.70999999999995,175.82999999999996,175.38999999999996,175.73999999999995,2440
2026-03-23T15:25:00+00:00,175.73999999999995,175.81999999999994,175.37999999999994,175.55999999999995,2280
2026-03-23T15:30:00+00:00,175.55999999999995,175.76999999999995,175.29999999999995,175.34999999999994,2383
2026-03-23T15:35:00+00:00,175.34999999999994,175.36999999999995,174.69999999999996,174.77999999999994,2450
2026-03-23T15:40:00+00:00,174.77999999999994,174.93999999999994,174.50999999999996,174.66999999999996,2481
2026-03-23T15:45:00+00:00,174.66999999999996,174.69999999999996,174.13999999999996,174.24999999999994,2762
2026-03-23T15:50:00+00:00,174.24999999999994,174.34999999999994,173.47999999999996,173.57999999999996,3499
2026-03-23T15:55:00+00:00,173.57999999999996,173.67999999999995,173.00999999999996,173.09999999999994,4018
2026-03-23T16:00:00+00:00,173.09999999999994,173.53999999999994,173.07999999999996,173.11999999999995,3890
2026-03-23T16:05:00+00:00,173.11999999999995,173.74999999999994,173.04999999999995,173.53999999999994,3664
2026-03-23T16:10:00+00:00,173.53999999999994,173.72999999999996,173.38999999999996,173.61999999999995,3118
2026-03-23T16:15:00+00:00,173.61999999999995,173.65999999999994,173.15999999999994,173.17999999999995,3006
2026-03-23T16:20:00+00:00,173.17999999999995,173.35999999999996,173.00999999999996,173.30999999999995,3090
2026-03-23T16:25:00+00:00,173.30999999999995,173.32999999999996,172.73999999999995,172.80999999999995,3078
2026-03-23T16:30:00+00:00,172.80999999999995,173.38999999999996,172.76999999999995,173.36999999999995,3182
2026-03-23T16:35:00+00:00,173.36999999999995,173.60999999999996,173.31999999999994,173.37999999999994,2939
2026-03-23T16:40:00+00:00,173.37999999999994,173.63999999999996,173.35999999999996,173.55999999999995,2538
2026-03-23T16:45:00+00:00,173.55999999999995,173.85999999999996,173.51999999999995,173.72999999999996,3065
2026-03-23T16:50:00+00:00,173.72999999999996,173.86999999999995,173.54999999999995,173.63999999999996,2627
2026-03-23T16:55:00+00:00,173.63999999999996,173.76999999999995,173.42999999999995,173.51999999999995,2294
2026-03-23T17:00:00+00:00,173.51999999999995,173.66999999999996,173.16999999999996,173.20999999999995,2229
2026-03-23T17:05:00+00:00,173.20999999999995,173.58999999999995,173.12999999999994,173.54999999999995,2304
2026-03-23T17:10:00+00:00,173.54999999999995,173.55999999999995,173.24999999999994,173.29999999999995,1998
2026-03-23T17:15:00+00:00,173.29999999999995,173.44999999999996,173.04999999999995,173.27999999999994,2231
2026-03-23T17:20:00+00:00,173.27999999999994,173.28999999999994,172.95999999999995,173.16999999999996,1817
2026-03-23T17:25:00+00:00,173.16999999999996,173.42999999999995,173.11999999999995,173.27999999999994,1970
2026-03-23T17:30:00+00:00,173.27999999999994,173.81999999999994,173.23999999999995,173.55999999999995,2173
2026-03-23T17:35:00+00:00,173.55999999999995,174.04999999999995,173.52999999999994,173.94999999999996,2654
2026-03-23T17:40:00+00:00,173.94999999999996,174.01999999999995,173.61999999999995,173.80999999999995,2017
2026-03-23T17:45:00+00:00,173.80999999999995,173.87999999999994,173.62999999999994,173.79999999999995,1643
2026-03-23T17:50:00+00:00,173.79999999999995,174.01999999999995,173.72999999999996,173.94999999999996,1439
2026-03-23T17:55:00+00:00,173.94999999999996,174.19999999999996,173.79999999999995,174.17999999999995,1481
2026-03-23T18:00:00+00:00,174.17999999999995,174.37999999999994,174.04999999999995,174.30999999999995,1132
2026-03-23T18:05:00+00:00,174.30999999999995,174.34999999999994,173.82999999999996,174.14999999999995,2310
2026-03-23T18:10:00+00:00,174.14999999999995,174.38999999999996,174.08999999999995,174.18999999999994,2059
2026-03-23T18:15:00+00:00,174.18999999999994,174.27999999999994,173.96999999999994,174.02999999999994,1678
2026-03-23T18:20:00+00:00,174.02999999999994,174.23999999999995,174.00999999999996,174.17999999999995,1514
2026-03-23T18:25:00+00:00,174.17999999999995,174.29999999999995,174.05999999999995,174.07999999999996,1606
2026-03-23T18:30:00+00:00,174.07999999999996,174.62999999999994,174.06999999999994,174.62999999999994,1627
2026-03-23T18:35:00+00:00,174.62999999999994,174.94999999999996,174.38999999999996,174.58999999999995,2461
2026-03-23T18:40:00+00:00,174.58999999999995,174.67999999999995,174.34999999999994,174.51999999999995,1790
2026-03-23T18:45:00+00:00,174.51999999999995,174.73999999999995,174.41999999999996,174.63999999999996,1465
2026-03-23T18:50:00+00:00,174.63999999999996,174.69999999999996,174.45999999999995,174.53999999999994,1367
2026-03-23T18:55:00+00:00,174.53999999999994,174.69999999999996,174.46999999999994,174.55999999999995,1055
2026-03-23T19:00:00+00:00,174.55999999999995,174.63999999999996,174.24999999999994,174.38999999999996,1488
2026-03-23T19:05:00+00:00,174.38999999999996,174.63999999999996,174.31999999999994,174.60999999999996,1327
2026-03-23T19:10:00+00:00,174.60999999999996,174.60999999999996,174.34999999999994,174.42999999999995,1165
2026-03-23T19:15:00+00:00,174.42999999999995,174.55999999999995,174.22999999999996,174.43999999999994,1230
2026-03-23T19:20:00+00:00,174.43999999999994,174.48999999999995,174.18999999999994,174.31999999999994,1168
2026-03-23T19:25:00+00:00,174.31999999999994,174.41999999999996,174.15999999999994,174.20999999999995,1442
2026-03-23T19:30:00+00:00,174.20999999999995,174.49999999999994,174.14999999999995,174.43999999999994,1124
2026-03-23T19:35:00+00:00,174.43999999999994,174.62999999999994,174.33999999999995,174.44999999999996,1252
2026-03-23T19:40:00+00:00,174.44999999999996,174.59999999999994,174.37999999999994,174.56999999999994,859
2026-03-23T19:45:00+00:00,174.56999999999994,174.67999999999995,174.45999999999995,174.58999999999995,887
2026-03-23T19:50:00+00:00,174.58999999999995,174.62999999999994,173.79999999999995,173.87999999999994,1869
2026-03-23T19:55:00+00:00,173.87999999999994,174.08999999999995,173.49999999999994,173.50999999999996,2238
2026-03-24T13:30:00+00:00,173.50999999999996,173.88999999999996,172.54999999999995,173.59999999999994,1869
2026-03-24T13:35:00+00:00,173.59999999999994,173.66999999999996,173.02999999999994,173.11999999999995,4234
2026-03-24T13:40:00+00:00,173.11999999999995,173.16999999999996,172.37999999999994,172.74999999999994,2490
2026-03-24T13:45:00+00:00,172.74999999999994,173.28999999999994,172.64999999999995,172.67999999999995,2063
2026-03-24T13:50:00+00:00,172.67999999999995,172.80999999999995,172.07999999999996,172.36999999999995,3458
2026-03-24T13:55:00+00:00,172.36999999999995,173.08999999999995,172.32999999999996,172.91999999999996,3283
2026-03-24T14:00:00+00:00,172.91999999999996,173.30999999999995,172.63999999999996,172.72999999999996,3441
2026-03-24T14:05:00+00:00,172.72999999999996,172.90999999999994,172.49999999999994,172.80999999999995,3021
2026-03-24T14:10:00+00:00,172.80999999999995,172.89999999999995,171.98999999999995,172.26999999999995,3168
2026-03-24T14:15:00+00:00,172.26999999999995,172.72999999999996,172.17999999999995,172.64999999999995,3109
2026-03-24T14:20:00+00:00,172.64999999999995,172.69999999999996,172.08999999999995,172.29999999999995,2786
2026-03-24T14:25:00+00:00,172.29999999999995,172.55999999999995,171.95999999999995,172.24999999999994,2957
2026-03-24T14:30:00+00:00,172.24999999999994,172.54999999999995,172.10999999999996,172.52999999999994,2528
2026-03-24T14:35:00+00:00,172.52999999999994,172.74999999999994,172.17999999999995,172.28999999999994,2658
2026-03-24T14:40:00+00:00,172.28999999999994,172.66999999999996,172.20999999999995,172.62999999999994,2352
2026-03-24T14:45:00+00:00,172.62999999999994,172.83999999999995,172.17999999999995,172.43999999999994,2555
2026-03-24T14:50:00+00:00,172.43999999999994,173.33999999999995,172.26999999999995,172.93999999999994,4319
2026-03-24T14:55:00+00:00,172.93999999999994,173.35999999999996,172.21999999999994,172.76999999999995,4041
2026-03-24T15:00:00+00:00,172.76999999999995,173.36999999999995,172.75999999999996,173.17999999999995,3795
2026-03-24T15:05:00+00:00,173.17999999999995,173.30999999999995,173.10999999999996,173.17999999999995,2761
2026-03-24T15:10:00+00:00,173.17999999999995,173.58999999999995,173.03999999999994,173.39999999999995,2667
2026-03-24T15:15:00+00:00,173.39999999999995,173.87999999999994,173.35999999999996,173.80999999999995,2329
2026-03-24T15:20:00+00:00,173.80999999999995,174.07999999999996,173.61999999999995,173.94999999999996,2500
2026-03-24T15:25:00+00:00,173.94999999999996,174.14999999999995,173.52999999999994,173.60999999999996,1996
2026-03-24T15:30:00+00:00,173.60999999999996,173.88999999999996,173.37999999999994,173.56999999999994,1986
2026-03-24T15:35:00+00:00,173.56999999999994,173.85999999999996,173.54999999999995,173.71999999999994,1615
2026-03-24T15:40:00+00:00,173.71999999999994,173.82999999999996,173.55999999999995,173.60999999999996,1510
2026-03-24T15:45:00+00:00,173.60999999999996,173.71999999999994,173.46999999999994,173.69999999999996,1537
2026-03-24T15:50:00+00:00,173.69999999999996,173.82999999999996,173.64999999999995,173.72999999999996,1200
2026-03-24T15:55:00+00:00,173.72999999999996,173.74999999999994,173.19999999999996,173.30999999999995,2237
2026-03-24T16:00:00+00:00,173.30999999999995,173.38999999999996,173.01999999999995,173.14999999999995,2025
2026-03-24T16:05:00+00:00,173.14999999999995,173.32999999999996,172.89999999999995,173.32999999999996,1924
2026-03-24T16:10:00+00:00,173.32999999999996,173.37999999999994,172.95999999999995,173.18999999999994,1735
2026-03-24T16:15:00+00:00,173.18999999999994,173.48999999999995,173.17999999999995,173.39999999999995,1504
2026-03-24T16:20:00+00:00,173.39999999999995,173.70999999999995,173.32999999999996,173.56999999999994,1245
2026-03-24T16:25:00+00:00,173.56999999999994,173.58999999999995,173.24999999999994,173.30999999999995,1359
2026-03-24T16:30:00+00:00,173.30999999999995,173.46999999999994,173.09999999999994,173.09999999999994,1239
2026-03-24T16:35:00+00:00,173.09999999999994,173.12999999999994,172.64999999999995,172.65999999999994,1579
2026-03-24T16:40:00+00:00,172.65999999999994,173.10999999999996,172.65999999999994,173.08999999999995,1850
2026-03-24T16:45:00+00:00,173.08999999999995,173.37999999999994,173.06999999999994,173.23999999999995,1622
2026-03-24T16:50:00+00:00,173.23999999999995,173.40999999999994,173.15999999999994,173.16999999999996,1372
2026-03-24T16:55:00+00:00,173.16999999999996,173.23999999999995,172.90999999999994,173.12999999999994,1554
2026-03-24T17:00:00+00:00,173.12999999999994,173.26999999999995,172.78999999999994,172.79999999999995,1460
2026-03-24T17:05:00+00:00,172.79999999999995,172.92999999999995,172.49999999999994,172.64999999999995,3154
2026-03-24T17:10:00+00:00,172.64999999999995,172.76999999999995,172.38999999999996,172.55999999999995,2193
2026-03-24T17:15:00+00:00,172.55999999999995,172.64999999999995,172.35999999999996,172.46999999999994,1955
2026-03-24T17:20:00+00:00,172.46999999999994,172.70999999999995,172.41999999999996,172.55999999999995,1726
2026-03-24T17:25:00+00:00,172.55999999999995,172.73999999999995,172.47999999999996,172.69999999999996,1536
2026-03-24T17:30:00+00:00,172.69999999999996,172.88999999999996,172.55999999999995,172.61999999999995,1779
2026-03-24T17:35:00+00:00,172.61999999999995,172.86999999999995,172.55999999999995,172.75999999999996,1585
2026-03-24T17:40:00+00:00,172.75999999999996,172.82999999999996,172.37999999999994,172.55999999999995,1346
2026-03-24T17:45:00+00:00,172.55999999999995,172.72999999999996,172.46999999999994,172.64999999999995,1083
2026-03-24T17:50:00+00:00,172.64999999999995,172.98999999999995,172.57999999999996,172.92999999999995,1697
2026-03-24T17:55:00+00:00,172.92999999999995,173.36999999999995,172.84999999999994,173.34999999999994,3315
2026-03-24T18:00:00+00:00,173.34999999999994,173.58999999999995,173.24999999999994,173.48999999999995,2026
2026-03-24T18:05:00+00:00,173.48999999999995,173.55999999999995,173.14999999999995,173.27999999999994,1566
2026-03-24T18:10:00+00:00,173.27999999999994,173.40999999999994,173.16999999999996,173.26999999999995,1204
2026-03-24T18:15:00+00:00,173.26999999999995,173.35999999999996,173.02999999999994,173.28999999999994,1759
2026-03-24T18:20:00+00:00,173.28999999999994,173.41999999999996,173.19999999999996,173.32999999999996,1519
2026-03-24T18:25:00+00:00,173.32999999999996,173.54999999999995,173.29999999999995,173.41999999999996,1486
2026-03-24T18:30:00+00:00,173.41999999999996,173.81999999999994,173.29999999999995,173.71999999999994,1695
2026-03-24T18:35:00+00:00,173.71999999999994,174.16999999999996,173.68999999999994,174.11999999999995,1705
2026-03-24T18:40:00+00:00,174.11999999999995,174.20999999999995,173.69999999999996,173.77999999999994,2279
2026-03-24T18:45:00+00:00,173.77999999999994,173.87999999999994,173.49999999999994,173.57999999999996,1319
2026-03-24T18:50:00+00:00,173.57999999999996,173.76999999999995,173.50999999999996,173.66999999999996,968
2026-03-24T18:55:00+00:00,173.66999999999996,173.66999999999996,173.27999999999994,173.48999999999995,1191
2026-03-24T19:00:00+00:00,173.48999999999995,173.72999999999996,173.45999999999995,173.55999999999995,1205
2026-03-24T19:05:00+00:00,173.55999999999995,173.64999999999995,173.42999999999995,173.57999999999996,1119
2026-03-24T19:10:00+00:00,173.57999999999996,173.73999999999995,173.53999999999994,173.65999999999994,920
2026-03-24T19:15:00+00:00,173.65999999999994,173.73999999999995,173.55999999999995,173.69999999999996,1045
2026-03-24T19:20:00+00:00,173.69999999999996,173.73999999999995,173.41999999999996,173.59999999999994,1044
2026-03-24T19:25:00+00:00,173.59999999999994,173.70999999999995,173.45999999999995,173.49999999999994,918
2026-03-24T19:30:00+00:00,173.49999999999994,173.60999999999996,173.22999999999996,173.34999999999994,1401
2026-03-24T19:35:00+00:00,173.34999999999994,173.46999999999994,173.12999999999994,173.22999999999996,1360
2026-03-24T19:40:00+00:00,173.22999999999996,173.33999999999995,173.08999999999995,173.12999999999994,1240
2026-03-24T19:45:00+00:00,173.12999999999994,173.12999999999994,172.83999999999995,173.05999999999995,1223
2026-03-24T19:50:00+00:00,173.05999999999995,173.29999999999995,173.02999999999994,173.09999999999994,1716
2026-03-24T19:55:00+00:00,173.09999999999994,173.30999999999995,172.93999999999994,173.28999999999994,1480
2026-03-25T13:30:00+00:00,173.28999999999994,176.80999999999995,173.28999999999994,176.72999999999996,2539
2026-03-25T13:35:00+00:00,176.72999999999996,177.78999999999994,176.72999999999996,177.48999999999995,3826
2026-03-25T13:40:00+00:00,177.48999999999995,177.82999999999996,177.07999999999996,177.20999999999995,3618
2026-03-25T13:45:00+00:00,177.20999999999995,177.22999999999996,176.47999999999996,176.51999999999995,3241
2026-03-25T13:50:00+00:00,176.51999999999995,176.68999999999994,176.12999999999994,176.50999999999996,3295
2026-03-25T13:55:00+00:00,176.50999999999996,176.81999999999994,176.03999999999994,176.14999999999995,3303
2026-03-25T14:00:00+00:00,176.14999999999995,176.95999999999995,175.86999999999995,176.74999999999994,3487
2026-03-25T14:05:00+00:00,176.74999999999994,177.43999999999994,176.72999999999996,177.38999999999996,3350
2026-03-25T14:10:00+00:00,177.38999999999996,177.51999999999995,177.12999999999994,177.31999999999994,2760
2026-03-25T14:15:00+00:00,177.31999999999994,177.61999999999995,177.12999999999994,177.41999999999996,2550
2026-03-25T14:20:00+00:00,177.41999999999996,178.22999999999996,177.37999999999994,177.84999999999994,2761
2026-03-25T14:25:00+00:00,177.84999999999994,178.28999999999994,177.82999999999996,178.03999999999994,3421
2026-03-25T14:30:00+00:00,178.03999999999994,178.30999999999995,177.80999999999995,178.07999999999996,2851
2026-03-25T14:35:00+00:00,178.07999999999996,178.21999999999994,177.97999999999996,178.12999999999994,2390
2026-03-25T14:40:00+00:00,178.12999999999994,178.61999999999995,178.00999999999996,178.52999999999994,2044
2026-03-25T14:45:00+00:00,178.52999999999994,178.99999999999994,178.45999999999995,178.82999999999996,1690
2026-03-25T14:50:00+00:00,178.82999999999996,179.19999999999996,178.70999999999995,178.99999999999994,2105
2026-03-25T14:55:00+00:00,178.99999999999994,179.03999999999994,178.37999999999994,178.48999999999995,2229
2026-03-25T15:00:00+00:00,178.48999999999995,178.51999999999995,178.15999999999994,178.27999999999994,1845
2026-03-25T15:05:00+00:00,178.27999999999994,178.27999999999994,177.80999999999995,177.85999999999996,2025
2026-03-25T15:10:00+00:00,177.85999999999996,178.02999999999994,177.69999999999996,177.83999999999995,2291
2026-03-25T15:15:00+00:00,177.83999999999995,177.95999999999995,177.17999999999995,177.68999999999994,3819
2026-03-25T15:20:00+00:00,177.68999999999994,178.25999999999996,177.61999999999995,178.08999999999995,2898
2026-03-25T15:25:00+00:00,178.08999999999995,178.20999999999995,177.88999999999996,177.97999999999996,2555
2026-03-25T15:30:00+00:00,177.97999999999996,178.03999999999994,177.66999999999996,177.91999999999996,2222
2026-03-25T15:35:00+00:00,177.91999999999996,177.97999999999996,177.42999999999995,177.60999999999996,2223
2026-03-25T15:40:00+00:00,177.60999999999996,177.76999999999995,177.22999999999996,177.53999999999994,2047
2026-03-25T15:45:00+00:00,177.53999999999994,177.62999999999994,177.31999999999994,177.47999999999996,1926
2026-03-25T15:50:00+00:00,177.47999999999996,177.67999999999995,177.15999999999994,177.21999999999994,1975
2026-03-25T15:55:00+00:00,177.21999999999994,177.46999999999994,177.11999999999995,177.33999999999995,2349
2026-03-25T16:00:00+00:00,177.33999999999995,177.42999999999995,176.89999999999995,176.89999999999995,2025
2026-03-25T16:05:00+00:00,176.89999999999995,177.21999999999994,176.70999999999995,177.15999999999994,1962
2026-03-25T16:10:00+00:00,177.15999999999994,177.15999999999994,176.92999999999995,177.11999999999995,1543
2026-03-25T16:15:00+00:00,177.11999999999995,177.19999999999996,176.85999999999996,176.92999999999995,1451
2026-03-25T16:20:00+00:00,176.92999999999995,177.22999999999996,176.81999999999994,177.13999999999996,1914
2026-03-25T16:25:00+00:00,177.13999999999996,177.41999999999996,177.03999999999994,177.10999999999996,3036
2026-03-25T16:30:00+00:00,177.10999999999996,177.32999999999996,176.93999999999994,177.20999999999995,2208
2026-03-25T16:35:00+00:00,177.20999999999995,177.24999999999994,176.97999999999996,177.06999999999994,1764
2026-03-25T16:40:00+00:00,177.06999999999994,177.21999999999994,176.90999999999994,177.18999999999994,1158
2026-03-25T16:45:00+00:00,177.18999999999994,177.20999999999995,177.00999999999996,177.14999999999995,931
2026-03-25T16:50:00+00:00,177.14999999999995,177.28999999999994,176.88999999999996,177.22999999999996,1312
2026-03-25T16:55:00+00:00,177.22999999999996,177.25999999999996,176.83999999999995,176.91999999999996,1120
2026-03-25T17:00:00+00:00,176.91999999999996,177.08999999999995,176.64999999999995,176.67999999999995,1499
2026-03-25T17:05:00+00:00,176.67999999999995,176.83999999999995,176.48999999999995,176.54999999999995,1587
2026-03-25T17:10:00+00:00,176.54999999999995,176.97999999999996,176.50999999999996,176.90999999999994,1361
2026-03-25T17:15:00+00:00,176.90999999999994,176.91999999999996,176.52999999999994,176.69999999999996,1504
2026-03-25T17:20:00+00:00,176.69999999999996,176.95999999999995,176.63999999999996,176.84999999999994,1230
2026-03-25T17:25:00+00:00,176.84999999999994,177.11999999999995,176.81999999999994,176.90999999999994,1422
2026-03-25T17:30:00+00:00,176.90999999999994,176.93999999999994,176.63999999999996,176.75999999999996,1377
2026-03-25T17:35:00+00:00,176.75999999999996,177.14999999999995,176.74999999999994,177.14999999999995,1068
2026-03-25T17:40:00+00:00,177.14999999999995,177.54999999999995,177.06999999999994,177.32999999999996,1700
2026-03-25T17:45:00+00:00,177.32999999999996,177.35999999999996,177.03999999999994,177.06999999999994,1738
2026-03-25T17:50:00+00:00,177.06999999999994,177.22999999999996,176.77999999999994,176.81999999999994,1810
2026-03-25T17:55:00+00:00,176.81999999999994,177.25999999999996,176.79999999999995,176.95999999999995,1954
2026-03-25T18:00:00+00:00,176.95999999999995,177.03999999999994,176.77999999999994,177.01999999999995,1474
2026-03-25T18:05:00+00:00,177.01999999999995,177.12999999999994,176.82999999999996,177.00999999999996,1123
2026-03-25T18:10:00+00:00,177.00999999999996,177.15999999999994,176.97999999999996,177.04999999999995,1031
2026-03-25T18:15:00+00:00,177.04999999999995,177.26999999999995,177.01999999999995,177.10999999999996,1096
2026-03-25T18:20:00+00:00,177.10999999999996,177.30999999999995,177.09999999999994,177.21999999999994,853
2026-03-25T18:25:00+00:00,177.21999999999994,177.27999999999994,176.96999999999994,177.01999999999995,1105
2026-03-25T18:30:00+00:00,177.01999999999995,177.13999999999996,176.85999999999996,177.04999999999995,820
2026-03-25T18:35:00+00:00,177.04999999999995,177.16999999999996,176.90999999999994,177.01999999999995,829
2026-03-25T18:40:00+00:00,177.01999999999995,177.03999999999994,176.72999999999996,176.78999999999994,1031
2026-03-25T18:45:00+00:00,176.78999999999994,176.85999999999996,176.71999999999994,176.76999999999995,757
2026-03-25T18:50:00+00:00,176.76999999999995,176.80999999999995,176.53999999999994,176.66999999999996,890
2026-03-25T18:55:00+00:00,176.66999999999996,176.67999999999995,176.05999999999995,176.26999999999995,2424
2026-03-25T19:00:00+00:00,176.26999999999995,176.31999999999994,175.80999999999995,175.96999999999994,1923
2026-03-25T19:05:00+00:00,175.96999999999994,176.05999999999995,175.85999999999996,175.96999999999994,1412
2026-03-25T19:10:00+00:00,175.96999999999994,176.45999999999995,175.92999999999995,176.44999999999996,1404
2026-03-25T19:15:00+00:00,176.44999999999996,176.64999999999995,176.41999999999996,176.61999999999995,1214
2026-03-25T19:20:00+00:00,176.61999999999995,176.79999999999995,176.56999999999994,176.63999999999996,740
2026-03-25T19:25:00+00:00,176.63999999999996,176.72999999999996,176.46999999999994,176.58999999999995,1019
2026-03-25T19:30:00+00:00,176.58999999999995,176.64999999999995,176.22999999999996,176.32999999999996,908
2026-03-25T19:35:00+00:00,176.32999999999996,176.60999999999996,176.27999999999994,176.55999999999995,868
2026-03-25T19:40:00+00:00,176.55999999999995,176.78999999999994,176.49999999999994,176.53999999999994,851
2026-03-25T19:45:00+00:00,176.53999999999994,176.69999999999996,176.45999999999995,176.63999999999996,736
2026-03-25T19:50:00+00:00,176.63999999999996,176.99999999999994,176.63999999999996,176.79999999999995,1373
2026-03-25T19:55:00+00:00,176.79999999999995,176.87999999999994,176.50999999999996,176.66999999999996,957
2026-03-26T13:30:00+00:00,176.66999999999996,176.66999999999996,173.42999999999995,174.07999999999996,2187
2026-03-26T13:35:00+00:00,174.07999999999996,174.13999999999996,173.35999999999996,173.38999999999996,3819
2026-03-26T13:40:00+00:00,173.38999999999996,173.96999999999994,173.13999999999996,173.92999999999995,3535
2026-03-26T13:45:00+00:00,173.92999999999995,174.00999999999996,173.37999999999994,173.50999999999996,3681
2026-03-26T13:50:00+00:00,173.50999999999996,173.94999999999996,173.45999999999995,173.84999999999994,3481
2026-03-26T13:55:00+00:00,173.84999999999994,173.88999999999996,173.16999999999996,173.66999999999996,3563
2026-03-26T14:00:00+00:00,173.66999999999996,173.85999999999996,173.37999999999994,173.54999999999995,3723
2026-03-26T14:05:00+00:00,173.54999999999995,173.79999999999995,173.17999999999995,173.18999999999994,3080
2026-03-26T14:10:00+00:00,173.18999999999994,173.34999999999994,172.96999999999994,173.23999999999995,3073
2026-03-26T14:15:00+00:00,173.23999999999995,173.41999999999996,173.11999999999995,173.17999999999995,2564
2026-03-26T14:20:00+00:00,173.17999999999995,173.36999999999995,173.02999999999994,173.21999999999994,2116
2026-03-26T14:25:00+00:00,173.21999999999994,173.28999999999994,172.77999999999994,172.78999999999994,1808
2026-03-26T14:30:00+00:00,172.78999999999994,173.07999999999996,172.68999999999994,172.89999999999995,2202
2026-03-26T14:35:00+00:00,172.89999999999995,172.97999999999996,172.55999999999995,172.74999999999994,2239
2026-03-26T14:40:00+00:00,172.74999999999994,173.13999999999996,171.84999999999994,171.91999999999996,4114
2026-03-26T14:45:00+00:00,171.91999999999996,172.09999999999994,171.51999999999995,171.73999999999995,3749
2026-03-26T14:50:00+00:00,171.73999999999995,171.91999999999996,171.23999999999995,171.25999999999996,3200
2026-03-26T14:55:00+00:00,171.25999999999996,171.72999999999996,171.01999999999995,171.59999999999994,3449
2026-03-26T15:00:00+00:00,171.59999999999994,172.01999999999995,171.57999999999996,171.83999999999995,3089
2026-03-26T15:05:00+00:00,171.83999999999995,172.07999999999996,171.65999999999994,171.82999999999996,2811
2026-03-26T15:10:00+00:00,171.82999999999996,172.11999999999995,171.81999999999994,171.95999999999995,2175
2026-03-26T15:15:00+00:00,171.95999999999995,172.19999999999996,171.82999999999996,172.02999999999994,2249
2026-03-26T15:20:00+00:00,172.02999999999994,172.25999999999996,171.90999999999994,172.07999999999996,2079
2026-03-26T15:25:00+00:00,172.07999999999996,172.19999999999996,171.98999999999995,172.05999999999995,1689
2026-03-26T15:30:00+00:00,172.05999999999995,172.06999999999994,171.67999999999995,171.82999999999996,1535
2026-03-26T15:35:00+00:00,171.82999999999996,172.12999999999994,171.74999999999994,172.11999999999995,1615
2026-03-26T15:40:00+00:00,172.11999999999995,172.47999999999996,172.03999999999994,172.41999999999996,1866
2026-03-26T15:45:00+00:00,172.41999999999996,172.82999999999996,172.36999999999995,172.52999999999994,2455
2026-03-26T15:50:00+00:00,172.52999999999994,172.74999999999994,172.45999999999995,172.60999999999996,1766
2026-03-26T15:55:00+00:00,172.60999999999996,172.69999999999996,172.46999999999994,172.64999999999995,1630
2026-03-26T16:00:00+00:00,172.64999999999995,172.71999999999994,172.38999999999996,172.55999999999995,1365
2026-03-26T16:05:00+00:00,172.55999999999995,172.63999999999996,172.47999999999996,172.53999999999994,1449
2026-03-26T16:10:00+00:00,172.53999999999994,172.56999999999994,172.18999999999994,172.40999999999994,1133
2026-03-26T16:15:00+00:00,172.40999999999994,172.41999999999996,171.86999999999995,172.33999999999995,1905
2026-03-26T16:20:00+00:00,172.33999999999995,172.35999999999996,171.92999999999995,172.06999999999994,1644
2026-03-26T16:25:00+00:00,172.06999999999994,172.12999999999994,171.73999999999995,171.77999999999994,1694
2026-03-26T16:30:00+00:00,171.77999999999994,171.88999999999996,171.55999999999995,171.84999999999994,1759
2026-03-26T16:35:00+00:00,171.84999999999994,171.94999999999996,171.73999999999995,171.76999999999995,1544
2026-03-26T16:40:00+00:00,171.76999999999995,171.95999999999995,171.71999999999994,171.85999999999996,1537
2026-03-26T16:45:00+00:00,171.85999999999996,171.90999999999994,171.43999999999994,171.57999999999996,1438
2026-03-26T16:50:00+00:00,171.57999999999996,171.84999999999994,171.49999999999994,171.82999999999996,1689
2026-03-26T16:55:00+00:00,171.82999999999996,171.88999999999996,171.69999999999996,171.80999999999995,1240
2026-03-26T17:00:00+00:00,171.80999999999995,171.97999999999996,171.60999999999996,171.64999999999995,1537
2026-03-26T17:05:00+00:00,171.64999999999995,171.73999999999995,171.55999999999995,171.70999999999995,1054
2026-03-26T17:10:00+00:00,171.70999999999995,171.87999999999994,171.54999999999995,171.78999999999994,1129
2026-03-26T17:15:00+00:00,171.78999999999994,171.95999999999995,171.65999999999994,171.76999999999995,1029
2026-03-26T17:20:00+00:00,171.76999999999995,171.76999999999995,171.37999999999994,171.41999999999996,1294
2026-03-26T17:25:00+00:00,171.41999999999996,171.53999999999994,171.31999999999994,171.52999999999994,1116
2026-03-26T17:30:00+00:00,171.52999999999994,171.68999999999994,171.38999999999996,171.61999999999995,1271
2026-03-26T17:35:00+00:00,171.61999999999995,171.65999999999994,171.33999999999995,171.37999999999994,1117
2026-03-26T17:40:00+00:00,171.37999999999994,171.40999999999994,170.96999999999994,170.97999999999996,1246
2026-03-26T17:45:00+00:00,170.97999999999996,171.03999999999994,170.61999999999995,170.63999999999996,1427
2026-03-26T17:50:00+00:00,170.63999999999996,170.65999999999994,170.24999999999994,170.24999999999994,1699
2026-03-26T17:55:00+00:00,170.24999999999994,170.32999999999996,169.80999999999995,169.89999999999995,1898
2026-03-26T18:00:00+00:00,169.89999999999995,170.48999999999995,169.88999999999996,170.13999999999996,1908
2026-03-26T18:05:00+00:00,170.13999999999996,170.27999999999994,169.94999999999996,170.13999999999996,1865
2026-03-26T18:10:00+00:00,170.13999999999996,170.40999999999994,170.04999999999995,170.37999999999994,1590
2026-03-26T18:15:00+00:00,170.37999999999994,170.39999999999995,170.02999999999994,170.15999999999994,1510
2026-03-26T18:20:00+00:00,170.15999999999994,170.36999999999995,170.12999999999994,170.30999999999995,1419
2026-03-26T18:25:00+00:00,170.30999999999995,170.45999999999995,169.98999999999995,170.08999999999995,1222
2026-03-26T18:30:00+00:00,170.08999999999995,170.28999999999994,170.03999999999994,170.22999999999996,1390
2026-03-26T18:35:00+00:00,170.22999999999996,170.27999999999994,170.03999999999994,170.27999999999994,1327
2026-03-26T18:40:00+00:00,170.27999999999994,170.36999999999995,170.00999999999996,170.12999999999994,1029
2026-03-26T18:45:00+00:00,170.12999999999994,170.35999999999996,169.94999999999996,170.32999999999996,1037
2026-03-26T18:50:00+00:00,170.32999999999996,170.48999999999995,170.24999999999994,170.44999999999996,913
2026-03-26T18:55:00+00:00,170.44999999999996,170.45999999999995,170.10999999999996,170.27999999999994,919
2026-03-26T19:00:00+00:00,170.27999999999994,170.34999999999994,170.12999999999994,170.20999999999995,1200
2026-03-26T19:05:00+00:00,170.20999999999995,170.26999999999995,169.64999999999995,169.88999999999996,1172
2026-03-26T19:10:00+00:00,169.88999999999996,169.98999999999995,169.53999999999994,169.93999999999994,1241
2026-03-26T19:15:00+00:00,169.93999999999994,170.37999999999994,169.93999999999994,170.26999999999995,1180
2026-03-26T19:20:00+00:00,170.26999999999995,170.27999999999994,169.99999999999994,170.14999999999995,907
2026-03-26T19:25:00+00:00,170.14999999999995,170.22999999999996,169.96999999999994,170.09999999999994,931
2026-03-26T19:30:00+00:00,170.09999999999994,170.13999999999996,169.68999999999994,169.90999999999994,1404
2026-03-26T19:35:00+00:00,169.90999999999994,170.06999999999994,169.81999999999994,170.00999999999996,1214
2026-03-26T19:40:00+00:00,170.00999999999996,170.06999999999994,169.73999999999995,169.79999999999995,1047
2026-03-26T19:45:00+00:00,169.79999999999995,169.84999999999994,169.55999999999995,169.83999999999995,1245
2026-03-26T19:50:00+00:00,169.83999999999995,169.86999999999995,169.25999999999996,169.32999999999996,1962
2026-03-26T19:55:00+00:00,169.32999999999996,169.67999999999995,169.11999999999995,169.23999999999995,2064
2026-03-27T13:30:00+00:00,169.23999999999995,169.23999999999995,167.43999999999994,167.63999999999996,2546
2026-03-27T13:35:00+00:00,167.63999999999996,168.87999999999994,167.04999999999995,168.76999999999995,4425
2026-03-27T13:40:00+00:00,168.76999999999995,168.95999999999995,167.69999999999996,168.11999999999995,3997
2026-03-27T13:45:00+00:00,168.11999999999995,168.74999999999994,168.07999999999996,168.17999999999995,3645
2026-03-27T13:50:00+00:00,168.17999999999995,168.33999999999995,166.76999999999995,166.78999999999994,3497
2026-03-27T13:55:00+00:00,166.78999999999994,166.79999999999995,166.13999999999996,166.36999999999995,2364
2026-03-27T14:00:00+00:00,166.36999999999995,166.87999999999994,166.13999999999996,166.76999999999995,3550
2026-03-27T14:05:00+00:00,166.76999999999995,167.11999999999995,166.25999999999996,166.83999999999995,3658
2026-03-27T14:10:00+00:00,166.83999999999995,167.36999999999995,166.54999999999995,166.81999999999994,3346
2026-03-27T14:15:00+00:00,166.81999999999994,167.10999999999996,166.46999999999994,166.69999999999996,3116
2026-03-27T14:20:00+00:00,166.69999999999996,166.97999999999996,166.04999999999995,166.36999999999995,3090
2026-03-27T14:25:00+00:00,166.36999999999995,166.51999999999995,165.77999999999994,165.81999999999994,2779
2026-03-27T14:30:00+00:00,165.81999999999994,166.17999999999995,165.79999999999995,166.09999999999994,2511
2026-03-27T14:35:00+00:00,166.09999999999994,166.25999999999996,165.55999999999995,165.60999999999996,2567
2026-03-27T14:40:00+00:00,165.60999999999996,166.07999999999996,165.52999999999994,165.96999999999994,2579
2026-03-27T14:45:00+00:00,165.96999999999994,166.68999999999994,165.91999999999996,166.68999999999994,2933
2026-03-27T14:50:00+00:00,166.68999999999994,166.89999999999995,166.29999999999995,166.42999999999995,2330
2026-03-27T14:55:00+00:00,166.42999999999995,166.74999999999994,166.26999999999995,166.66999999999996,2117
2026-03-27T15:00:00+00:00,166.66999999999996,167.10999999999996,166.53999999999994,166.91999999999996,2203
2026-03-27T15:05:00+00:00,166.91999999999996,166.98999999999995,166.63999999999996,166.79999999999995,2356
2026-03-27T15:10:00+00:00,166.79999999999995,166.92999999999995,166.56999999999994,166.59999999999994,1945
2026-03-27T15:15:00+00:00,166.59999999999994,166.61999999999995,166.21999999999994,166.42999999999995,2154
2026-03-27T15:20:00+00:00,166.42999999999995,167.29999999999995,166.27999999999994,166.95999999999995,2837
2026-03-27T15:25:00+00:00,166.95999999999995,167.54999999999995,166.81999999999994,167.54999999999995,3087
2026-03-27T15:30:00+00:00,167.54999999999995,167.91999999999996,167.38999999999996,167.77999999999994,2744
2026-03-27T15:35:00+00:00,167.77999999999994,167.86999999999995,167.34999999999994,167.44999999999996,2375
2026-03-27T15:40:00+00:00,167.44999999999996,167.49999999999994,167.16999999999996,167.34999999999994,1767
2026-03-27T15:45:00+00:00,167.34999999999994,167.66999999999996,167.29999999999995,167.50999999999996,1604
2026-03-27T15:50:00+00:00,167.50999999999996,167.69999999999996,167.39999999999995,167.52999999999994,1736
2026-03-27T15:55:00+00:00,167.52999999999994,167.70999999999995,167.43999999999994,167.54999999999995,1563
2026-03-27T16:00:00+00:00,167.54999999999995,167.62999999999994,167.10999999999996,167.49999999999994,1869
2026-03-27T16:05:00+00:00,167.49999999999994,167.52999999999994,167.22999999999996,167.27999999999994,1311
2026-03-27T16:10:00+00:00,167.27999999999994,167.31999999999994,167.13999999999996,167.29999999999995,1415
2026-03-27T16:15:00+00:00,167.29999999999995,167.31999999999994,166.89999999999995,166.95999999999995,1102
2026-03-27T16:20:00+00:00,166.95999999999995,167.08999999999995,166.89999999999995,166.93999999999994,1328
2026-03-27T16:25:00+00:00,166.93999999999994,166.96999999999994,166.68999999999994,166.78999999999994,1174
2026-03-27T16:30:00+00:00,166.78999999999994,166.87999999999994,166.51999999999995,166.60999999999996,1279
2026-03-27T16:35:00+00:00,166.60999999999996,166.67999999999995,166.40999999999994,166.43999999999994,1441
2026-03-27T16:40:00+00:00,166.43999999999994,166.92999999999995,166.34999999999994,166.85999999999996,1481
2026-03-27T16:45:00+00:00,166.85999999999996,167.14999999999995,166.81999999999994,167.10999999999996,1431
2026-03-27T16:50:00+00:00,167.10999999999996,167.18999999999994,166.86999999999995,166.90999999999994,1346
2026-03-27T16:55:00+00:00,166.90999999999994,166.94999999999996,166.77999999999994,166.84999999999994,765
2026-03-27T17:00:00+00:00,166.84999999999994,166.91999999999996,166.54999999999995,166.69999999999996,1103
2026-03-27T17:05:00+00:00,166.69999999999996,167.25999999999996,166.55999999999995,166.93999999999994,2441
2026-03-27T17:10:00+00:00,166.93999999999994,166.97999999999996,166.60999999999996,166.67999999999995,1539
2026-03-27T17:15:00+00:00,166.67999999999995,166.72999999999996,166.32999999999996,166.42999999999995,965
2026-03-27T17:20:00+00:00,166.42999999999995,166.44999999999996,166.11999999999995,166.32999999999996,1234
2026-03-27T17:25:00+00:00,166.32999999999996,166.35999999999996,165.80999999999995,165.81999999999994,1271
2026-03-27T17:30:00+00:00,165.81999999999994,166.07999999999996,165.81999999999994,166.06999999999994,1256
2026-03-27T17:35:00+00:00,166.06999999999994,166.20999999999995,166.02999999999994,166.08999999999995,1074
2026-03-27T17:40:00+00:00,166.08999999999995,166.12999999999994,165.83999999999995,165.90999999999994,1006
2026-03-27T17:45:00+00:00,165.90999999999994,166.05999999999995,165.73999999999995,165.74999999999994,1151
2026-03-27T17:50:00+00:00,165.74999999999994,165.95999999999995,165.71999999999994,165.78999999999994,726
2026-03-27T17:55:00+00:00,165.78999999999994,165.91999999999996,165.57999999999996,165.84999999999994,1179
2026-03-27T18:00:00+00:00,165.84999999999994,165.95999999999995,165.77999999999994,165.93999999999994,978
2026-03-27T18:05:00+00:00,165.93999999999994,166.01999999999992,165.73999999999995,165.84999999999994,1136.7385309601405
2026-03-27T18:10:00+00:00,165.84999999999994,165.98999999999995,165.73999999999995,165.97999999999993,1014
2026-03-27T18:15:00+00:00,165.97999999999993,166.19999999999993,165.88999999999993,166.14999999999995,1609
2026-03-27T18:20:00+00:00,166.14999999999995,166.18999999999994,165.85999999999993,165.95999999999995,1243
2026-03-27T18:25:00+00:00,165.95999999999995,166.06999999999994,165.88999999999993,165.95999999999995,1024
2026-03-27T18:30:00+00:00,165.95999999999995,166.01999999999992,165.75999999999993,165.88999999999993,899
2026-03-27T18:35:00+00:00,165.88999999999993,165.93999999999994,165.74999999999994,165.90999999999994,747
2026-03-27T18:40:00+00:00,165.90999999999994,166.23999999999995,165.75999999999993,165.94999999999993,1502
2026-03-27T18:45:00+00:00,165.94999999999993,165.96999999999994,165.55999999999995,165.67999999999995,1119
2026-03-27T18:50:00+00:00,165.67999999999995,165.72999999999993,165.25999999999993,165.34999999999994,666
2026-03-27T18:55:00+00:00,165.34999999999994,165.56999999999994,165.33999999999995,165.42999999999995,702
2026-03-27T19:00:00+00:00,165.42999999999995,165.62999999999994,165.29999999999993,165.32999999999993,694
2026-03-27T19:05:00+00:00,165.32999999999993,165.55999999999995,165.24999999999994,165.34999999999994,824
2026-03-27T19:10:00+00:00,165.34999999999994,165.45999999999995,165.18999999999994,165.39999999999995,1029
2026-03-27T19:15:00+00:00,165.39999999999995,165.69999999999993,165.32999999999993,165.66999999999993,1046
2026-03-27T19:20:00+00:00,165.66999999999993,165.67999999999995,165.48999999999995,165.66999999999993,709
2026-03-27T19:25:00+00:00,165.66999999999993,165.66999999999993,165.27999999999994,165.39999999999995,768
2026-03-27T19:30:00+00:00,165.39999999999995,165.55999999999995,165.27999999999994,165.34999999999994,1011
2026-03-27T19:35:00+00:00,165.34999999999994,165.52999999999994,165.22999999999993,165.31999999999994,897
2026-03-27T19:40:00+00:00,165.31999999999994,165.47999999999993,165.20999999999995,165.45999999999995,1035
2026-03-27T19:45:00+00:00,165.45999999999995,165.48999999999995,165.04999999999993,165.42999999999995,1242
2026-03-27T19:50:00+00:00,165.42999999999995,165.67999999999995,164.95999999999995,165.42999999999995,2485
2026-03-27T19:55:00+00:00,165.42999999999995,165.89999999999995,165.36999999999995,165.39999999999995,2023
2026-03-30T13:30:00+00:00,165.39999999999995,167.37999999999994,165.39999999999995,166.21999999999994,3154
2026-03-30T13:35:00+00:00,166.21999999999994,166.37999999999994,165.26999999999992,165.73999999999995,3725
2026-03-30T13:40:00+00:00,165.73999999999995,165.99999999999994,164.72999999999993,165.84999999999994,3858
2026-03-30T13:45:00+00:00,165.84999999999994,165.86999999999995,165.22999999999993,165.58999999999995,3819
2026-03-30T13:50:00+00:00,165.58999999999995,165.72999999999993,165.00999999999993,165.02999999999994,3651
2026-03-30T13:55:00+00:00,165.02999999999994,165.09999999999994,164.16999999999993,164.24999999999994,3647
2026-03-30T14:00:00+00:00,164.24999999999994,164.78999999999994,164.22999999999993,164.72999999999993,3688
2026-03-30T14:05:00+00:00,164.72999999999993,165.09999999999994,164.35999999999993,165.04999999999993,3462
2026-03-30T14:10:00+00:00,165.04999999999993,166.03999999999994,164.86999999999995,165.84999999999994,3304
2026-03-30T14:15:00+00:00,165.84999999999994,166.04999999999993,165.51999999999992,165.70999999999995,3341
2026-03-30T14:20:00+00:00,165.70999999999995,165.93999999999994,165.30999999999995,165.39999999999995,2945
2026-03-30T14:25:00+00:00,165.39999999999995,165.52999999999994,164.80999999999995,164.87999999999994,2731
2026-03-30T14:30:00+00:00,164.87999999999994,165.15999999999994,164.54999999999993,164.97999999999993,3109
2026-03-30T14:35:00+00:00,164.97999999999993,165.08999999999995,164.51999999999992,165.02999999999994,3034
2026-03-30T14:40:00+00:00,165.02999999999994,165.27999999999994,164.21999999999994,164.56999999999994,2749
2026-03-30T14:45:00+00:00,164.56999999999994,165.64999999999995,164.56999999999994,165.33999999999995,3966
2026-03-30T14:50:00+00:00,165.33999999999995,165.58999999999995,165.16999999999993,165.48999999999995,3295
2026-03-30T14:55:00+00:00,165.48999999999995,165.97999999999993,165.28999999999994,165.91999999999993,2871
2026-03-30T15:00:00+00:00,165.91999999999993,166.14999999999995,165.83999999999995,165.99999999999994,2686
2026-03-30T15:05:00+00:00,165.99999999999994,166.20999999999995,165.27999999999994,165.36999999999995,2808
2026-03-30T15:10:00+00:00,165.36999999999995,165.52999999999994,164.94999999999993,165.02999999999994,2233
2026-03-30T15:15:00+00:00,165.02999999999994,165.03999999999994,164.50999999999993,164.62999999999994,2308
2026-03-30T15:20:00+00:00,164.62999999999994,165.03999999999994,164.50999999999993,165.00999999999993,2068
2026-03-30T15:25:00+00:00,165.00999999999993,165.23999999999995,164.87999999999994,164.94999999999993,2046
2026-03-30T15:30:00+00:00,164.94999999999993,165.47999999999993,164.80999999999995,165.39999999999995,2387
2026-03-30T15:35:00+00:00,165.39999999999995,165.90999999999994,165.39999999999995,165.49999999999994,2298
2026-03-30T15:40:00+00:00,165.49999999999994,165.94999999999993,165.38999999999993,165.86999999999995,1743
2026-03-30T15:45:00+00:00,165.86999999999995,165.89999999999995,165.59999999999994,165.68999999999994,1788
2026-03-30T15:50:00+00:00,165.68999999999994,165.98999999999995,165.58999999999995,165.61999999999995,1881
2026-03-30T15:55:00+00:00,165.61999999999995,165.63999999999993,165.24999999999994,165.32999999999993,1906
2026-03-30T16:00:00+00:00,165.32999999999993,165.38999999999993,164.90999999999994,164.96999999999994,1822
2026-03-30T16:05:00+00:00,164.96999999999994,165.20999999999995,164.79999999999993,164.93999999999994,2102
2026-03-30T16:10:00+00:00,164.93999999999994,165.11999999999995,164.86999999999995,165.02999999999994,1719
2026-03-30T16:15:00+00:00,165.02999999999994,165.03999999999994,164.61999999999995,164.91999999999993,1547
2026-03-30T16:20:00+00:00,164.91999999999993,165.07999999999993,164.59999999999994,164.73999999999995,1402
2026-03-30T16:25:00+00:00,164.73999999999995,164.76999999999992,164.30999999999995,164.44999999999993,1422
2026-03-30T16:30:00+00:00,164.44999999999993,164.54999999999993,164.19999999999993,164.49999999999994,1536
2026-03-30T16:35:00+00:00,164.49999999999994,164.75999999999993,164.39999999999995,164.67999999999995,1292
2026-03-30T16:40:00+00:00,164.67999999999995,164.78999999999994,164.56999999999994,164.72999999999993,1235
2026-03-30T16:45:00+00:00,164.72999999999993,164.86999999999995,164.59999999999994,164.73999999999995,982
2026-03-30T16:50:00+00:00,164.73999999999995,164.88999999999993,164.67999999999995,164.72999999999993,1408
2026-03-30T16:55:00+00:00,164.72999999999993,164.72999999999993,164.35999999999993,164.54999999999993,1250
2026-03-30T17:00:00+00:00,164.54999999999993,164.78999999999994,164.33999999999995,164.33999999999995,1475
2026-03-30T17:05:00+00:00,164.33999999999995,164.58999999999995,164.33999999999995,164.54999999999993,1291
2026-03-30T17:10:00+00:00,164.54999999999993,164.60999999999993,163.98999999999995,164.13999999999993,1334
2026-03-30T17:15:00+00:00,164.13999999999993,164.21999999999994,163.80999999999995,164.06999999999994,1805
2026-03-30T17:20:00+00:00,164.06999999999994,164.20999999999995,163.95999999999995,164.15999999999994,1746
2026-03-30T17:25:00+00:00,164.15999999999994,164.18999999999994,163.76999999999992,163.82999999999993,1298
2026-03-30T17:30:00+00:00,163.82999999999993,163.90999999999994,163.54999999999993,163.61999999999995,1714
2026-03-30T17:35:00+00:00,163.61999999999995,164.02999999999994,163.61999999999995,163.98999999999995,1690
2026-03-30T17:40:00+00:00,163.98999999999995,164.20999999999995,163.90999999999994,164.13999999999993,1628
2026-03-30T17:45:00+00:00,164.13999999999993,164.41999999999993,164.11999999999995,164.19999999999993,1868
2026-03-30T17:50:00+00:00,164.19999999999993,164.35999999999993,164.06999999999994,164.13999999999993,1551
2026-03-30T17:55:00+00:00,164.13999999999993,164.19999999999993,163.96999999999994,164.14999999999995,1451
2026-03-30T18:00:00+00:00,164.14999999999995,164.19999999999993,163.92999999999995,164.03999999999994,1435
2026-03-30T18:05:00+00:00,164.03999999999994,164.23999999999995,163.75999999999993,164.03999999999994,1477
2026-03-30T18:10:00+00:00,164.03999999999994,164.15999999999994,163.94999999999993,164.10999999999993,1164
2026-03-30T18:15:00+00:00,164.10999999999993,164.15999999999994,163.79999999999993,164.11999999999995,929
2026-03-30T18:20:00+00:00,164.11999999999995,164.22999999999993,163.89999999999995,163.98999999999995,896
2026-03-30T18:25:00+00:00,163.98999999999995,164.00999999999993,163.59999999999994,163.65999999999994,1221
2026-03-30T18:30:00+00:00,163.65999999999994,163.87999999999994,163.60999999999993,163.79999999999993,1437
2026-03-30T18:35:00+00:00,163.79999999999993,164.03999999999994,163.69999999999993,163.71999999999994,1287
2026-03-30T18:40:00+00:00,163.71999999999994,163.78999999999994,163.49999999999994,163.52999999999994,1097
2026-03-30T18:45:00+00:00,163.52999999999994,163.64999999999995,163.35999999999993,163.45999999999995,918
2026-03-30T18:50:00+00:00,163.45999999999995,163.47999999999993,163.15999999999994,163.29999999999993,1106
2026-03-30T18:55:00+00:00,163.29999999999993,163.40999999999994,163.14999999999995,163.24999999999994,1213
2026-03-30T19:00:00+00:00,163.24999999999994,163.43999999999994,163.10999999999993,163.34999999999994,1182
2026-03-30T19:05:00+00:00,163.34999999999994,163.35999999999993,162.74999999999994,162.76999999999992,1732
2026-03-30T19:10:00+00:00,162.76999999999992,162.82999999999993,162.46999999999994,162.64999999999995,1985
2026-03-30T19:15:00+00:00,162.64999999999995,162.76999999999992,162.55999999999995,162.66999999999993,1745
2026-03-30T19:20:00+00:00,162.66999999999993,162.72999999999993,162.36999999999995,162.55999999999995,1451
2026-03-30T19:25:00+00:00,162.55999999999995,162.65999999999994,162.24999999999994,162.43999999999994,1604
2026-03-30T19:30:00+00:00,162.43999999999994,162.70999999999995,162.22999999999993,162.29999999999993,1568
2026-03-30T19:35:00+00:00,162.29999999999993,162.82999999999993,162.29999999999993,162.60999999999993,1649
2026-03-30T19:40:00+00:00,162.60999999999993,162.88999999999993,162.54999999999993,162.66999999999993,1646
2026-03-30T19:45:00+00:00,162.66999999999993,162.89999999999995,162.47999999999993,162.83999999999995,1589
2026-03-30T19:50:00+00:00,162.83999999999995,163.11999999999995,162.56999999999994,163.08999999999995,2156
2026-03-30T19:55:00+00:00,163.08999999999995,163.49999999999994,162.96999999999994,163.06999999999994,2341
2026-03-31T13:30:00+00:00,163.06999999999994,166.64999999999995,163.06999999999994,166.62999999999994,2798
2026-03-31T13:35:00+00:00,166.62999999999994,166.68999999999994,165.91999999999993,166.43999999999994,3674
2026-03-31T13:40:00+00:00,166.43999999999994,166.68999999999994,166.06999999999994,166.22999999999993,2917
2026-03-31T13:45:00+00:00,166.22999999999993,167.06999999999994,166.22999999999993,167.00999999999993,3398
2026-03-31T13:50:00+00:00,167.00999999999993,167.32999999999993,166.61999999999995,167.29999999999993,2973
2026-03-31T13:55:00+00:00,167.29999999999993,168.10999999999993,166.98999999999995,168.03999999999994,2571
2026-03-31T14:00:00+00:00,168.03999999999994,168.09999999999994,167.50999999999993,167.73999999999995,2711
2026-03-31T14:05:00+00:00,167.73999999999995,167.80999999999995,167.22999999999993,167.33999999999995,3079
2026-03-31T14:10:00+00:00,167.33999999999995,167.93999999999994,167.15999999999994,167.86999999999995,2899
2026-03-31T14:15:00+00:00,167.86999999999995,168.84999999999994,167.81999999999994,168.54999999999993,3028
2026-03-31T14:20:00+00:00,168.54999999999993,168.90999999999994,168.27999999999994,168.71999999999994,3026
2026-03-31T14:25:00+00:00,168.71999999999994,169.03999999999994,168.48999999999995,168.94999999999993,2501
2026-03-31T14:30:00+00:00,168.94999999999993,169.34999999999994,168.71999999999994,168.96999999999994,2888
2026-03-31T14:35:00+00:00,168.96999999999994,169.06999999999994,168.42999999999995,168.58999999999995,2779
2026-03-31T14:40:00+00:00,168.58999999999995,168.81999999999994,168.24999999999994,168.35999999999993,2519
2026-03-31T14:45:00+00:00,168.35999999999993,168.59999999999994,168.11999999999995,168.14999999999995,3150
2026-03-31T14:50:00+00:00,168.14999999999995,168.22999999999993,167.70999999999995,167.82999999999993,2587
2026-03-31T14:55:00+00:00,167.82999999999993,168.03999999999994,167.51999999999992,167.99999999999994,2907
2026-03-31T15:00:00+00:00,167.99999999999994,168.35999999999993,167.93999999999994,168.13999999999993,2729
2026-03-31T15:05:00+00:00,168.13999999999993,168.55999999999995,167.97999999999993,168.00999999999993,2965
2026-03-31T15:10:00+00:00,168.00999999999993,168.68999999999994,167.97999999999993,168.59999999999994,2200
2026-03-31T15:15:00+00:00,168.59999999999994,168.69999999999993,168.31999999999994,168.35999999999993,2491
2026-03-31T15:20:00+00:00,168.35999999999993,168.67999999999995,168.03999999999994,168.58999999999995,2568
2026-03-31T15:25:00+00:00,168.58999999999995,168.65999999999994,168.26999999999992,168.27999999999994,2618
2026-03-31T15:30:00+00:00,168.27999999999994,168.29999999999993,168.02999999999994,168.21999999999994,2828
2026-03-31T15:35:00+00:00,168.21999999999994,168.57999999999993,168.20999999999995,168.27999999999994,2361
2026-03-31T15:40:00+00:00,168.27999999999994,168.33999999999995,167.96999999999994,168.06999999999994,2316
2026-03-31T15:45:00+00:00,168.06999999999994,168.07999999999993,167.75999999999993,167.98999999999995,2195
2026-03-31T15:50:00+00:00,167.98999999999995,168.37999999999994,167.80999999999995,168.31999999999994,1973
2026-03-31T15:55:00+00:00,168.31999999999994,168.47999999999993,167.78999999999994,167.79999999999993,1967
2026-03-31T16:00:00+00:00,167.79999999999993,168.35999999999993,167.70999999999995,168.10999999999993,2309
2026-03-31T16:05:00+00:00,168.10999999999993,168.72999999999993,168.09999999999994,168.69999999999993,1852
2026-03-31T16:10:00+00:00,168.69999999999993,168.74999999999994,168.29999999999993,168.60999999999993,1763
2026-03-31T16:15:00+00:00,168.60999999999993,169.01999999999992,168.57999999999993,168.98999999999995,1547
2026-03-31T16:20:00+00:00,168.98999999999995,169.18999999999994,168.73999999999995,169.16999999999993,1364
2026-03-31T16:25:00+00:00,169.16999999999993,169.24999999999994,168.93999999999994,169.00999999999993,1524
2026-03-31T16:30:00+00:00,169.00999999999993,169.02999999999994,168.71999999999994,168.90999999999994,1471
2026-03-31T16:35:00+00:00,168.90999999999994,170.31999999999994,168.77999999999994,170.30999999999995,2433
2026-03-31T16:40:00+00:00,170.30999999999995,171.69999999999993,170.26999999999992,171.22999999999993,6874
2026-03-31T16:45:00+00:00,171.22999999999993,171.83999999999995,170.36999999999995,171.05999999999995,5499
2026-03-31T16:50:00+00:00,171.05999999999995,171.55999999999995,170.66999999999993,171.20999999999995,5320
2026-03-31T16:55:00+00:00,171.20999999999995,171.27999999999994,170.83999999999995,170.88999999999993,4319
2026-03-31T17:00:00+00:00,170.88999999999993,171.70999999999995,170.70999999999995,171.47999999999993,3944
2026-03-31T17:05:00+00:00,171.47999999999993,171.48999999999995,170.82999999999993,170.95999999999995,3878
2026-03-31T17:10:00+00:00,170.95999999999995,171.36999999999995,170.89999999999995,171.33999999999995,3618
2026-03-31T17:15:00+00:00,171.33999999999995,171.83999999999995,171.23999999999995,171.72999999999993,3216
2026-03-31T17:20:00+00:00,171.72999999999993,171.84999999999994,171.51999999999992,171.62999999999994,3050
2026-03-31T17:25:00+00:00,171.62999999999994,171.69999999999993,171.07999999999993,171.23999999999995,3609
2026-03-31T17:30:00+00:00,171.23999999999995,171.68999999999994,171.08999999999995,171.59999999999994,3189
2026-03-31T17:35:00+00:00,171.59999999999994,171.68999999999994,170.66999999999993,170.93999999999994,3781
2026-03-31T17:40:00+00:00,170.93999999999994,171.31999999999994,170.65999999999994,170.90999999999994,3101
2026-03-31T17:45:00+00:00,170.90999999999994,171.09999999999994,170.67999999999995,170.90999999999994,2681
2026-03-31T17:50:00+00:00,170.90999999999994,171.07999999999993,170.65999999999994,170.73999999999995,2508
2026-03-31T17:55:00+00:00,170.73999999999995,170.77999999999994,170.23999999999995,170.39999999999995,2526
2026-03-31T18:00:00+00:00,170.39999999999995,171.01999999999992,170.37999999999994,170.96999999999994,2378
2026-03-31T18:05:00+00:00,170.96999999999994,171.09999999999994,170.79999999999993,171.01999999999992,1755
2026-03-31T18:10:00+00:00,171.01999999999992,171.05999999999995,170.71999999999994,170.98999999999995,1916
2026-03-31T18:15:00+00:00,170.98999999999995,171.32999999999993,170.95999999999995,171.04999999999993,1695
2026-03-31T18:20:00+00:00,171.04999999999993,171.23999999999995,170.95999999999995,171.07999999999993,1713
2026-03-31T18:25:00+00:00,171.07999999999993,171.43999999999994,170.99999999999994,171.20999999999995,1848
2026-03-31T18:30:00+00:00,171.20999999999995,171.27999999999994,170.97999999999993,171.17999999999995,2155
2026-03-31T18:35:00+00:00,171.17999999999995,171.69999999999993,171.03999999999994,171.53999999999994,1535
2026-03-31T18:40:00+00:00,171.53999999999994,171.54999999999993,171.27999999999994,171.38999999999993,1662
2026-03-31T18:45:00+00:00,171.38999999999993,171.71999999999994,171.36999999999995,171.51999999999992,1110
2026-03-31T18:50:00+00:00,171.51999999999992,171.73999999999995,171.47999999999993,171.61999999999995,1246
2026-03-31T18:55:00+00:00,171.61999999999995,171.96999999999994,171.60999999999993,171.67999999999995,1388
2026-03-31T19:00:00+00:00,171.67999999999995,172.11999999999995,171.61999999999995,171.91999999999993,1595
2026-03-31T19:05:00+00:00,171.91999999999993,171.94999999999993,171.52999999999994,171.55999999999995,1897
2026-03-31T19:10:00+00:00,171.55999999999995,172.17999999999995,171.55999999999995,171.86999999999995,2013
2026-03-31T19:15:00+00:00,171.86999999999995,172.08999999999995,171.81999999999994,171.97999999999993,1745
2026-03-31T19:20:00+00:00,171.97999999999993,172.23999999999995,171.83999999999995,172.14999999999995,1423
2026-03-31T19:25:00+00:00,172.14999999999995,172.17999999999995,171.84999999999994,171.89999999999995,1703
2026-03-31T19:30:00+00:00,171.89999999999995,172.14999999999995,171.79999999999993,171.96999999999994,1848
2026-03-31T19:35:00+00:00,171.96999999999994,172.40999999999994,171.95999999999995,172.28999999999994,1399
2026-03-31T19:40:00+00:00,172.28999999999994,172.52999999999994,172.10999999999993,172.16999999999993,1564
2026-03-31T19:45:00+00:00,172.16999999999993,172.43999999999994,172.08999999999995,172.23999999999995,1363
2026-03-31T19:50:00+00:00,172.23999999999995,172.57999999999993,171.99999999999994,172.17999999999995,3020
2026-03-31T19:55:00+00:00,172.17999999999995,172.49999999999994,171.85999999999993,172.34999999999994,2815
2026-04-01T13:30:00+00:00,172.34999999999994,174.27999999999994,172.34999999999994,174.23999999999995,3076
2026-04-01T13:35:00+00:00,174.23999999999995,174.54999999999993,173.94999999999993,174.49999999999994,3764
2026-04-01T13:40:00+00:00,174.49999999999994,174.54999999999993,173.10999999999993,173.55999999999995,2950
2026-04-01T13:45:00+00:00,173.55999999999995,173.92999999999995,173.48999999999995,173.64999999999995,3564
2026-04-01T13:50:00+00:00,173.64999999999995,174.05999999999995,173.54999999999993,173.58999999999995,3729
2026-04-01T13:55:00+00:00,173.58999999999995,174.08999999999995,173.40999999999994,173.83999999999995,2094
2026-04-01T14:00:00+00:00,173.83999999999995,174.00999999999993,173.54999999999993,173.83999999999995,3447
2026-04-01T14:05:00+00:00,173.83999999999995,174.05999999999995,173.55999999999995,173.78999999999994,3413
2026-04-01T14:10:00+00:00,173.78999999999994,174.13999999999993,173.49999999999994,174.13999999999993,3015
2026-04-01T14:15:00+00:00,174.13999999999993,174.39999999999995,173.80999999999995,173.97999999999993,2703
2026-04-01T14:20:00+00:00,173.97999999999993,174.22999999999993,173.72999999999993,173.91999999999993,2879
2026-04-01T14:25:00+00:00,173.91999999999993,174.23999999999995,173.86999999999995,174.17999999999995,2355
2026-04-01T14:30:00+00:00,174.17999999999995,174.31999999999994,173.69999999999993,173.78999999999994,2405
2026-04-01T14:35:00+00:00,173.78999999999994,174.25999999999993,173.45999999999995,174.09999999999994,3001
2026-04-01T14:40:00+00:00,174.09999999999994,174.10999999999993,173.77999999999994,173.92999999999995,3000
2026-04-01T14:45:00+00:00,173.92999999999995,174.37999999999994,173.75999999999993,174.29999999999993,2138
2026-04-01T14:50:00+00:00,174.29999999999993,174.64999999999995,174.19999999999993,174.56999999999994,1942
2026-04-01T14:55:00+00:00,174.56999999999994,174.67999999999995,174.28999999999994,174.62999999999994,1761
2026-04-01T15:00:00+00:00,174.62999999999994,175.00999999999993,174.57999999999993,174.91999999999993,1579
2026-04-01T15:05:00+00:00,174.91999999999993,175.08999999999995,174.76999999999992,174.92999999999995,1408
2026-04-01T15:10:00+00:00,174.92999999999995,174.97999999999993,174.65999999999994,174.78999999999994,1380
2026-04-01T15:15:00+00:00,174.78999999999994,174.91999999999993,174.60999999999993,174.74999999999994,1236
2026-04-01T15:20:00+00:00,174.74999999999994,174.88999999999993,174.58999999999995,174.71999999999994,1211
2026-04-01T15:25:00+00:00,174.71999999999994,174.83999999999995,174.43999999999994,174.44999999999993,1445
2026-04-01T15:30:00+00:00,174.44999999999993,174.57999999999993,174.35999999999993,174.45999999999995,1676
2026-04-01T15:35:00+00:00,174.45999999999995,174.83999999999995,174.43999999999994,174.83999999999995,1465
2026-04-01T15:40:00+00:00,174.83999999999995,174.88999999999993,174.57999999999993,174.82999999999993,1122
2026-04-01T15:45:00+00:00,174.82999999999993,174.97999999999993,174.74999999999994,174.79999999999993,777
2026-04-01T15:50:00+00:00,174.79999999999993,175.01999999999992,174.70999999999995,174.96999999999994,815
2026-04-01T15:55:00+00:00,174.96999999999994,175.22999999999993,174.93999999999994,175.07999999999993,971
2026-04-01T16:00:00+00:00,175.07999999999993,175.10999999999993,174.85999999999993,174.98999999999995,902
2026-04-01T16:05:00+00:00,174.98999999999995,175.30999999999995,174.89999999999995,175.26999999999992,991
2026-04-01T16:10:00+00:00,175.26999999999992,175.32999999999993,174.89999999999995,175.12999999999994,1237
2026-04-01T16:15:00+00:00,175.12999999999994,175.13999999999993,174.85999999999993,175.06999999999994,1145
2026-04-01T16:20:00+00:00,175.06999999999994,175.29999999999993,174.97999999999993,175.20999999999995,751
2026-04-01T16:25:00+00:00,175.20999999999995,175.33999999999995,175.03999999999994,175.04999999999993,749
2026-04-01T16:30:00+00:00,175.04999999999993,175.08999999999995,174.86999999999995,175.01999999999992,967
2026-04-01T16:35:00+00:00,175.01999999999992,175.12999999999994,174.92999999999995,174.95999999999995,777
2026-04-01T16:40:00+00:00,174.95999999999995,175.00999999999993,174.76999999999992,174.81999999999994,576
2026-04-01T16:45:00+00:00,174.81999999999994,174.85999999999993,174.57999999999993,174.59999999999994,596
2026-04-01T16:50:00+00:00,174.59999999999994,174.79999999999993,174.58999999999995,174.66999999999993,528
2026-04-01T16:55:00+00:00,174.66999999999993,174.73999999999995,174.56999999999994,174.60999999999993,389
2026-04-01T17:00:00+00:00,174.60999999999993,174.88999999999993,174.57999999999993,174.81999999999994,430
2026-04-01T17:05:00+00:00,174.81999999999994,175.05999999999995,174.75999999999993,174.78999999999994,751
2026-04-01T17:10:00+00:00,174.78999999999994,174.88999999999993,174.77999999999994,174.85999999999993,483
2026-04-01T17:15:00+00:00,174.85999999999993,174.88999999999993,174.69999999999993,174.83999999999995,421
2026-04-01T17:20:00+00:00,174.83999999999995,174.89999999999995,174.74999999999994,174.79999999999993,430
2026-04-01T17:25:00+00:00,174.79999999999993,174.83999999999995,174.62999999999994,174.62999999999994,458
2026-04-01T17:30:00+00:00,174.62999999999994,174.68999999999994,174.38999999999993,174.45999999999995,774
2026-04-01T17:35:00+00:00,174.45999999999995,174.61999999999995,174.40999999999994,174.53999999999994,677
2026-04-01T17:40:00+00:00,174.53999999999994,174.55999999999995,174.34999999999994,174.38999999999993,475
2026-04-01T17:45:00+00:00,174.38999999999993,174.53999999999994,174.30999999999995,174.33999999999995,427
2026-04-01T17:50:00+00:00,174.33999999999995,174.38999999999993,174.09999999999994,174.17999999999995,609
2026-04-01T17:55:00+00:00,174.17999999999995,174.19999999999993,173.80999999999995,173.90999999999994,839
2026-04-01T18:00:00+00:00,173.90999999999994,174.00999999999993,173.35999999999993,173.49999999999994,1704
2026-04-01T18:05:00+00:00,173.49999999999994,173.68999999999994,173.35999999999993,173.49999999999994,1612
2026-04-01T18:10:00+00:00,173.49999999999994,173.71999999999994,173.45999999999995,173.50999999999993,1157
2026-04-01T18:15:00+00:00,173.50999999999993,173.54999999999993,173.01999999999992,173.19999999999993,1700
2026-04-01T18:20:00+00:00,173.19999999999993,173.29999999999993,172.93999999999994,172.98999999999995,1989
2026-04-01T18:25:00+00:00,172.98999999999995,173.24999999999994,172.83999999999995,173.02999999999994,2185
2026-04-01T18:30:00+00:00,173.02999999999994,173.17999999999995,172.86999999999995,172.97999999999993,1864
2026-04-01T18:35:00+00:00,172.97999999999993,173.26999999999992,172.75999999999993,173.16999999999993,1834
2026-04-01T18:40:00+00:00,173.16999999999993,173.63999999999993,173.15999999999994,173.42999999999995,1802
2026-04-01T18:45:00+00:00,173.42999999999995,173.48999999999995,173.17999999999995,173.32999999999993,1779
2026-04-01T18:50:00+00:00,173.32999999999993,173.49999999999994,173.24999999999994,173.44999999999993,1395
2026-04-01T18:55:00+00:00,173.44999999999993,173.57999999999993,173.31999999999994,173.42999999999995,1091
2026-04-01T19:00:00+00:00,173.42999999999995,173.73999999999995,173.34999999999994,173.54999999999993,1508
2026-04-01T19:05:00+00:00,173.54999999999993,173.82999999999993,173.54999999999993,173.74999999999994,1168
2026-04-01T19:10:00+00:00,173.74999999999994,173.84999999999994,173.44999999999993,173.68999999999994,1317
2026-04-01T19:15:00+00:00,173.68999999999994,173.95999999999995,173.61999999999995,173.90999999999994,1229
2026-04-01T19:20:00+00:00,173.90999999999994,174.01999999999992,173.78999999999994,173.93999999999994,927
2026-04-01T19:25:00+00:00,173.93999999999994,174.28999999999994,173.92999999999995,173.95999999999995,869
2026-04-01T19:30:00+00:00,173.95999999999995,174.15999999999994,173.78999999999994,174.01999999999992,1147
2026-04-01T19:35:00+00:00,174.01999999999992,174.05999999999995,173.71999999999994,173.96999999999994,1079
2026-04-01T19:40:00+00:00,173.96999999999994,174.22999999999993,173.93999999999994,174.05999999999995,941
2026-04-01T19:45:00+00:00,174.05999999999995,174.18999999999994,173.96999999999994,174.08999999999995,1046
2026-04-01T19:50:00+00:00,174.08999999999995,174.13999999999993,173.56999999999994,173.77999999999994,1944
2026-04-01T19:55:00+00:00,173.77999999999994,173.83999999999995,173.45999999999995,173.79999999999993,2072
2026-04-02T13:30:00+00:00,173.79999999999993,173.79999999999993,169.82999999999993,171.45999999999995,2934
2026-04-02T13:35:00+00:00,171.45999999999995,171.45999999999995,169.42999999999995,169.48999999999995,4082
2026-04-02T13:40:00+00:00,169.48999999999995,170.02999999999994,169.33999999999995,170.01999999999992,3893
2026-04-02T13:45:00+00:00,170.01999999999992,170.79999999999993,169.78999999999994,170.51999999999992,4079
2026-04-02T13:50:00+00:00,170.51999999999992,171.49999999999994,170.42999999999995,171.29999999999993,3645
2026-04-02T13:55:00+00:00,171.29999999999993,172.14999999999995,171.02999999999994,172.02999999999994,3419
2026-04-02T14:00:00+00:00,172.02999999999994,172.16999999999993,171.57999999999993,171.82999999999993,3700
2026-04-02T14:05:00+00:00,171.82999999999993,172.56999999999994,171.64999999999995,172.15999999999994,3586
2026-04-02T14:10:00+00:00,172.15999999999994,172.53999999999994,171.90999999999994,172.22999999999993,3375
2026-04-02T14:15:00+00:00,172.22999999999993,173.02999999999994,172.13999999999993,172.97999999999993,3332
2026-04-02T14:20:00+00:00,172.97999999999993,173.06999999999994,172.54999999999993,172.76999999999992,3167
2026-04-02T14:25:00+00:00,172.76999999999992,172.81999999999994,171.95999999999995,171.98999999999995,3242
2026-04-02T14:30:00+00:00,171.98999999999995,172.81999999999994,171.88999999999993,172.74999999999994,3388
2026-04-02T14:35:00+00:00,172.74999999999994,174.63999999999993,172.68999999999994,174.37999999999994,5576
2026-04-02T14:40:00+00:00,174.37999999999994,174.56999999999994,173.51999999999992,174.33999999999995,4844
2026-04-02T14:45:00+00:00,174.33999999999995,174.50999999999993,173.50999999999993,173.54999999999993,4306
2026-04-02T14:50:00+00:00,173.54999999999993,174.01999999999992,173.09999999999994,173.90999999999994,4009
2026-04-02T14:55:00+00:00,173.90999999999994,174.47999999999996,173.86999999999995,174.32999999999996,3502.6005157804248
2026-04-02T15:00:00+00:00,174.32999999999996,174.43999999999994,173.73999999999995,174.40999999999994,3905
2026-04-02T15:05:00+00:00,174.40999999999994,174.52999999999994,174.02999999999994,174.50999999999996,3207
2026-04-02T15:10:00+00:00,174.50999999999996,175.13999999999996,174.45999999999995,174.72999999999996,3182
2026-04-02T15:15:00+00:00,174.72999999999996,174.89999999999995,174.40999999999994,174.64999999999995,2877
2026-04-02T15:20:00+00:00,174.64999999999995,174.68999999999994,174.18999999999994,174.57999999999996,3281
2026-04-02T15:25:00+00:00,174.57999999999996,174.94999999999996,174.27999999999994,174.66999999999996,3033
2026-04-02T15:30:00+00:00,174.66999999999996,174.74999999999994,174.21999999999994,174.52999999999994,2974
2026-04-02T15:35:00+00:00,174.52999999999994,174.99999999999994,174.45999999999995,174.71999999999994,2715
2026-04-02T15:40:00+00:00,174.71999999999994,175.00999999999996,174.52999999999994,174.92999999999995,2481
2026-04-02T15:45:00+00:00,174.92999999999995,174.95999999999995,174.51999999999995,174.56999999999994,2543
2026-04-02T15:50:00+00:00,174.56999999999994,174.60999999999996,174.04999999999995,174.54999999999995,2981
2026-04-02T15:55:00+00:00,174.54999999999995,174.60999999999996,174.26999999999995,174.47999999999996,2317
2026-04-02T16:00:00+00:00,174.47999999999996,174.74999999999994,174.13999999999996,174.25999999999996,2405
2026-04-02T16:05:00+00:00,174.25999999999996,174.33999999999995,173.87999999999994,174.08999999999995,2101
2026-04-02T16:10:00+00:00,174.08999999999995,174.27999999999994,173.88999999999996,174.10999999999996,2076
2026-04-02T16:15:00+00:00,174.10999999999996,174.30999999999995,173.76999999999995,173.80999999999995,2072
2026-04-02T16:20:00+00:00,173.80999999999995,174.07999999999996,173.68999999999994,173.83999999999995,2317
2026-04-02T16:25:00+00:00,173.83999999999995,174.31999999999994,173.80999999999995,174.09999999999994,1955
2026-04-02T16:30:00+00:00,174.09999999999994,174.45999999999995,173.93999999999994,174.35999999999996,2185
2026-04-02T16:35:00+00:00,174.35999999999996,174.48999999999995,173.74999999999994,174.15999999999994,2470
2026-04-02T16:40:00+00:00,174.15999999999994,174.80999999999995,174.13999999999996,174.45999999999995,2362
2026-04-02T16:45:00+00:00,174.45999999999995,174.61999999999995,174.32999999999996,174.44999999999996,1818
2026-04-02T16:50:00+00:00,174.44999999999996,174.61999999999995,174.31999999999994,174.54999999999995,1583
2026-04-02T16:55:00+00:00,174.54999999999995,174.55999999999995,174.34999999999994,174.35999999999996,1338
2026-04-02T17:00:00+00:00,174.35999999999996,174.45999999999995,174.18999999999994,174.39999999999995,1800
2026-04-02T17:05:00+00:00,174.39999999999995,174.50999999999996,174.26999999999995,174.44999999999996,1510
2026-04-02T17:10:00+00:00,174.44999999999996,174.75999999999996,174.29999999999995,174.67999999999995,1596
2026-04-02T17:15:00+00:00,174.67999999999995,174.89999999999995,174.58999999999995,174.70999999999995,1598
2026-04-02T17:20:00+00:00,174.70999999999995,174.78999999999994,174.58999999999995,174.69999999999996,1339
2026-04-02T17:25:00+00:00,174.69999999999996,174.81999999999994,174.67999999999995,174.74999999999994,1293
2026-04-02T17:30:00+00:00,174.74999999999994,174.83999999999995,174.64999999999995,174.72999999999996,1471
2026-04-02T17:35:00+00:00,174.72999999999996,174.80999999999995,174.52999999999994,174.79999999999995,1502
2026-04-02T17:40:00+00:00,174.79999999999995,174.85999999999996,174.60999999999996,174.70999999999995,1444
2026-04-02T17:45:00+00:00,174.70999999999995,174.77999999999994,174.22999999999996,174.24999999999994,1867
2026-04-02T17:50:00+00:00,174.24999999999994,174.45999999999995,174.08999999999995,174.42999999999995,1781
2026-04-02T17:55:00+00:00,174.42999999999995,174.59999999999994,174.27999999999994,174.35999999999996,1295
2026-04-02T18:00:00+00:00,174.35999999999996,174.72999999999996,174.35999999999996,174.70999999999995,1711
2026-04-02T18:05:00+00:00,174.70999999999995,174.91999999999996,174.65999999999994,174.81999999999994,1472
2026-04-02T18:10:00+00:00,174.81999999999994,175.03999999999994,174.69999999999996,174.76999999999995,1495
2026-04-02T18:15:00+00:00,174.76999999999995,174.86999999999995,174.58999999999995,174.74999999999994,1359
2026-04-02T18:20:00+00:00,174.74999999999994,174.83999999999995,174.71999999999994,174.72999999999996,1094
2026-04-02T18:25:00+00:00,174.72999999999996,174.76999999999995,174.47999999999996,174.50999999999996,1448
2026-04-02T18:30:00+00:00,174.50999999999996,174.80999999999995,174.47999999999996,174.72999999999996,1261
2026-04-02T18:35:00+00:00,174.72999999999996,174.77999999999994,174.62999999999994,174.68999999999994,1030
2026-04-02T18:40:00+00:00,174.68999999999994,175.08999999999995,174.67999999999995,175.02999999999994,1439
2026-04-02T18:45:00+00:00,175.02999999999994,175.04999999999995,174.89999999999995,174.93999999999994,1183
2026-04-02T18:50:00+00:00,174.93999999999994,175.05999999999995,174.86999999999995,174.88999999999996,848
2026-04-02T18:55:00+00:00,174.88999999999996,174.99999999999994,174.72999999999996,174.82999999999996,1194
2026-04-02T19:00:00+00:00,174.82999999999996,175.03999999999994,174.80999999999995,174.92999999999995,1146
2026-04-02T19:05:00+00:00,174.92999999999995,175.10999999999996,174.86999999999995,175.08999999999995,1088
2026-04-02T19:10:00+00:00,175.08999999999995,175.45999999999995,175.06999999999994,175.27999999999994,1489
2026-04-02T19:15:00+00:00,175.27999999999994,175.36999999999995,175.01999999999995,175.11999999999995,1402
2026-04-02T19:20:00+00:00,175.11999999999995,175.21999999999994,174.94999999999996,175.08999999999995,1415
2026-04-02T19:25:00+00:00,175.08999999999995,175.14999999999995,174.84999999999994,174.87999999999994,1297
2026-04-02T19:30:00+00:00,174.87999999999994,175.05999999999995,174.84999999999994,175.00999999999996,1381
2026-04-02T19:35:00+00:00,175.00999999999996,175.15999999999994,174.88999999999996,175.09999999999994,1108
2026-04-02T19:40:00+00:00,175.09999999999994,175.15999999999994,174.92999999999995,174.95999999999995,1190
2026-04-02T19:45:00+00:00,174.95999999999995,175.09999999999994,174.85999999999996,174.96999999999994,1171
2026-04-02T19:50:00+00:00,174.96999999999994,175.42999999999995,174.95999999999995,175.26999999999995,1958
2026-04-02T19:55:00+00:00,175.26999999999995,175.46999999999994,175.14999999999995,175.41999999999996,1978
2026-04-06T13:30:00+00:00,175.41999999999996,175.69999999999996,174.69999999999996,175.20999999999995,2211
2026-04-06T13:35:00+00:00,175.20999999999995,175.22999999999996,173.74999999999994,174.57999999999996,4164
2026-04-06T13:40:00+00:00,174.57999999999996,174.82999999999996,174.28999999999994,174.69999999999996,3558
2026-04-06T13:45:00+00:00,174.69999999999996,175.44999999999996,174.64999999999995,175.13999999999996,3271
2026-04-06T13:50:00+00:00,175.13999999999996,175.43999999999994,174.84999999999994,174.99999999999994,3055
2026-04-06T13:55:00+00:00,174.99999999999994,175.18999999999994,174.67999999999995,175.00999999999996,2003
2026-04-06T14:00:00+00:00,175.00999999999996,175.30999999999995,174.03999999999994,174.06999999999994,3505
2026-04-06T14:05:00+00:00,174.06999999999994,174.33999999999995,173.95999999999995,174.31999999999994,3245
2026-04-06T14:10:00+00:00,174.31999999999994,174.71999999999994,174.03999999999994,174.46999999999994,3128
2026-04-06T14:15:00+00:00,174.46999999999994,175.05999999999995,174.44999999999996,174.93999999999994,2770
2026-04-06T14:20:00+00:00,174.93999999999994,175.07999999999996,174.88999999999996,174.99999999999994,2312
2026-04-06T14:25:00+00:00,174.99999999999994,175.00999999999996,174.60999999999996,174.75999999999996,2638
2026-04-06T14:30:00+00:00,174.75999999999996,174.92999999999995,174.53999999999994,174.77999999999994,2418
2026-04-06T14:35:00+00:00,174.77999999999994,174.93999999999994,174.26999999999995,174.44999999999996,3276
2026-04-06T14:40:00+00:00,174.44999999999996,174.78999999999994,174.30999999999995,174.39999999999995,3059
2026-04-06T14:45:00+00:00,174.39999999999995,174.57999999999996,174.14999999999995,174.20999999999995,2507
2026-04-06T14:50:00+00:00,174.20999999999995,174.55999999999995,174.17999999999995,174.55999999999995,2275
2026-04-06T14:55:00+00:00,174.55999999999995,174.81999999999994,174.40999999999994,174.57999999999996,2156
2026-04-06T15:00:00+00:00,174.57999999999996,174.93999999999994,174.49999999999994,174.81999999999994,1975
2026-04-06T15:05:00+00:00,174.81999999999994,174.93999999999994,174.53999999999994,174.89999999999995,1737
2026-04-06T15:10:00+00:00,174.89999999999995,174.89999999999995,174.50999999999996,174.61999999999995,1999
2026-04-06T15:15:00+00:00,174.61999999999995,174.89999999999995,174.54999999999995,174.67999999999995,1688
2026-04-06T15:20:00+00:00,174.67999999999995,174.85999999999996,174.58999999999995,174.59999999999994,1483
2026-04-06T15:25:00+00:00,174.59999999999994,174.73999999999995,174.38999999999996,174.45999999999995,1794
2026-04-06T15:30:00+00:00,174.45999999999995,174.72999999999996,174.43999999999994,174.72999999999996,1642
2026-04-06T15:35:00+00:00,174.72999999999996,175.03999999999994,174.62999999999994,174.91999999999996,1728
2026-04-06T15:40:00+00:00,174.91999999999996,175.07999999999996,174.81999999999994,175.00999999999996,1435
2026-04-06T15:45:00+00:00,175.00999999999996,175.30999999999995,174.94999999999996,175.20999999999995,1213
2026-04-06T15:50:00+00:00,175.20999999999995,175.59999999999994,175.15999999999994,175.46999999999994,1225
2026-04-06T15:55:00+00:00,175.46999999999994,175.52999999999994,175.30999999999995,175.42999999999995,1101
2026-04-06T16:00:00+00:00,175.42999999999995,175.46999999999994,175.10999999999996,175.12999999999994,1217
2026-04-06T16:05:00+00:00,175.12999999999994,175.22999999999996,174.95999999999995,175.01999999999995,996
2026-04-06T16:10:00+00:00,175.01999999999995,175.16999999999996,174.91999999999996,175.14999999999995,976
2026-04-06T16:15:00+00:00,175.14999999999995,175.25999999999996,175.06999999999994,175.16999999999996,1009
2026-04-06T16:20:00+00:00,175.16999999999996,175.32999999999996,175.00999999999996,175.11999999999995,962
2026-04-06T16:25:00+00:00,175.11999999999995,175.27999999999994,175.09999999999994,175.13999999999996,863
2026-04-06T16:30:00+00:00,175.13999999999996,175.17999999999995,174.97999999999996,175.11999999999995,980
2026-04-06T16:35:00+00:00,175.11999999999995,175.42999999999995,175.11999999999995,175.24999999999994,1056
2026-04-06T16:40:00+00:00,175.24999999999994,175.31999999999994,175.14999999999995,175.16999999999996,931
2026-04-06T16:45:00+00:00,175.16999999999996,175.28999999999994,175.12999999999994,175.19999999999996,836
2026-04-06T16:50:00+00:00,175.19999999999996,175.25999999999996,174.88999999999996,175.05999999999995,997
2026-04-06T16:55:00+00:00,175.05999999999995,175.10999999999996,174.83999999999995,174.97999999999996,1427
2026-04-06T17:00:00+00:00,174.97999999999996,175.01999999999995,174.45999999999995,174.65999999999994,1600
2026-04-06T17:05:00+00:00,174.65999999999994,174.90999999999994,174.59999999999994,174.75999999999996,1305
2026-04-06T17:10:00+00:00,174.75999999999996,174.79999999999995,174.01999999999995,174.24999999999994,2520
2026-04-06T17:15:00+00:00,174.24999999999994,174.61999999999995,174.17999999999995,174.58999999999995,2099
2026-04-06T17:20:00+00:00,174.58999999999995,174.93999999999994,174.38999999999996,174.88999999999996,1633
2026-04-06T17:25:00+00:00,174.88999999999996,175.02999999999994,174.81999999999994,174.92999999999995,1393
2026-04-06T17:30:00+00:00,174.92999999999995,175.12999999999994,174.82999999999996,174.98999999999995,1473
2026-04-06T17:35:00+00:00,174.98999999999995,175.07999999999996,174.78999999999994,174.85999999999996,1321
2026-04-06T17:40:00+00:00,174.85999999999996,174.86999999999995,174.61999999999995,174.70999999999995,1259
2026-04-06T17:45:00+00:00,174.70999999999995,174.76999999999995,174.56999999999994,174.70999999999995,1200
2026-04-06T17:50:00+00:00,174.70999999999995,174.73999999999995,174.52999999999994,174.63999999999996,1040
2026-04-06T17:55:00+00:00,174.63999999999996,174.69999999999996,174.54999999999995,174.58999999999995,976
2026-04-06T18:00:00+00:00,174.58999999999995,174.60999999999996,174.41999999999996,174.45999999999995,1324
2026-04-06T18:05:00+00:00,174.45999999999995,174.76999999999995,174.43999999999994,174.72999999999996,1318
2026-04-06T18:10:00+00:00,174.72999999999996,175.00999999999996,174.70999999999995,174.83999999999995,2032
2026-04-06T18:15:00+00:00,174.83999999999995,175.02999999999994,174.81999999999994,174.96999999999994,1620
2026-04-06T18:20:00+00:00,174.96999999999994,175.19999999999996,174.85999999999996,175.11999999999995,1376
2026-04-06T18:25:00+00:00,175.11999999999995,175.28999999999994,174.91999999999996,174.96999999999994,1539
2026-04-06T18:30:00+00:00,174.96999999999994,175.07999999999996,174.72999999999996,174.83999999999995,1430
2026-04-06T18:35:00+00:00,174.83999999999995,175.05999999999995,174.82999999999996,174.97999999999996,827
2026-04-06T18:40:00+00:00,174.97999999999996,175.10999999999996,174.90999999999994,175.06999999999994,833
2026-04-06T18:45:00+00:00,175.06999999999994,175.20999999999995,175.03999999999994,175.16999999999996,810
2026-04-06T18:50:00+00:00,175.16999999999996,175.29999999999995,175.12999999999994,175.24999999999994,509
2026-04-06T18:55:00+00:00,175.24999999999994,175.29999999999995,175.13999999999996,175.14999999999995,438
2026-04-06T19:00:00+00:00,175.14999999999995,175.26999999999995,175.09999999999994,175.21999999999994,789
2026-04-06T19:05:00+00:00,175.21999999999994,175.22999999999996,175.01999999999995,175.06999999999994,875
2026-04-06T19:10:00+00:00,175.06999999999994,175.25999999999996,175.00999999999996,175.24999999999994,829
2026-04-06T19:15:00+00:00,175.24999999999994,175.33999999999995,175.20999999999995,175.32999999999996,763
2026-04-06T19:20:00+00:00,175.32999999999996,175.36999999999995,175.22999999999996,175.33999999999995,711
2026-04-06T19:25:00+00:00,175.33999999999995,175.40999999999994,175.18999999999994,175.21999999999994,560
2026-04-06T19:30:00+00:00,175.21999999999994,175.41999999999996,175.15999999999994,175.34999999999994,690
2026-04-06T19:35:00+00:00,175.34999999999994,175.37999999999994,175.19999999999996,175.26999999999995,584
2026-04-06T19:40:00+00:00,175.26999999999995,175.30999999999995,175.12999999999994,175.23999999999995,737
2026-04-06T19:45:00+00:00,175.23999999999995,175.28999999999994,175.05999999999995,175.26999999999995,881
2026-04-06T19:50:00+00:00,175.26999999999995,175.43999999999994,175.08999999999995,175.19999999999996,1091
2026-04-06T19:55:00+00:00,175.19999999999996,175.66999999999996,175.18999999999994,175.57999999999996,1182
2026-04-07T13:30:00+00:00,175.57999999999996,175.57999999999996,173.21999999999994,174.02999999999994,2281
2026-04-07T13:35:00+00:00,174.02999999999994,174.97999999999996,173.86999999999995,174.60999999999996,3979
2026-04-07T13:40:00+00:00,174.60999999999996,174.72999999999996,174.20999999999995,174.38999999999996,3445
2026-04-07T13:45:00+00:00,174.38999999999996,174.53999999999994,173.78999999999994,173.93999999999994,3171
2026-04-07T13:50:00+00:00,173.93999999999994,174.11999999999995,173.66999999999996,174.08999999999995,2846
2026-04-07T13:55:00+00:00,174.08999999999995,174.18999999999994,173.28999999999994,173.29999999999995,2669
2026-04-07T14:00:00+00:00,173.29999999999995,173.43999999999994,172.94999999999996,173.10999999999996,2954
2026-04-07T14:05:00+00:00,173.10999999999996,173.13999999999996,172.41999999999996,172.86999999999995,2953
2026-04-07T14:10:00+00:00,172.86999999999995,173.07999999999996,172.74999999999994,172.83999999999995,2668
2026-04-07T14:15:00+00:00,172.83999999999995,173.19999999999996,172.77999999999994,173.03999999999994,2674
2026-04-07T14:20:00+00:00,173.03999999999994,173.61999999999995,172.99999999999994,173.41999999999996,3031
2026-04-07T14:25:00+00:00,173.41999999999996,173.43999999999994,172.88999999999996,173.04999999999995,2629
2026-04-07T14:30:00+00:00,173.04999999999995,173.14999999999995,172.64999999999995,172.88999999999996,2734
2026-04-07T14:35:00+00:00,172.88999999999996,173.03999999999994,172.67999999999995,172.74999999999994,2887
2026-04-07T14:40:00+00:00,172.74999999999994,172.86999999999995,172.51999999999995,172.72999999999996,2444
2026-04-07T14:45:00+00:00,172.72999999999996,172.97999999999996,172.61999999999995,172.71999999999994,2834
2026-04-07T14:50:00+00:00,172.71999999999994,172.87999999999994,172.57999999999996,172.81999999999994,2208
2026-04-07T14:55:00+00:00,172.81999999999994,172.81999999999994,172.20999999999995,172.23999999999995,2043
2026-04-07T15:00:00+00:00,172.23999999999995,172.23999999999995,171.83999999999995,171.91999999999996,2893
2026-04-07T15:05:00+00:00,171.91999999999996,171.96999999999994,171.63999999999996,171.95999999999995,2416
2026-04-07T15:10:00+00:00,171.95999999999995,172.48999999999995,171.95999999999995,172.41999999999996,2053
2026-04-07T15:15:00+00:00,172.41999999999996,173.04999999999995,172.36999999999995,172.72999999999996,3188
2026-04-07T15:20:00+00:00,172.72999999999996,172.86999999999995,172.65999999999994,172.77999999999994,1980
2026-04-07T15:25:00+00:00,172.77999999999994,173.01999999999995,172.74999999999994,173.00999999999996,2127
2026-04-07T15:30:00+00:00,173.00999999999996,173.14999999999995,172.79999999999995,173.00999999999996,2034
2026-04-07T15:35:00+00:00,173.00999999999996,173.14999999999995,172.67999999999995,172.81999999999994,1890
2026-04-07T15:40:00+00:00,172.81999999999994,172.95999999999995,172.65999999999994,172.84999999999994,1725
2026-04-07T15:45:00+00:00,172.84999999999994,173.07999999999996,172.79999999999995,173.01999999999995,1548
2026-04-07T15:50:00+00:00,173.01999999999995,173.14999999999995,172.85999999999996,173.10999999999996,1547
2026-04-07T15:55:00+00:00,173.10999999999996,173.45999999999995,173.05999999999995,173.19999999999996,2087
2026-04-07T16:00:00+00:00,173.19999999999996,173.92999999999995,172.93999999999994,173.52999999999994,3350
2026-04-07T16:05:00+00:00,173.52999999999994,173.57999999999996,173.14999999999995,173.16999999999996,2714
2026-04-07T16:10:00+00:00,173.16999999999996,173.27999999999994,173.02999999999994,173.07999999999996,1751
2026-04-07T16:15:00+00:00,173.07999999999996,173.33999999999995,172.99999999999994,173.13999999999996,1695
2026-04-07T16:20:00+00:00,173.13999999999996,173.58999999999995,173.06999999999994,173.46999999999994,2142
2026-04-07T16:25:00+00:00,173.46999999999994,173.62999999999994,173.30999999999995,173.38999999999996,2255
2026-04-07T16:30:00+00:00,173.38999999999996,173.62999999999994,173.29999999999995,173.60999999999996,1581
2026-04-07T16:35:00+00:00,173.60999999999996,173.66999999999996,173.25999999999996,173.36999999999995,1472
2026-04-07T16:40:00+00:00,173.36999999999995,173.57999999999996,173.26999999999995,173.54999999999995,1346
2026-04-07T16:45:00+00:00,173.54999999999995,173.90999999999994,173.50999999999996,173.74999999999994,1537
2026-04-07T16:50:00+00:00,173.74999999999994,173.93999999999994,173.67999999999995,173.81999999999994,1277
2026-04-07T16:55:00+00:00,173.81999999999994,173.84999999999994,173.47999999999996,173.50999999999996,1162
2026-04-07T17:00:00+00:00,173.50999999999996,173.79999999999995,173.38999999999996,173.70999999999995,1744
2026-04-07T17:05:00+00:00,173.70999999999995,173.82999999999996,173.55999999999995,173.56999999999994,1483
2026-04-07T17:10:00+00:00,173.56999999999994,173.74999999999994,173.42999999999995,173.42999999999995,1250
2026-04-07T17:15:00+00:00,173.42999999999995,173.57999999999996,173.28999999999994,173.41999999999996,1277
2026-04-07T17:20:00+00:00,173.41999999999996,173.49999999999994,173.31999999999994,173.42999999999995,1147
2026-04-07T17:25:00+00:00,173.42999999999995,173.59999999999994,173.28999999999994,173.37999999999994,972
2026-04-07T17:30:00+00:00,173.37999999999994,173.79999999999995,173.31999999999994,173.72999999999996,1579
2026-04-07T17:35:00+00:00,173.72999999999996,174.16999999999996,173.72999999999996,173.82999999999996,2611
2026-04-07T17:40:00+00:00,173.82999999999996,173.84999999999994,173.43999999999994,173.50999999999996,1564
2026-04-07T17:45:00+00:00,173.50999999999996,173.73999999999995,173.43999999999994,173.71999999999994,1316
2026-04-07T17:50:00+00:00,173.71999999999994,174.04999999999995,173.69999999999996,173.96999999999994,1235
2026-04-07T17:55:00+00:00,173.96999999999994,173.97999999999996,173.69999999999996,173.74999999999994,1035
2026-04-07T18:00:00+00:00,173.74999999999994,173.99999999999994,173.74999999999994,173.82999999999996,964
2026-04-07T18:05:00+00:00,173.82999999999996,173.88999999999996,173.67999999999995,173.74999999999994,910
2026-04-07T18:10:00+00:00,173.74999999999994,173.89999999999995,173.59999999999994,173.82999999999996,956
2026-04-07T18:15:00+00:00,173.82999999999996,173.94999999999996,173.74999999999994,173.90999999999994,956
2026-04-07T18:20:00+00:00,173.90999999999994,174.04999999999995,173.69999999999996,173.72999999999996,1152
2026-04-07T18:25:00+00:00,173.72999999999996,173.91999999999996,173.62999999999994,173.66999999999996,1389
2026-04-07T18:30:00+00:00,173.66999999999996,173.77999999999994,173.50999999999996,173.73999999999995,1189
2026-04-07T18:35:00+00:00,173.73999999999995,173.75999999999996,173.56999999999994,173.65999999999994,951
2026-04-07T18:40:00+00:00,173.65999999999994,173.69999999999996,173.35999999999996,173.49999999999994,1295
2026-04-07T18:45:00+00:00,173.49999999999994,173.57999999999996,173.31999999999994,173.42999999999995,1295
2026-04-07T18:50:00+00:00,173.42999999999995,173.50999999999996,173.11999999999995,173.18999999999994,1281
2026-04-07T18:55:00+00:00,173.18999999999994,173.29999999999995,172.95999999999995,173.22999999999996,1829
2026-04-07T19:00:00+00:00,173.22999999999996,173.48999999999995,173.08999999999995,173.44999999999996,1409
2026-04-07T19:05:00+00:00,173.44999999999996,173.67999999999995,173.22999999999996,173.49999999999994,1845
2026-04-07T19:10:00+00:00,173.49999999999994,173.68999999999994,173.46999999999994,173.62999999999994,1592
2026-04-07T19:15:00+00:00,173.62999999999994,174.65999999999994,173.56999999999994,174.55999999999995,2982
2026-04-07T19:20:00+00:00,174.55999999999995,174.85999999999996,174.00999999999996,174.36999999999995,3676
2026-04-07T19:25:00+00:00,174.36999999999995,174.41999999999996,174.06999999999994,174.26999999999995,2320
2026-04-07T19:30:00+00:00,174.26999999999995,174.33999999999995,174.16999999999996,174.25999999999996,2003
2026-04-07T19:35:00+00:00,174.25999999999996,174.34999999999994,174.05999999999995,174.28999999999994,1682
2026-04-07T19:40:00+00:00,174.28999999999994,174.79999999999995,174.20999999999995,174.64999999999995,1858
2026-04-07T19:45:00+00:00,174.64999999999995,175.39999999999995,174.48999999999995,174.87999999999994,4612
2026-04-07T19:50:00+00:00,174.87999999999994,175.46999999999994,174.87999999999994,175.30999999999995,2728
2026-04-07T19:55:00+00:00,175.30999999999995,176.18999999999994,175.28999999999994,176.08999999999995,2574
2026-04-08T13:30:00+00:00,176.08999999999995,183.19999999999996,176.08999999999995,182.23999999999995,3016
2026-04-08T13:35:00+00:00,182.23999999999995,182.70999999999995,181.13999999999996,181.24999999999994,4214
2026-04-08T13:40:00+00:00,181.24999999999994,181.30999999999995,180.68999999999994,181.00999999999996,3438
2026-04-08T13:45:00+00:00,181.00999999999996,181.95999999999995,181.00999999999996,181.89999999999995,3157
2026-04-08T13:50:00+00:00,181.89999999999995,181.89999999999995,181.03999999999994,181.16999999999996,3140
2026-04-08T13:55:00+00:00,181.16999999999996,181.30999999999995,180.55999999999995,180.61999999999995,2960
2026-04-08T14:00:00+00:00,180.61999999999995,180.77999999999994,180.07999999999996,180.16999999999996,2905
2026-04-08T14:05:00+00:00,180.16999999999996,180.25999999999996,179.31999999999994,179.52999999999994,2997
2026-04-08T14:10:00+00:00,179.52999999999994,179.90999999999994,179.22999999999996,179.75999999999996,2462
2026-04-08T14:15:00+00:00,179.75999999999996,179.79999999999995,179.37999999999994,179.51999999999995,2370
2026-04-08T14:20:00+00:00,179.51999999999995,180.21999999999994,179.45999999999995,180.11999999999995,2287
2026-04-08T14:25:00+00:00,180.11999999999995,180.23999999999995,179.74999999999994,179.78999999999994,2170
2026-04-08T14:30:00+00:00,179.78999999999994,179.90999999999994,179.35999999999996,179.48999999999995,2815
2026-04-08T14:35:00+00:00,179.48999999999995,179.53999999999994,179.05999999999995,179.32999999999996,2637
2026-04-08T14:40:00+00:00,179.32999999999996,179.38999999999996,179.00999999999996,179.03999999999994,2224
2026-04-08T14:45:00+00:00,179.03999999999994,179.13999999999996,178.63999999999996,178.98999999999995,2499
2026-04-08T14:50:00+00:00,178.98999999999995,179.14999999999995,178.79999999999995,179.11999999999995,2325
2026-04-08T14:55:00+00:00,179.11999999999995,179.14999999999995,178.27999999999994,178.85999999999996,3182.938623970298
2026-04-08T15:00:00+00:00,178.85999999999996,179.49999999999997,178.82999999999996,179.35999999999996,2377
2026-04-08T15:05:00+00:00,179.35999999999996,179.48999999999998,178.97999999999996,178.99999999999997,2109
2026-04-08T15:10:00+00:00,178.99999999999997,179.27999999999997,178.93999999999997,179.23999999999998,2102
2026-04-08T15:15:00+00:00,179.23999999999998,179.36999999999998,178.90999999999997,179.33999999999997,1820
2026-04-08T15:20:00+00:00,179.33999999999997,179.53999999999996,179.19999999999996,179.49999999999997,1767
2026-04-08T15:25:00+00:00,179.49999999999997,179.65999999999997,179.20999999999998,179.26999999999995,2210
2026-04-08T15:30:00+00:00,179.26999999999995,179.46999999999997,179.20999999999998,179.23999999999998,2145
2026-04-08T15:35:00+00:00,179.23999999999998,179.45999999999998,179.09999999999997,179.34999999999997,1806
2026-04-08T15:40:00+00:00,179.34999999999997,179.69999999999996,179.13999999999996,179.67999999999998,1207
2026-04-08T15:45:00+00:00,179.67999999999998,179.84999999999997,179.66999999999996,179.77999999999997,1192
2026-04-08T15:50:00+00:00,179.77999999999997,179.83999999999997,179.58999999999997,179.75999999999996,1104
2026-04-08T15:55:00+00:00,179.75999999999996,179.88999999999996,179.53999999999996,179.60999999999996,1085
2026-04-08T16:00:00+00:00,179.60999999999996,179.98999999999998,179.54999999999995,179.84999999999997,1030
2026-04-08T16:05:00+00:00,179.84999999999997,179.95999999999998,179.76999999999995,179.82999999999996,1003
2026-04-08T16:10:00+00:00,179.82999999999996,179.87999999999997,179.65999999999997,179.67999999999998,917
2026-04-08T16:15:00+00:00,179.67999999999998,179.75999999999996,179.29999999999995,179.38999999999996,1635
2026-04-08T16:20:00+00:00,179.38999999999996,179.44999999999996,179.23999999999998,179.36999999999998,1274
2026-04-08T16:25:00+00:00,179.36999999999998,179.64999999999998,179.29999999999995,179.41999999999996,1057
2026-04-08T16:30:00+00:00,179.41999999999996,179.53999999999996,179.34999999999997,179.50999999999996,1154
2026-04-08T16:35:00+00:00,179.50999999999996,179.60999999999996,179.39999999999998,179.50999999999996,854
2026-04-08T16:40:00+00:00,179.50999999999996,179.69999999999996,179.41999999999996,179.54999999999995,913
2026-04-08T16:45:00+00:00,179.54999999999995,179.68999999999997,179.43999999999997,179.67999999999998,1092
2026-04-08T16:50:00+00:00,179.67999999999998,179.74999999999997,179.48999999999998,179.64999999999998,1093
2026-04-08T16:55:00+00:00,179.64999999999998,179.72999999999996,179.51999999999995,179.54999999999995,652
2026-04-08T17:00:00+00:00,179.54999999999995,179.66999999999996,179.47999999999996,179.52999999999997,488
2026-04-08T17:05:00+00:00,179.52999999999997,179.75999999999996,179.38999999999996,179.68999999999997,595
2026-04-08T17:10:00+00:00,179.68999999999997,179.73999999999998,179.55999999999997,179.58999999999997,727
2026-04-08T17:15:00+00:00,179.58999999999997,179.65999999999997,179.46999999999997,179.55999999999997,934
2026-04-08T17:20:00+00:00,179.55999999999997,179.77999999999997,179.44999999999996,179.51999999999995,1398
2026-04-08T17:25:00+00:00,179.51999999999995,179.64999999999998,179.33999999999997,179.41999999999996,1431
2026-04-08T17:30:00+00:00,179.41999999999996,179.64999999999998,179.37999999999997,179.49999999999997,1203
2026-04-08T17:35:00+00:00,179.49999999999997,179.55999999999997,179.24999999999997,179.46999999999997,1385
2026-04-08T17:40:00+00:00,179.46999999999997,179.69999999999996,179.45999999999998,179.53999999999996,1243
2026-04-08T17:45:00+00:00,179.53999999999996,179.67999999999998,179.45999999999998,179.58999999999997,864
2026-04-08T17:50:00+00:00,179.58999999999997,179.81999999999996,179.56999999999996,179.62999999999997,893
2026-04-08T17:55:00+00:00,179.62999999999997,179.71999999999997,179.59999999999997,179.70999999999998,432
2026-04-08T18:00:00+00:00,179.70999999999998,179.97999999999996,179.55999999999997,179.93999999999997,964
2026-04-08T18:05:00+00:00,179.93999999999997,180.02999999999997,179.84999999999997,179.98999999999998,745
2026-04-08T18:10:00+00:00,179.98999999999998,180.13999999999996,179.96999999999997,180.05999999999997,564
2026-04-08T18:15:00+00:00,180.05999999999997,180.14999999999998,179.43999999999997,179.69999999999996,1826
2026-04-08T18:20:00+00:00,179.69999999999996,180.05999999999997,179.66999999999996,179.85999999999996,2641
2026-04-08T18:25:00+00:00,179.85999999999996,179.93999999999997,179.64999999999998,179.66999999999996,1691
2026-04-08T18:30:00+00:00,179.66999999999996,179.92999999999998,179.64999999999998,179.87999999999997,1319
2026-04-08T18:35:00+00:00,179.87999999999997,180.00999999999996,179.72999999999996,179.77999999999997,824
2026-04-08T18:40:00+00:00,179.77999999999997,179.80999999999997,179.57999999999996,179.61999999999998,1387
2026-04-08T18:45:00+00:00,179.61999999999998,179.81999999999996,179.53999999999996,179.73999999999998,1119
2026-04-08T18:50:00+00:00,179.73999999999998,179.87999999999997,179.65999999999997,179.70999999999998,1099
2026-04-08T18:55:00+00:00,179.70999999999998,179.71999999999997,179.05999999999997,179.11999999999998,1297
2026-04-08T19:00:00+00:00,179.11999999999998,179.49999999999997,179.05999999999997,179.43999999999997,1769
2026-04-08T19:05:00+00:00,179.43999999999997,179.73999999999998,179.40999999999997,179.64999999999998,1396
2026-04-08T19:10:00+00:00,179.64999999999998,179.93999999999997,179.62999999999997,179.87999999999997,1245
2026-04-08T19:15:00+00:00,179.87999999999997,179.89999999999998,179.59999999999997,179.69999999999996,1193
2026-04-08T19:20:00+00:00,179.69999999999996,179.79999999999995,179.57999999999996,179.76999999999995,1261
2026-04-08T19:25:00+00:00,179.76999999999995,179.90999999999997,179.56999999999996,179.66999999999996,1132
2026-04-08T19:30:00+00:00,179.66999999999996,179.94999999999996,179.63999999999996,179.86999999999998,1091
2026-04-08T19:35:00+00:00,179.86999999999998,180.05999999999997,179.77999999999997,179.84999999999997,1116
2026-04-08T19:40:00+00:00,179.84999999999997,179.85999999999996,179.65999999999997,179.79999999999995,1169
2026-04-08T19:45:00+00:00,179.79999999999995,180.10999999999996,179.78999999999996,180.04999999999995,1023
2026-04-08T19:50:00+00:00,180.04999999999995,180.18999999999997,179.73999999999998,179.74999999999997,1292
2026-04-08T19:55:00+00:00,179.74999999999997,180.16999999999996,179.60999999999996,180.08999999999997,1643
2026-04-09T13:30:00+00:00,180.08999999999997,180.21999999999997,178.58999999999997,178.77999999999997,1846
2026-04-09T13:35:00+00:00,178.77999999999997,179.83999999999997,178.76999999999995,179.21999999999997,3104
2026-04-09T13:40:00+00:00,179.21999999999997,179.91999999999996,178.89999999999998,179.83999999999997,2638
2026-04-09T13:45:00+00:00,179.83999999999997,179.90999999999997,179.47999999999996,179.70999999999998,2529
2026-04-09T13:50:00+00:00,179.70999999999998,179.89999999999998,179.40999999999997,179.49999999999997,2232
2026-04-09T13:55:00+00:00,179.49999999999997,179.56999999999996,179.08999999999997,179.43999999999997,2101
2026-04-09T14:00:00+00:00,179.43999999999997,179.95999999999998,179.26999999999995,179.91999999999996,2066
2026-04-09T14:05:00+00:00,179.91999999999996,180.21999999999997,179.72999999999996,179.75999999999996,2242
2026-04-09T14:10:00+00:00,179.75999999999996,180.06999999999996,179.54999999999995,179.83999999999997,1923
2026-04-09T14:15:00+00:00,179.83999999999997,179.84999999999997,179.23999999999998,179.39999999999998,1882
2026-04-09T14:20:00+00:00,179.39999999999998,179.81999999999996,179.32999999999996,179.66999999999996,1626
2026-04-09T14:25:00+00:00,179.66999999999996,179.77999999999997,179.37999999999997,179.56999999999996,1456
2026-04-09T14:30:00+00:00,179.56999999999996,179.66999999999996,179.33999999999997,179.59999999999997,1548
2026-04-09T14:35:00+00:00,179.59999999999997,179.81999999999996,179.45999999999998,179.78999999999996,1546
2026-04-09T14:40:00+00:00,179.78999999999996,179.94999999999996,179.71999999999997,179.85999999999996,1467
2026-04-09T14:45:00+00:00,179.85999999999996,180.44999999999996,179.85999999999996,180.32999999999996,1586
2026-04-09T14:50:00+00:00,180.32999999999996,180.67999999999998,180.29999999999995,180.53999999999996,1475
2026-04-09T14:55:00+00:00,180.53999999999996,180.72999999999996,180.29999999999995,180.49999999999997,1535
2026-04-09T15:00:00+00:00,180.49999999999997,180.62999999999997,180.32999999999996,180.57999999999996,1289
2026-04-09T15:05:00+00:00,180.57999999999996,180.72999999999996,180.46999999999997,180.64999999999998,1067
2026-04-09T15:10:00+00:00,180.64999999999998,181.26999999999995,180.60999999999996,181.22999999999996,1296
2026-04-09T15:15:00+00:00,181.22999999999996,181.49999999999997,181.21999999999997,181.39999999999998,1616
2026-04-09T15:20:00+00:00,181.39999999999998,181.44999999999996,181.05999999999997,181.12999999999997,1281
2026-04-09T15:25:00+00:00,181.12999999999997,181.12999999999997,180.71999999999997,180.80999999999997,1260
2026-04-09T15:30:00+00:00,180.80999999999997,181.33999999999997,180.68999999999997,181.10999999999996,2809
2026-04-09T15:35:00+00:00,181.10999999999996,181.20999999999998,180.77999999999997,180.93999999999997,2787
2026-04-09T15:40:00+00:00,180.93999999999997,181.12999999999997,180.75999999999996,180.82999999999996,1909
2026-04-09T15:45:00+00:00,180.82999999999996,181.39999999999998,180.68999999999997,181.24999999999997,1924
2026-04-09T15:50:00+00:00,181.24999999999997,181.38999999999996,181.13999999999996,181.37999999999997,1443
2026-04-09T15:55:00+00:00,181.37999999999997,181.53999999999996,181.30999999999997,181.36999999999998,1276
2026-04-09T16:00:00+00:00,181.36999999999998,181.92999999999998,181.36999999999998,181.71999999999997,1944
2026-04-09T16:05:00+00:00,181.71999999999997,181.72999999999996,181.42999999999998,181.48999999999998,1397
2026-04-09T16:10:00+00:00,181.48999999999998,181.60999999999996,181.32999999999996,181.32999999999996,1498
2026-04-09T16:15:00+00:00,181.32999999999996,181.45999999999998,181.26999999999995,181.37999999999997,1344
2026-04-09T16:20:00+00:00,181.37999999999997,181.38999999999996,181.15999999999997,181.20999999999998,1053
2026-04-09T16:25:00+00:00,181.20999999999998,181.55999999999997,181.17999999999998,181.48999999999998,795
2026-04-09T16:30:00+00:00,181.48999999999998,181.52999999999997,181.30999999999997,181.44999999999996,1134
2026-04-09T16:35:00+00:00,181.44999999999996,181.51999999999995,181.26999999999995,181.46999999999997,995
2026-04-09T16:40:00+00:00,181.46999999999997,181.48999999999998,181.19999999999996,181.40999999999997,1003
2026-04-09T16:45:00+00:00,181.40999999999997,181.44999999999996,181.04999999999995,181.18999999999997,976
2026-04-09T16:50:00+00:00,181.18999999999997,181.61999999999998,181.18999999999997,181.57999999999996,1111
2026-04-09T16:55:00+00:00,181.57999999999996,181.62999999999997,181.33999999999997,181.44999999999996,782
2026-04-09T17:00:00+00:00,181.44999999999996,181.58999999999997,181.34999999999997,181.55999999999997,452
2026-04-09T17:05:00+00:00,181.55999999999997,181.77999999999997,181.48999999999998,181.62999999999997,819
2026-04-09T17:10:00+00:00,181.62999999999997,181.85999999999996,181.55999999999997,181.68999999999997,673
2026-04-09T17:15:00+00:00,181.68999999999997,181.81999999999996,181.63999999999996,181.73999999999998,859
2026-04-09T17:20:00+00:00,181.73999999999998,181.76999999999995,181.61999999999998,181.64999999999998,784
2026-04-09T17:25:00+00:00,181.64999999999998,181.67999999999998,181.39999999999998,181.42999999999998,724
2026-04-09T17:30:00+00:00,181.42999999999998,181.43999999999997,181.10999999999996,181.25999999999996,1131
2026-04-09T17:35:00+00:00,181.25999999999996,181.65999999999997,181.25999999999996,181.63999999999996,927
2026-04-09T17:40:00+00:00,181.63999999999996,181.69999999999996,181.52999999999997,181.55999999999997,608
2026-04-09T17:45:00+00:00,181.55999999999997,181.65999999999997,181.47999999999996,181.56999999999996,761
2026-04-09T17:50:00+00:00,181.56999999999996,181.56999999999996,181.38999999999996,181.43999999999997,736
2026-04-09T17:55:00+00:00,181.43999999999997,181.53999999999996,181.35999999999996,181.51999999999995,489
2026-04-09T18:00:00+00:00,181.51999999999995,181.64999999999998,180.95999999999998,181.10999999999996,1710
2026-04-09T18:05:00+00:00,181.10999999999996,181.43999999999997,181.08999999999997,181.37999999999997,1828
2026-04-09T18:10:00+00:00,181.37999999999997,181.43999999999997,181.14999999999998,181.28999999999996,1364
2026-04-09T18:15:00+00:00,181.28999999999996,181.45999999999998,181.21999999999997,181.28999999999996,980
2026-04-09T18:20:00+00:00,181.28999999999996,181.33999999999997,181.01999999999995,181.10999999999996,1200
2026-04-09T18:25:00+00:00,181.10999999999996,181.19999999999996,180.95999999999998,181.03999999999996,1553
2026-04-09T18:30:00+00:00,181.03999999999996,181.15999999999997,180.88999999999996,180.93999999999997,1291
2026-04-09T18:35:00+00:00,180.93999999999997,181.45999999999998,180.90999999999997,181.43999999999997,938
2026-04-09T18:40:00+00:00,181.43999999999997,181.52999999999997,181.27999999999997,181.34999999999997,801
2026-04-09T18:45:00+00:00,181.34999999999997,181.49999999999997,181.30999999999997,181.44999999999996,929
2026-04-09T18:50:00+00:00,181.44999999999996,181.45999999999998,181.22999999999996,181.40999999999997,870
2026-04-09T18:55:00+00:00,181.40999999999997,181.56999999999996,181.38999999999996,181.43999999999997,665
2026-04-09T19:00:00+00:00,181.43999999999997,181.78999999999996,181.39999999999998,181.71999999999997,920
2026-04-09T19:05:00+00:00,181.71999999999997,181.78999999999996,181.61999999999998,181.71999999999997,689
2026-04-09T19:10:00+00:00,181.71999999999997,181.78999999999996,181.64999999999998,181.66999999999996,834
2026-04-09T19:15:00+00:00,181.66999999999996,181.75999999999996,181.42999999999998,181.61999999999998,931
2026-04-09T19:20:00+00:00,181.61999999999998,181.65999999999997,181.45999999999998,181.48999999999998,920
2026-04-09T19:25:00+00:00,181.48999999999998,181.72999999999996,181.48999999999998,181.60999999999996,820
2026-04-09T19:30:00+00:00,181.60999999999996,181.81999999999996,181.55999999999997,181.74999999999997,995
2026-04-09T19:35:00+00:00,181.74999999999997,181.81999999999996,181.66999999999996,181.72999999999996,445
2026-04-09T19:40:00+00:00,181.72999999999996,181.79999999999995,181.55999999999997,181.67999999999998,927
2026-04-09T19:45:00+00:00,181.67999999999998,181.76999999999995,181.55999999999997,181.60999999999996,987
2026-04-09T19:50:00+00:00,181.60999999999996,182.03999999999996,181.59999999999997,181.97999999999996,1382
2026-04-09T19:55:00+00:00,181.97999999999996,181.99999999999997,181.71999999999997,181.84999999999997,1709
2026-04-10T13:30:00+00:00,181.84999999999997,184.45999999999998,181.84999999999997,183.65999999999997,2383
2026-04-10T13:35:00+00:00,183.65999999999997,184.25999999999996,183.07999999999996,183.25999999999996,3469
2026-04-10T13:40:00+00:00,183.25999999999996,184.02999999999997,183.05999999999997,183.79999999999995,2453
2026-04-10T13:45:00+00:00,183.79999999999995,185.16999999999996,183.76999999999995,184.88999999999996,3089
2026-04-10T13:50:00+00:00,184.88999999999996,185.88999999999996,184.68999999999997,185.82999999999996,2708
2026-04-10T13:55:00+00:00,185.82999999999996,185.85999999999996,184.92999999999998,185.02999999999997,1576
2026-04-10T14:00:00+00:00,185.02999999999997,185.02999999999997,184.32999999999996,184.41999999999996,2608
2026-04-10T14:05:00+00:00,184.41999999999996,184.72999999999996,184.35999999999996,184.58999999999997,2076
2026-04-10T14:10:00+00:00,184.58999999999997,185.30999999999997,184.26999999999995,185.20999999999998,2277
2026-04-10T14:15:00+00:00,185.20999999999998,185.34999999999997,185.07999999999996,185.29999999999995,1904
2026-04-10T14:20:00+00:00,185.29999999999995,185.55999999999997,185.27999999999997,185.50999999999996,1352
2026-04-10T14:25:00+00:00,185.50999999999996,185.78999999999996,185.41999999999996,185.76999999999995,1398
2026-04-10T14:30:00+00:00,185.76999999999995,186.42999999999998,185.67999999999998,186.27999999999997,2204
2026-04-10T14:35:00+00:00,186.27999999999997,186.79999999999995,185.90999999999997,186.52999999999997,2223
2026-04-10T14:40:00+00:00,186.52999999999997,186.62999999999997,185.98999999999998,186.04999999999995,2296
2026-04-10T14:45:00+00:00,186.04999999999995,186.43999999999997,185.89999999999998,186.18999999999997,2118
2026-04-10T14:50:00+00:00,186.18999999999997,186.67999999999998,186.15999999999997,186.37999999999997,1753
2026-04-10T14:55:00+00:00,186.37999999999997,186.88999999999996,186.22999999999996,186.83999999999997,1641.8089944416372
2026-04-10T15:00:00+00:00,186.83999999999997,186.95,186.58999999999997,186.60999999999999,1685
2026-04-10T15:05:00+00:00,186.60999999999999,187.16,186.51999999999998,187.01,1758
2026-04-10T15:10:00+00:00,187.01,187.11999999999998,186.63,187.02999999999997,1561
2026-04-10T15:15:00+00:00,187.02999999999997,187.57,186.99999999999997,187.35,1636
2026-04-10T15:20:00+00:00,187.35,187.95,187.30999999999997,187.85,1377
2026-04-10T15:25:00+00:00,187.85,187.89,187.42,187.42,1842
2026-04-10T15:30:00+00:00,187.42,187.52999999999997,187.02999999999997,187.05999999999997,1786
2026-04-10T15:35:00+00:00,187.05999999999997,187.07999999999998,186.52999999999997,186.54999999999998,1846
2026-04-10T15:40:00+00:00,186.54999999999998,186.88,186.41,186.79,1875
2026-04-10T15:45:00+00:00,186.79,186.98,186.6,186.72,1383
2026-04-10T15:50:00+00:00,186.72,186.74999999999997,186.32999999999998,186.38,1092
2026-04-10T15:55:00+00:00,186.38,186.45,186.08999999999997,186.38,1850
2026-04-10T16:00:00+00:00,186.38,186.45999999999998,186.02999999999997,186.20999999999998,1716
2026-04-10T16:05:00+00:00,186.20999999999998,186.51,186.10999999999999,186.27999999999997,1412
2026-04-10T16:10:00+00:00,186.27999999999997,186.73,186.26999999999998,186.55999999999997,1448
2026-04-10T16:15:00+00:00,186.55999999999997,186.64999999999998,186.36999999999998,186.48,1165
2026-04-10T16:20:00+00:00,186.48,186.7,186.2,186.67,1188
2026-04-10T16:25:00+00:00,186.67,186.69,186.36999999999998,186.41,1042
2026-04-10T16:30:00+00:00,186.41,186.49999999999997,186.17,186.26999999999998,1188
2026-04-10T16:35:00+00:00,186.26999999999998,186.35999999999999,186.11999999999998,186.17,942
2026-04-10T16:40:00+00:00,186.17,186.24999999999997,185.92,186.1,1173
2026-04-10T16:45:00+00:00,186.1,186.44,186.07,186.39999999999998,1046
2026-04-10T16:50:00+00:00,186.39999999999998,186.51999999999998,185.88,186.42,1589
2026-04-10T16:55:00+00:00,186.42,186.48,186.29,186.47,958
2026-04-10T17:00:00+00:00,186.47,186.57,186.32,186.39999999999998,1217
2026-04-10T17:05:00+00:00,186.39999999999998,186.52999999999997,186.32999999999998,186.42999999999998,950
2026-04-10T17:10:00+00:00,186.42999999999998,186.45999999999998,186.24999999999997,186.39,652
2026-04-10T17:15:00+00:00,186.39,186.45999999999998,186.23,186.35999999999999,812
2026-04-10T17:20:00+00:00,186.35999999999999,186.35999999999999,186.07999999999998,186.20999999999998,930
2026-04-10T17:25:00+00:00,186.20999999999998,186.38,186.04,186.1,865
2026-04-10T17:30:00+00:00,186.1,186.23,185.91,186.22,1176
2026-04-10T17:35:00+00:00,186.22,186.29999999999998,186.01999999999998,186.14,896
2026-04-10T17:40:00+00:00,186.14,186.47,186.14,186.45,884
2026-04-10T17:45:00+00:00,186.45,186.51,186.35,186.42,697
2026-04-10T17:50:00+00:00,186.42,186.64999999999998,186.39999999999998,186.63,395
2026-04-10T17:55:00+00:00,186.63,186.7,186.51,186.63,416
2026-04-10T18:00:00+00:00,186.63,186.66,186.32999999999998,186.36999999999998,781
2026-04-10T18:05:00+00:00,186.36999999999998,186.39999999999998,186.23,186.38,933
2026-04-10T18:10:00+00:00,186.38,186.60999999999999,186.32,186.52999999999997,678
2026-04-10T18:15:00+00:00,186.52999999999997,186.69,186.48,186.66,697
2026-04-10T18:20:00+00:00,186.66,186.94,186.63,186.79,816
2026-04-10T18:25:00+00:00,186.79,186.79999999999998,186.47,186.52999999999997,802
2026-04-10T18:30:00+00:00,186.52999999999997,186.54,186.32,186.45,728
2026-04-10T18:35:00+00:00,186.45,186.64999999999998,186.39,186.60999999999999,623
2026-04-10T18:40:00+00:00,186.60999999999999,186.67,186.51999999999998,186.57,535
2026-04-10T18:45:00+00:00,186.57,186.74999999999997,186.54,186.70999999999998,434
2026-04-10T18:50:00+00:00,186.70999999999998,186.86999999999998,186.7,186.76999999999998,467
2026-04-10T18:55:00+00:00,186.76999999999998,186.86999999999998,186.70999999999998,186.73,484
2026-04-10T19:00:00+00:00,186.73,187.08999999999997,186.69,187.08999999999997,573
2026-04-10T19:05:00+00:00,187.08999999999997,187.26999999999998,187.04999999999998,187.19,692
2026-04-10T19:10:00+00:00,187.19,187.51,187.16,187.36999999999998,638
2026-04-10T19:15:00+00:00,187.36999999999998,187.51,187.08999999999997,187.51,741
2026-04-10T19:20:00+00:00,187.51,187.63,187.32999999999998,187.41,879
2026-04-10T19:25:00+00:00,187.41,187.44,187.26,187.32,610
2026-04-10T19:30:00+00:00,187.32,187.32,187.02999999999997,187.07,637
2026-04-10T19:35:00+00:00,187.07,187.14,186.92,186.97,641
2026-04-10T19:40:00+00:00,186.97,186.97,186.60999999999999,186.86999999999998,833
2026-04-10T19:45:00+00:00,186.86999999999998,186.91,186.51999999999998,186.54999999999998,1049
2026-04-10T19:50:00+00:00,186.54999999999998,186.57999999999998,186.26,186.27999999999997,1398
2026-04-10T19:55:00+00:00,186.27999999999997,186.7,186.04999999999998,186.61999999999998,1395
2026-04-13T13:30:00+00:00,186.61999999999998,186.61999999999998,183.67,184.36999999999998,2655
2026-04-13T13:35:00+00:00,184.36999999999998,184.54,184.07999999999998,184.26,2869
2026-04-13T13:40:00+00:00,184.26,184.92999999999998,184.1,184.17,2488
2026-04-13T13:45:00+00:00,184.17,184.99999999999997,183.94,184.82999999999998,3486
2026-04-13T13:50:00+00:00,184.82999999999998,185.60999999999999,184.67,185.6,3072
2026-04-13T13:55:00+00:00,185.6,185.98999999999998,185.23999999999998,185.98,2428
2026-04-13T14:00:00+00:00,185.98,186.2,185.83999999999997,186.10999999999999,2411
2026-04-13T14:05:00+00:00,186.10999999999999,186.29,185.64,185.95,2089
2026-04-13T14:10:00+00:00,185.95,186.05999999999997,185.67999999999998,185.82,1906
2026-04-13T14:15:00+00:00,185.82,186.01999999999998,185.55999999999997,186.01,1756
2026-04-13T14:20:00+00:00,186.01,186.24999999999997,185.73999999999998,186.14999999999998,2433
2026-04-13T14:25:00+00:00,186.14999999999998,186.42,186.07,186.35,1814
2026-04-13T14:30:00+00:00,186.35,186.48999999999998,186.07999999999998,186.44,1583
2026-04-13T14:35:00+00:00,186.44,186.57999999999998,186.13,186.54,1390
2026-04-13T14:40:00+00:00,186.54,186.85,186.27999999999997,186.82999999999998,1459
2026-04-13T14:45:00+00:00,186.82999999999998,187.05999999999997,186.79,187.04999999999998,1543
2026-04-13T14:50:00+00:00,187.04999999999998,187.29999999999998,186.91,187.22,1256
2026-04-13T14:55:00+00:00,187.22,187.57,187.07,187.32,1414
2026-04-13T15:00:00+00:00,187.32,187.32,186.83999999999997,186.95999999999998,2021
2026-04-13T15:05:00+00:00,186.95999999999998,187.45,186.89,187.33999999999997,1416
2026-04-13T15:10:00+00:00,187.33999999999997,187.6,187.23999999999998,187.41,1270
2026-04-13T15:15:00+00:00,187.41,187.51,187.24999999999997,187.29999999999998,1229
2026-04-13T15:20:00+00:00,187.29999999999998,187.54,187.1,187.14999999999998,1036
2026-04-13T15:25:00+00:00,187.14999999999998,187.19,186.51999999999998,186.55999999999997,1391
2026-04-13T15:30:00+00:00,186.55999999999997,186.6,186.36999999999998,186.47,1414
2026-04-13T15:35:00+00:00,186.47,186.85,186.29,186.66,1598
2026-04-13T15:40:00+00:00,186.66,186.7,186.24999999999997,186.29,1395
2026-04-13T15:45:00+00:00,186.29,186.48999999999998,186.2,186.42999999999998,1068
2026-04-13T15:50:00+00:00,186.42999999999998,186.54,186.1,186.16,1042
2026-04-13T15:55:00+00:00,186.16,186.26,185.94,186.2,1114
2026-04-13T16:00:00+00:00,186.2,186.29,185.92999999999998,186.02999999999997,1102
2026-04-13T16:05:00+00:00,186.02999999999997,186.30999999999997,185.85999999999999,186.22,1895
2026-04-13T16:10:00+00:00,186.22,186.33999999999997,186.01999999999998,186.1,1346
2026-04-13T16:15:00+00:00,186.1,186.24999999999997,185.85,186.11999999999998,1093
2026-04-13T16:20:00+00:00,186.11999999999998,186.36999999999998,186.04,186.33999999999997,1391
2026-04-13T16:25:00+00:00,186.33999999999997,186.57,186.14,186.39,1444
2026-04-13T16:30:00+00:00,186.39,186.39,185.92,186.13,1847
2026-04-13T16:35:00+00:00,186.13,186.38,186.08999999999997,186.13,1823
2026-04-13T16:40:00+00:00,186.13,186.29999999999998,185.79,186.14999999999998,2232
2026-04-13T16:45:00+00:00,186.14999999999998,186.39,186.04999999999998,186.14,1592
2026-04-13T16:50:00+00:00,186.14,186.42999999999998,185.99999999999997,186.14,1687
2026-04-13T16:55:00+00:00,186.14,186.35,186.04999999999998,186.26999999999998,1183
2026-04-13T17:00:00+00:00,186.26999999999998,186.58999999999997,186.26999999999998,186.41,1112
2026-04-13T17:05:00+00:00,186.41,186.48999999999998,186.10999999999999,186.17,989
2026-04-13T17:10:00+00:00,186.17,186.26999999999998,186.14,186.22,615
2026-04-13T17:15:00+00:00,186.22,186.41,186.14999999999998,186.38,585
2026-04-13T17:20:00+00:00,186.38,186.38,186.17,186.2,840
2026-04-13T17:25:00+00:00,186.2,186.29,186.05999999999997,186.14999999999998,508
2026-04-13T17:30:00+00:00,186.14999999999998,186.27999999999997,185.98,186.02999999999997,720
2026-04-13T17:35:00+00:00,186.02999999999997,186.17999999999998,185.95999999999998,186.11999999999998,803
2026-04-13T17:40:00+00:00,186.11999999999998,186.35999999999999,186.08999999999997,186.14999999999998,717
2026-04-13T17:45:00+00:00,186.14999999999998,186.2,186.01,186.10999999999999,559
2026-04-13T17:50:00+00:00,186.10999999999999,186.17999999999998,185.94,186.10999999999999,659
2026-04-13T17:55:00+00:00,186.10999999999999,186.26,185.99999999999997,186.04999999999998,557
2026-04-13T18:00:00+00:00,186.04999999999998,186.2,186.02999999999997,186.14999999999998,494
2026-04-13T18:05:00+00:00,186.14999999999998,186.17999999999998,186.05999999999997,186.14,331
2026-04-13T18:10:00+00:00,186.14,186.17999999999998,186.01,186.04,416
2026-04-13T18:15:00+00:00,186.04,186.1,185.94,186.04999999999998,404
2026-04-13T18:20:00+00:00,186.04999999999998,186.07999999999998,185.97,185.97,425
2026-04-13T18:25:00+00:00,185.97,186.08999999999997,185.91,185.95999999999998,556
2026-04-13T18:30:00+00:00,185.95999999999998,186.07,185.92,186.02999999999997,518
2026-04-13T18:35:00+00:00,186.02999999999997,186.14999999999998,186.02999999999997,186.14999999999998,484
2026-04-13T18:40:00+00:00,186.14999999999998,186.22,186.04,186.16,444
2026-04-13T18:45:00+00:00,186.16,186.38,186.14999999999998,186.26999999999998,665
2026-04-13T18:50:00+00:00,186.26999999999998,186.54,186.17,186.51999999999998,657
2026-04-13T18:55:00+00:00,186.51999999999998,186.67999999999998,186.44,186.48,628
2026-04-13T19:00:00+00:00,186.48,186.64999999999998,186.45,186.60999999999999,584
2026-04-13T19:05:00+00:00,186.60999999999999,186.64,186.51,186.61999999999998,362
2026-04-13T19:10:00+00:00,186.61999999999998,186.63,186.42999999999998,186.54999999999998,453
2026-04-13T19:15:00+00:00,186.54999999999998,186.83999999999997,186.51,186.76,311
2026-04-13T19:20:00+00:00,186.76,186.79,186.66,186.67,402
2026-04-13T19:25:00+00:00,186.67,186.73999999999998,186.58999999999997,186.64999999999998,345
2026-04-13T19:30:00+00:00,186.64999999999998,186.94,186.54,186.79999999999998,641
2026-04-13T19:35:00+00:00,186.79999999999998,186.85999999999999,186.54,186.54999999999998,704
2026-04-13T19:40:00+00:00,186.54999999999998,186.66,186.44,186.61999999999998,782
2026-04-13T19:45:00+00:00,186.61999999999998,186.76,186.54999999999998,186.76,542
2026-04-13T19:50:00+00:00,186.76,187.41,186.76,187.32999999999998,1878
2026-04-13T19:55:00+00:00,187.32999999999998,187.32999999999998,187.07999999999998,187.17999999999998,2043
2026-04-14T13:30:00+00:00,187.17999999999998,191.23999999999998,187.17999999999998,190.11999999999998,2919
2026-04-14T13:35:00+00:00,190.11999999999998,190.32,188.73999999999998,188.77999999999997,3248
2026-04-14T13:40:00+00:00,188.77999999999997,190.24999999999997,188.76999999999998,190.23,3075
2026-04-14T13:45:00+00:00,190.23,190.76,190.19,190.74999999999997,2512
2026-04-14T13:50:00+00:00,190.74999999999997,191.13,190.57999999999998,190.76999999999998,2212
2026-04-14T13:55:00+00:00,190.76999999999998,190.80999999999997,190.07,190.17,2006
2026-04-14T14:00:00+00:00,190.17,190.17999999999998,189.39,189.54,2379
2026-04-14T14:05:00+00:00,189.54,189.94,189.52999999999997,189.92999999999998,2098
2026-04-14T14:10:00+00:00,189.92999999999998,190.48,189.82999999999998,190.35999999999999,2029
2026-04-14T14:15:00+00:00,190.35999999999999,190.51,190.19,190.27999999999997,1607
2026-04-14T14:20:00+00:00,190.27999999999997,190.66,190.24999999999997,190.64,1104
2026-04-14T14:25:00+00:00,190.64,190.94,190.45999999999998,190.82,1269
2026-04-14T14:30:00+00:00,190.82,190.83999999999997,190.60999999999999,190.77999999999997,1038
2026-04-14T14:35:00+00:00,190.77999999999997,191.42,190.73,191.05999999999997,1409
2026-04-14T14:40:00+00:00,191.05999999999997,191.19,190.86999999999998,191.04999999999998,1155
2026-04-14T14:45:00+00:00,191.04999999999998,191.29,190.98999999999998,191.23,1148
2026-04-14T14:50:00+00:00,191.23,191.36999999999998,191.01,191.30999999999997,1131
2026-04-14T14:55:00+00:00,191.30999999999997,191.32999999999998,191.14999999999998,191.24999999999997,1001
2026-04-14T15:00:00+00:00,191.24999999999997,191.27999999999997,190.88,190.92,1014
2026-04-14T15:05:00+00:00,190.92,190.95,190.6,190.64,1280
2026-04-14T15:10:00+00:00,190.64,191.17,190.60999999999999,191.07,1243
2026-04-14T15:15:00+00:00,191.07,191.17999999999998,190.89999999999998,191.10999999999999,947
2026-04-14T15:20:00+00:00,191.10999999999999,191.55999999999997,191.04999999999998,191.48999999999998,1014
2026-04-14T15:25:00+00:00,191.48999999999998,191.67999999999998,191.35999999999999,191.39999999999998,1158
2026-04-14T15:30:00+00:00,191.39999999999998,191.45,191.26999999999998,191.32,1054
2026-04-14T15:35:00+00:00,191.32,191.74999999999997,191.27999999999997,191.74999999999997,980
2026-04-14T15:40:00+00:00,191.74999999999997,192.01,191.66,191.82,943
2026-04-14T15:45:00+00:00,191.82,192.19,191.77999999999997,192.08999999999997,1434
2026-04-14T15:50:00+00:00,192.08999999999997,192.32999999999998,192.05999999999997,192.24999999999997,961
2026-04-14T15:55:00+00:00,192.24999999999997,192.26999999999998,191.92999999999998,191.98,779
2026-04-14T16:00:00+00:00,191.98,192.22,191.92999999999998,192.16,786
2026-04-14T16:05:00+00:00,192.16,192.52999999999997,192.1,192.51999999999998,964
2026-04-14T16:10:00+00:00,192.51999999999998,192.52999999999997,192.41,192.48999999999998,594
2026-04-14T16:15:00+00:00,192.48999999999998,192.70999999999998,192.45999999999998,192.64,612
2026-04-14T16:20:00+00:00,192.64,192.83999999999997,192.60999999999999,192.76,605
2026-04-14T16:25:00+00:00,192.76,192.89,192.70999999999998,192.73999999999998,566
2026-04-14T16:30:00+00:00,192.73999999999998,192.82,192.48,192.52999999999997,713
2026-04-14T16:35:00+00:00,192.52999999999997,192.77999999999997,192.49999999999997,192.74999999999997,638
2026-04-14T16:40:00+00:00,192.74999999999997,192.77999999999997,192.6,192.64,625
2026-04-14T16:45:00+00:00,192.64,192.76,192.49999999999997,192.73,689
2026-04-14T16:50:00+00:00,192.73,192.76999999999998,192.52999999999997,192.55999999999997,706
2026-04-14T16:55:00+00:00,192.55999999999997,192.58999999999997,192.39999999999998,192.51,554
2026-04-14T17:00:00+00:00,192.51,192.58999999999997,192.45,192.45,619
2026-04-14T17:05:00+00:00,192.45,192.58999999999997,192.26999999999998,192.32999999999998,485
2026-04-14T17:10:00+00:00,192.32999999999998,192.57999999999998,192.32999999999998,192.55999999999997,506
2026-04-14T17:15:00+00:00,192.55999999999997,192.74999999999997,192.45999999999998,192.72,638
2026-04-14T17:20:00+00:00,192.72,192.94,192.67,192.85,661
2026-04-14T17:25:00+00:00,192.85,192.88,192.64,192.67,548
2026-04-14T17:30:00+00:00,192.67,192.76,192.61999999999998,192.67999999999998,408
2026-04-14T17:35:00+00:00,192.67999999999998,192.79999999999998,192.58999999999997,192.77999999999997,439
2026-04-14T17:40:00+00:00,192.77999999999997,192.82,192.7,192.73,442
2026-04-14T17:45:00+00:00,192.73,192.76999999999998,192.64999999999998,192.7,331
2026-04-14T17:50:00+00:00,192.7,192.79999999999998,192.64999999999998,192.73999999999998,505
2026-04-14T17:55:00+00:00,192.73999999999998,192.79999999999998,192.66,192.73,331
2026-04-14T18:00:00+00:00,192.73,192.82,192.67999999999998,192.7,388
2026-04-14T18:05:00+00:00,192.7,192.80999999999997,192.69,192.79,272
2026-04-14T18:10:00+00:00,192.79,192.85,192.72,192.77999999999997,302
2026-04-14T18:15:00+00:00,192.77999999999997,192.80999999999997,192.45999999999998,192.52999999999997,581
2026-04-14T18:20:00+00:00,192.52999999999997,192.63,192.33999999999997,192.41,1165
2026-04-14T18:25:00+00:00,192.41,192.64999999999998,192.32999999999998,192.51,1115
2026-04-14T18:30:00+00:00,192.51,192.7,192.49999999999997,192.67,497
2026-04-14T18:35:00+00:00,192.67,192.80999999999997,192.63,192.77999999999997,501
2026-04-14T18:40:00+00:00,192.77999999999997,192.89999999999998,192.61999999999998,192.64999999999998,645
2026-04-14T18:45:00+00:00,192.64999999999998,192.73999999999998,192.60999999999999,192.67999999999998,461
2026-04-14T18:50:00+00:00,192.67999999999998,192.77999999999997,192.66,192.73,417
2026-04-14T18:55:00+00:00,192.73,192.88,192.70999999999998,192.86999999999998,332
2026-04-14T19:00:00+00:00,192.86999999999998,193.49999999999997,192.83999999999997,193.49999999999997,629
2026-04-14T19:05:00+00:00,193.49999999999997,193.85999999999999,193.45999999999998,193.79999999999998,797
2026-04-14T19:10:00+00:00,193.79999999999998,194.11999999999998,193.79,194.04999999999998,859
2026-04-14T19:15:00+00:00,194.04999999999998,194.27999999999997,194.01999999999998,194.08999999999997,891
2026-04-14T19:20:00+00:00,194.08999999999997,194.23999999999998,194.05999999999997,194.17,703
2026-04-14T19:25:00+00:00,194.17,194.24999999999997,194.08999999999997,194.16,682
2026-04-14T19:30:00+00:00,194.16,194.29999999999998,193.99999999999997,194.04,818
2026-04-14T19:35:00+00:00,194.04,194.23999999999998,193.88,194.23,810
2026-04-14T19:40:00+00:00,194.23,194.24999999999997,193.85999999999999,193.88,789
2026-04-14T19:45:00+00:00,193.88,193.95999999999998,193.64999999999998,193.88,716
2026-04-14T19:50:00+00:00,193.88,193.92999999999998,193.51999999999998,193.88,1202
2026-04-14T19:55:00+00:00,193.88,194.45999999999998,193.88,194.45,1503
2026-04-15T13:30:00+00:00,194.45,196.63,194.2,195.94,2855
2026-04-15T13:35:00+00:00,195.94,196.54,195.27999999999997,195.77999999999997,3469
2026-04-15T13:40:00+00:00,195.77999999999997,195.95999999999998,194.70999999999998,194.82999999999998,2916
2026-04-15T13:45:00+00:00,194.82999999999998,196.04999999999998,194.76999999999998,196.01,2696
2026-04-15T13:50:00+00:00,196.01,196.42,195.79,195.85,2318
2026-04-15T13:55:00+00:00,195.85,196.6,195.6,196.49999999999997,1978
2026-04-15T14:00:00+00:00,196.49999999999997,196.72,196.16,196.54999999999998,2315
2026-04-15T14:05:00+00:00,196.54999999999998,196.72,196.2,196.63,1872
2026-04-15T14:10:00+00:00,196.63,196.85999999999999,196.47,196.80999999999997,1732
2026-04-15T14:15:00+00:00,196.80999999999997,197.02999999999997,196.48,196.51999999999998,1825
2026-04-15T14:20:00+00:00,196.51999999999998,197.27999999999997,196.48999999999998,197.19,1911
2026-04-15T14:25:00+00:00,197.19,197.51999999999998,197.07,197.19,1785
2026-04-15T14:30:00+00:00,197.19,197.67,197.08999999999997,197.54999999999998,1709
2026-04-15T14:35:00+00:00,197.54999999999998,197.82,197.1,197.17999999999998,1618
2026-04-15T14:40:00+00:00,197.17999999999998,197.39,197.01999999999998,197.17999999999998,1779
2026-04-15T14:45:00+00:00,197.17999999999998,197.35,196.97,197.32999999999998,1340
2026-04-15T14:50:00+00:00,197.32999999999998,197.51999999999998,197.20999999999998,197.35999999999999,1466
2026-04-15T14:55:00+00:00,197.35999999999999,197.57999999999998,197.27,197.31,1237.0566910914
2026-04-15T15:00:00+00:00,197.31,197.73000000000002,197.27,197.56,1319
2026-04-15T15:05:00+00:00,197.56,197.58,197.33,197.43,1305
2026-04-15T15:10:00+00:00,197.43,197.81,197.4,197.67000000000002,1243
2026-04-15T15:15:00+00:00,197.67000000000002,197.75,197.52,197.64000000000001,1223
2026-04-15T15:20:00+00:00,197.64000000000001,197.81,197.53,197.73000000000002,1084
2026-04-15T15:25:00+00:00,197.73000000000002,197.9,197.66,197.74,930
2026-04-15T15:30:00+00:00,197.74,197.77,197.39000000000001,197.5,1364
2026-04-15T15:35:00+00:00,197.5,197.65,197.37,197.47,1197
2026-04-15T15:40:00+00:00,197.47,197.93,197.47,197.82,708
2026-04-15T15:45:00+00:00,197.82,198.35,197.65,197.88,987
2026-04-15T15:50:00+00:00,197.88,197.93,197.51,197.75,1539
2026-04-15T15:55:00+00:00,197.75,197.83,197.43,197.64000000000001,1178
2026-04-15T16:00:00+00:00,197.64000000000001,197.65,197.3,197.36,1246
2026-04-15T16:05:00+00:00,197.36,197.69,197.27,197.65,898
2026-04-15T16:10:00+00:00,197.65,197.67000000000002,197.45000000000002,197.46,836
2026-04-15T16:15:00+00:00,197.46,197.49,197.08,197.44,976
2026-04-15T16:20:00+00:00,197.44,197.72,197.44,197.52,899
2026-04-15T16:25:00+00:00,197.52,197.54,197.04,197.09,1048
2026-04-15T16:30:00+00:00,197.09,197.1,196.24,196.41,1610
2026-04-15T16:35:00+00:00,196.41,196.64000000000001,196.17000000000002,196.17000000000002,1256
2026-04-15T16:40:00+00:00,196.17000000000002,196.19,195.54,195.74,2285
2026-04-15T16:45:00+00:00,195.74,195.76,195.14000000000001,195.46,2194
2026-04-15T16:50:00+00:00,195.46,195.62,194.57,194.62,2069
2026-04-15T16:55:00+00:00,194.62,195.12,194.09,195.01,2194
2026-04-15T17:00:00+00:00,195.01,195.18,194.85,195.07,1666
2026-04-15T17:05:00+00:00,195.07,195.52,195.01,195.26,1305
2026-04-15T17:10:00+00:00,195.26,195.34,195.07,195.25,1012
2026-04-15T17:15:00+00:00,195.25,195.45000000000002,195.14000000000001,195.19,800
2026-04-15T17:20:00+00:00,195.19,195.22,194.96,195.14000000000001,917
2026-04-15T17:25:00+00:00,195.14000000000001,195.20000000000002,194.9,194.93,731
2026-04-15T17:30:00+00:00,194.93,195.47,194.9,195.44,883
2026-04-15T17:35:00+00:00,195.44,195.67000000000002,195.34,195.36,1036
2026-04-15T17:40:00+00:00,195.36,195.36,194.72,194.78,1057
2026-04-15T17:45:00+00:00,194.78,194.95000000000002,194.75,194.87,896
2026-04-15T17:50:00+00:00,194.87,194.91,194.56,194.58,809
2026-04-15T17:55:00+00:00,194.58,194.65,194.12,194.19,951
2026-04-15T18:00:00+00:00,194.19,194.66,193.69,194.29,2315
2026-04-15T18:05:00+00:00,194.29,194.6,194.08,194.48000000000002,1334
2026-04-15T18:10:00+00:00,194.48000000000002,194.93,194.32,194.79,1134
2026-04-15T18:15:00+00:00,194.79,195,194.48000000000002,194.75,1071
2026-04-15T18:20:00+00:00,194.75,194.89000000000001,194.58,194.83,776
2026-04-15T18:25:00+00:00,194.83,195.09,194.71,194.92000000000002,659
2026-04-15T18:30:00+00:00,194.92000000000002,195.28,194.9,195.26,889
2026-04-15T18:35:00+00:00,195.26,195.48000000000002,195.23000000000002,195.32,936
2026-04-15T18:40:00+00:00,195.32,195.34,195.12,195.25,798
2026-04-15T18:45:00+00:00,195.25,195.34,195.16,195.32,563
2026-04-15T18:50:00+00:00,195.32,195.48000000000002,195.19,195.36,705
2026-04-15T18:55:00+00:00,195.36,195.42000000000002,195.25,195.27,875
2026-04-15T19:00:00+00:00,195.27,195.35,195.11,195.33,1081
2026-04-15T19:05:00+00:00,195.33,195.72,195.33,195.56,955
2026-04-15T19:10:00+00:00,195.56,195.75,195.48000000000002,195.53,918
2026-04-15T19:15:00+00:00,195.53,195.89000000000001,195.47,195.8,838
2026-04-15T19:20:00+00:00,195.8,196.09,195.74,195.96,564
2026-04-15T19:25:00+00:00,195.96,196.23000000000002,195.94,196.21,530
2026-04-15T19:30:00+00:00,196.21,196.25,195.98000000000002,196.23000000000002,978
2026-04-15T19:35:00+00:00,196.23000000000002,196.45000000000002,196.22,196.38,952
2026-04-15T19:40:00+00:00,196.38,196.38,196.1,196.17000000000002,1042
2026-04-15T19:45:00+00:00,196.17000000000002,196.4,195.97,196.17000000000002,1090
2026-04-15T19:50:00+00:00,196.17000000000002,196.73000000000002,196.17000000000002,196.69,1856
2026-04-15T19:55:00+00:00,196.69,197.12,196.67000000000002,196.84,2014
2026-04-16T13:30:00+00:00,196.84,196.84,193.76,195.34,2438
2026-04-16T13:35:00+00:00,195.34,195.52,194.68,194.86,3502
2026-04-16T13:40:00+00:00,194.86,195.5,194.29,195.07,3470
2026-04-16T13:45:00+00:00,195.07,195.32,194.87,195.19,3086
2026-04-16T13:50:00+00:00,195.19,195.21,193.95000000000002,194.04,2998
2026-04-16T13:55:00+00:00,194.04,194.88,193.96,194.66,3086
2026-04-16T14:00:00+00:00,194.66,195.42000000000002,194.35,195.3,2818
2026-04-16T14:05:00+00:00,195.3,195.62,195.08,195.43,2425
2026-04-16T14:10:00+00:00,195.43,195.69,195.19,195.33,2344
2026-04-16T14:15:00+00:00,195.33,195.42000000000002,194.82,195.29,2035
2026-04-16T14:20:00+00:00,195.29,195.51,194.98000000000002,195.31,1853
2026-04-16T14:25:00+00:00,195.31,195.72,195.27,195.32,1986
2026-04-16T14:30:00+00:00,195.32,195.71,195.25,195.66,1973
2026-04-16T14:35:00+00:00,195.66,195.95000000000002,195.49,195.77,1849
2026-04-16T14:40:00+00:00,195.77,195.84,195.42000000000002,195.8,1667
2026-04-16T14:45:00+00:00,195.8,196.33,195.78,196.28,1887
2026-04-16T14:50:00+00:00,196.28,196.51,196.05,196.48000000000002,1820
2026-04-16T14:55:00+00:00,196.48000000000002,196.71,196.22,196.62,1580
2026-04-16T15:00:00+00:00,196.62,197.32,196.59,197.24,1681
2026-04-16T15:05:00+00:00,197.24,197.58,197.07,197.56,1534
2026-04-16T15:10:00+00:00,197.56,197.8,197.20000000000002,197.29,1603
2026-04-16T15:15:00+00:00,197.29,197.56,197.12,197.15,1708
2026-04-16T15:20:00+00:00,197.15,197.58,197.15,197.51,1494
2026-04-16T15:25:00+00:00,197.51,197.6,196.95000000000002,196.97,1615
2026-04-16T15:30:00+00:00,196.97,197.23000000000002,196.91,197.17000000000002,1791
2026-04-16T15:35:00+00:00,197.17000000000002,197.59,197.13,197.31,2515
2026-04-16T15:40:00+00:00,197.31,197.33,196.8,197.07,1975
2026-04-16T15:45:00+00:00,197.07,197.08,196.35,196.44,1535
2026-04-16T15:50:00+00:00,196.44,196.85,196.42000000000002,196.69,1336
2026-04-16T15:55:00+00:00,196.69,197.01,196.66,196.92000000000002,1165
2026-04-16T16:00:00+00:00,196.92000000000002,197.06,196.56,196.70000000000002,1258
2026-04-16T16:05:00+00:00,196.70000000000002,196.88,196.59,196.83,924
2026-04-16T16:10:00+00:00,196.83,197,196.73000000000002,196.92000000000002,896
2026-04-16T16:15:00+00:00,196.92000000000002,197.17000000000002,196.91,197.11,954
2026-04-16T16:20:00+00:00,197.11,197.14000000000001,196.64000000000001,196.75,1099
2026-04-16T16:25:00+00:00,196.75,196.9,196.53,196.57,858
2026-04-16T16:30:00+00:00,196.57,196.6,195.69,196.1,2248
2026-04-16T16:35:00+00:00,196.1,196.67000000000002,195.9,196.59,1762
2026-04-16T16:40:00+00:00,196.59,196.72,196.29,196.5,1323
2026-04-16T16:45:00+00:00,196.5,196.8,196.48000000000002,196.61,1203
2026-04-16T16:50:00+00:00,196.61,196.74,196.35,196.41,1175
2026-04-16T16:55:00+00:00,196.41,196.55,196.27,196.32,1191
2026-04-16T17:00:00+00:00,196.32,196.41,196.19,196.28,1484
2026-04-16T17:05:00+00:00,196.28,196.31,195.86,196.14000000000001,1634
2026-04-16T17:10:00+00:00,196.14000000000001,196.31,195.76,195.87,1395
2026-04-16T17:15:00+00:00,195.87,196.12,195.75,196.07,1783
2026-04-16T17:20:00+00:00,196.07,196.38,195.97,196.36,1364
2026-04-16T17:25:00+00:00,196.36,196.51,196.32,196.35,1273
2026-04-16T17:30:00+00:00,196.35,196.5,196.20000000000002,196.23000000000002,1019
2026-04-16T17:35:00+00:00,196.23000000000002,196.33,196.08,196.28,877
2026-04-16T17:40:00+00:00,196.28,196.66,196.28,196.65,765
2026-04-16T17:45:00+00:00,196.65,196.68,196.5,196.64000000000001,707
2026-04-16T17:50:00+00:00,196.64000000000001,196.66,196.41,196.45000000000002,623
2026-04-16T17:55:00+00:00,196.45000000000002,196.46,195.88,196.15,1766
2026-04-16T18:00:00+00:00,196.15,196.36,196.03,196.06,1575
2026-04-16T18:05:00+00:00,196.06,196.15,195.43,195.6,1618
2026-04-16T18:10:00+00:00,195.6,195.99,195.47,195.89000000000001,1711
2026-04-16T18:15:00+00:00,195.89000000000001,196,195.75,195.91,1150
2026-04-16T18:20:00+00:00,195.91,196,195.53,195.65,1234
2026-04-16T18:25:00+00:00,195.65,195.73000000000002,195.25,195.43,1558
2026-04-16T18:30:00+00:00,195.43,195.86,195.42000000000002,195.78,1522
2026-04-16T18:35:00+00:00,195.78,196.16,195.75,196.06,917
2026-04-16T18:40:00+00:00,196.06,196.22,196.02,196.17000000000002,743
2026-04-16T18:45:00+00:00,196.17000000000002,196.35,196.11,196.17000000000002,910
2026-04-16T18:50:00+00:00,196.17000000000002,196.35,196,196.22,858
2026-04-16T18:55:00+00:00,196.22,196.25,195.93,196.07,848
2026-04-16T19:00:00+00:00,196.07,196.31,196.05,196.28,1110
2026-04-16T19:05:00+00:00,196.28,196.31,196.02,196.04,1107
2026-04-16T19:10:00+00:00,196.04,196.21,195.98000000000002,196.18,1001
2026-04-16T19:15:00+00:00,196.18,196.3,196.12,196.22,783
2026-04-16T19:20:00+00:00,196.22,196.31,196.01,196.13,614
2026-04-16T19:25:00+00:00,196.13,196.27,196.05,196.08,561
2026-04-16T19:30:00+00:00,196.08,196.41,196.04,196.25,985
2026-04-16T19:35:00+00:00,196.25,196.56,196.21,196.44,796
2026-04-16T19:40:00+00:00,196.44,196.53,196.22,196.23000000000002,985
2026-04-16T19:45:00+00:00,196.23000000000002,196.42000000000002,196.11,196.34,817
2026-04-16T19:50:00+00:00,196.34,196.6,196.05,196.17000000000002,1900
2026-04-16T19:55:00+00:00,196.17000000000002,196.45000000000002,196.07,196.22,1951
2026-04-17T13:30:00+00:00,196.22,198.85,196.22,197.79,2343
2026-04-17T13:35:00+00:00,197.79,198.62,197.42000000000002,198.54,3862
2026-04-17T13:40:00+00:00,198.54,198.63,198,198.4,3540
2026-04-17T13:45:00+00:00,198.4,199.05,198.05,198.98000000000002,4131
2026-04-17T13:50:00+00:00,198.98000000000002,199.35,198.85,199.13,2884
2026-04-17T13:55:00+00:00,199.13,199.19,198.4,199.09,2694
2026-04-17T14:00:00+00:00,199.09,199.36,199.01,199.23000000000002,2223
2026-04-17T14:05:00+00:00,199.23000000000002,199.4,198.97,199.02,2091
2026-04-17T14:10:00+00:00,199.02,199.64000000000001,198.83,199.42000000000002,2068
2026-04-17T14:15:00+00:00,199.42000000000002,199.43,198.85,199,1755
2026-04-17T14:20:00+00:00,199,199.03,197.97,198.17000000000002,2299
2026-04-17T14:25:00+00:00,198.17000000000002,198.4,197.75,198.31,2095
2026-04-17T14:30:00+00:00,198.31,198.69,198.3,198.58,2049
2026-04-17T14:35:00+00:00,198.58,198.68,198.18,198.66,1718
2026-04-17T14:40:00+00:00,198.66,198.86,198.48000000000002,198.6,1881
2026-04-17T14:45:00+00:00,198.6,198.82,198.47,198.74,1484
2026-04-17T14:50:00+00:00,198.74,198.83,198.24,198.32,1752
2026-04-17T14:55:00+00:00,198.32,198.63,197.97,198.26000000000002,1860.6747069431922
2026-04-17T15:00:00+00:00,198.26000000000002,198.56,198.06,198.45000000000002,2011
2026-04-17T15:05:00+00:00,198.45000000000002,198.87,198.41000000000003,198.81,1620
2026-04-17T15:10:00+00:00,198.81,198.94000000000003,198.53,198.67000000000002,1561
2026-04-17T15:15:00+00:00,198.67000000000002,198.83,198.27,198.48000000000002,1580
2026-04-17T15:20:00+00:00,198.48000000000002,198.74,198.31,198.62,1449
2026-04-17T15:25:00+00:00,198.62,198.8,198.51000000000002,198.58,1249
2026-04-17T15:30:00+00:00,198.58,198.85000000000002,198.56,198.83,1281
2026-04-17T15:35:00+00:00,198.83,199.16000000000003,198.74,199.16000000000003,1328
2026-04-17T15:40:00+00:00,199.16000000000003,199.25,198.82000000000002,198.85000000000002,1620
2026-04-17T15:45:00+00:00,198.85000000000002,199.3,198.85000000000002,199.19000000000003,1609
2026-04-17T15:50:00+00:00,199.19000000000003,199.35000000000002,198.92000000000002,198.96,1521
2026-04-17T15:55:00+00:00,198.96,199.01000000000002,198.31,198.34,1122
2026-04-17T16:00:00+00:00,198.34,198.68,198.17000000000002,198.57000000000002,1392
2026-04-17T16:05:00+00:00,198.57000000000002,198.91000000000003,198.55,198.82000000000002,977
2026-04-17T16:10:00+00:00,198.82000000000002,199.04000000000002,198.78,198.86,1006
2026-04-17T16:15:00+00:00,198.86,199.02,198.5,198.53,1103
2026-04-17T16:20:00+00:00,198.53,198.69000000000003,198.52,198.65,750
2026-04-17T16:25:00+00:00,198.65,198.77,198.56,198.64000000000001,659
2026-04-17T16:30:00+00:00,198.64000000000001,198.71,198.32000000000002,198.43,937
2026-04-17T16:35:00+00:00,198.43,198.66000000000003,198.38000000000002,198.57000000000002,783
2026-04-17T16:40:00+00:00,198.57000000000002,198.61,198.42000000000002,198.54000000000002,760
2026-04-17T16:45:00+00:00,198.54000000000002,198.82000000000002,198.48000000000002,198.67000000000002,791
2026-04-17T16:50:00+00:00,198.67000000000002,198.72000000000003,198.59,198.65,537
2026-04-17T16:55:00+00:00,198.65,198.74,198.58,198.69000000000003,716
2026-04-17T17:00:00+00:00,198.69000000000003,198.79000000000002,198.52,198.63000000000002,909
2026-04-17T17:05:00+00:00,198.63000000000002,198.64000000000001,198.10000000000002,198.32000000000002,1340
2026-04-17T17:10:00+00:00,198.32000000000002,198.36,198.06,198.27,1377
2026-04-17T17:15:00+00:00,198.27,198.44000000000003,198.07000000000002,198.11,1149
2026-04-17T17:20:00+00:00,198.11,198.18,197.4,197.63000000000002,2278
2026-04-17T17:25:00+00:00,197.63000000000002,197.88000000000002,197.51000000000002,197.84,2352
2026-04-17T17:30:00+00:00,197.84,198.06,197.77,197.96,1616
2026-04-17T17:35:00+00:00,197.96,198.21,197.84,198.11,1379
2026-04-17T17:40:00+00:00,198.11,198.29000000000002,198.10000000000002,198.27,1043
2026-04-17T17:45:00+00:00,198.27,198.56,198.26000000000002,198.39000000000001,1186
2026-04-17T17:50:00+00:00,198.39000000000001,198.49,198.29000000000002,198.34,943
2026-04-17T17:55:00+00:00,198.34,198.49,198.24,198.24,652
2026-04-17T18:00:00+00:00,198.24,198.51000000000002,198.24,198.38000000000002,899
2026-04-17T18:05:00+00:00,198.38000000000002,198.48000000000002,198.27,198.32000000000002,967
2026-04-17T18:10:00+00:00,198.32000000000002,198.51000000000002,198.29000000000002,198.4,1055
2026-04-17T18:15:00+00:00,198.4,198.74,198.35000000000002,198.60000000000002,1124
2026-04-17T18:20:00+00:00,198.60000000000002,198.70000000000002,198.32000000000002,198.61,1519
2026-04-17T18:25:00+00:00,198.61,198.83,198.47000000000003,198.60000000000002,1344
2026-04-17T18:30:00+00:00,198.60000000000002,198.76000000000002,198.53,198.74,855
2026-04-17T18:35:00+00:00,198.74,198.88000000000002,198.67000000000002,198.8,812
2026-04-17T18:40:00+00:00,198.8,198.89000000000001,198.72000000000003,198.89000000000001,691
2026-04-17T18:45:00+00:00,198.89000000000001,198.94000000000003,198.74,198.76000000000002,759
2026-04-17T18:50:00+00:00,198.76000000000002,198.78,198.47000000000003,198.65,1048
2026-04-17T18:55:00+00:00,198.65,198.94000000000003,198.64000000000001,198.81,1104
2026-04-17T19:00:00+00:00,198.81,198.9,198.77,198.87,832
2026-04-17T19:05:00+00:00,198.87,198.88000000000002,198.67000000000002,198.82000000000002,1044
2026-04-17T19:10:00+00:00,198.82000000000002,198.91000000000003,198.68,198.84,857
2026-04-17T19:15:00+00:00,198.84,199.33,198.82000000000002,199.23000000000002,1133
2026-04-17T19:20:00+00:00,199.23000000000002,199.39000000000001,199.20000000000002,199.29000000000002,708
2026-04-17T19:25:00+00:00,199.29000000000002,199.42000000000002,199.20000000000002,199.22000000000003,805
2026-04-17T19:30:00+00:00,199.22000000000003,199.35000000000002,199.16000000000003,199.23000000000002,1188
2026-04-17T19:35:00+00:00,199.23000000000002,199.3,199.05,199.26000000000002,1106
2026-04-17T19:40:00+00:00,199.26000000000002,199.41000000000003,199.14000000000001,199.34,1097
2026-04-17T19:45:00+00:00,199.34,199.42000000000002,199.20000000000002,199.41000000000003,1076
2026-04-17T19:50:00+00:00,199.41000000000003,199.56,199.26000000000002,199.43,1600
2026-04-17T19:55:00+00:00,199.43,199.63000000000002,199.31,199.60000000000002,1199
2026-04-20T13:30:00+00:00,199.60000000000002,199.60000000000002,196.35000000000002,198.28,2412
2026-04-20T13:35:00+00:00,198.28,198.4,197.3,197.54000000000002,3504
2026-04-20T13:40:00+00:00,197.54000000000002,197.85000000000002,197.32000000000002,197.81,2841
2026-04-20T13:45:00+00:00,197.81,197.94000000000003,197.39000000000001,197.54000000000002,2316
2026-04-20T13:50:00+00:00,197.54000000000002,198.26000000000002,197.28,197.91000000000003,2513
2026-04-20T13:55:00+00:00,197.91000000000003,198.37,197.79000000000002,198.19000000000003,1646
2026-04-20T14:00:00+00:00,198.19000000000003,198.28,197.5,197.63000000000002,1743
2026-04-20T14:05:00+00:00,197.63000000000002,197.94000000000003,197.53,197.79000000000002,1617
2026-04-20T14:10:00+00:00,197.79000000000002,197.96,197.32000000000002,197.52,1739
2026-04-20T14:15:00+00:00,197.52,197.52,196.83,197.03,1793
2026-04-20T14:20:00+00:00,197.03,197.38000000000002,196.91000000000003,197.37,1751
2026-04-20T14:25:00+00:00,197.37,197.52,197.05,197.08,1758
2026-04-20T14:30:00+00:00,197.08,197.17000000000002,196.77,197.05,1970
2026-04-20T14:35:00+00:00,197.05,197.35000000000002,196.98000000000002,197.25,1615
2026-04-20T14:40:00+00:00,197.25,197.32000000000002,196.81,197,2040
2026-04-20T14:45:00+00:00,197,197.36,196.89000000000001,197.29000000000002,1491
2026-04-20T14:50:00+00:00,197.29000000000002,197.33,196.45000000000002,196.93,3127
2026-04-20T14:55:00+00:00,196.93,196.95000000000002,196.31,196.48000000000002,2160
2026-04-20T15:00:00+00:00,196.48000000000002,196.81,196.19000000000003,196.29000000000002,1940
2026-04-20T15:05:00+00:00,196.29000000000002,196.42000000000002,195.77,196.33,2100
2026-04-20T15:10:00+00:00,196.33,196.69000000000003,196.23000000000002,196.38000000000002,1934
2026-04-20T15:15:00+00:00,196.38000000000002,196.62,196.26000000000002,196.53,1582
2026-04-20T15:20:00+00:00,196.53,197.04000000000002,196.47000000000003,196.95000000000002,2457
2026-04-20T15:25:00+00:00,196.95000000000002,197.28,196.82000000000002,197.20000000000002,1875
2026-04-20T15:30:00+00:00,197.20000000000002,197.21,196.72000000000003,196.84,1732
2026-04-20T15:35:00+00:00,196.84,197.07000000000002,196.8,197.06,1491
2026-04-20T15:40:00+00:00,197.06,197.25,196.68,196.74,1055
2026-04-20T15:45:00+00:00,196.74,196.84,196.5,196.5,873
2026-04-20T15:50:00+00:00,196.5,196.62,196.37,196.57000000000002,975
2026-04-20T15:55:00+00:00,196.57000000000002,196.70000000000002,196.54000000000002,196.60000000000002,764
2026-04-20T16:00:00+00:00,196.60000000000002,196.78,196.51000000000002,196.64000000000001,997
2026-04-20T16:05:00+00:00,196.64000000000001,197.08,196.64000000000001,196.95000000000002,990
2026-04-20T16:10:00+00:00,196.95000000000002,197.20000000000002,196.95000000000002,197.06,698
2026-04-20T16:15:00+00:00,197.06,197.25,196.82000000000002,197.15,948
2026-04-20T16:20:00+00:00,197.15,197.41000000000003,197.12,197.35000000000002,1047
2026-04-20T16:25:00+00:00,197.35000000000002,197.38000000000002,197.06,197.12,833
2026-04-20T16:30:00+00:00,197.12,197.51000000000002,197.08,197.41000000000003,876
2026-04-20T16:35:00+00:00,197.41000000000003,197.43,197.21,197.29000000000002,920
2026-04-20T16:40:00+00:00,197.29000000000002,197.53,197.23000000000002,197.38000000000002,962
2026-04-20T16:45:00+00:00,197.38000000000002,197.47000000000003,197.28,197.36,632
2026-04-20T16:50:00+00:00,197.36,197.37,197.19000000000003,197.35000000000002,695
2026-04-20T16:55:00+00:00,197.35000000000002,197.36,197.16000000000003,197.24,685
2026-04-20T17:00:00+00:00,197.24,197.41000000000003,197.08,197.29000000000002,1073
2026-04-20T17:05:00+00:00,197.29000000000002,197.51000000000002,197.21,197.45000000000002,776
2026-04-20T17:10:00+00:00,197.45000000000002,197.64000000000001,197.37,197.54000000000002,656
2026-04-20T17:15:00+00:00,197.54000000000002,197.67000000000002,197.46,197.65,593
2026-04-20T17:20:00+00:00,197.65,197.75,197.57000000000002,197.63000000000002,651
2026-04-20T17:25:00+00:00,197.63000000000002,197.67000000000002,197.45000000000002,197.46,622
2026-04-20T17:30:00+00:00,197.46,197.54000000000002,197.39000000000001,197.51000000000002,671
2026-04-20T17:35:00+00:00,197.51000000000002,197.70000000000002,197.47000000000003,197.64000000000001,794
2026-04-20T17:40:00+00:00,197.64000000000001,197.9,197.59,197.88000000000002,806
2026-04-20T17:45:00+00:00,197.88000000000002,198.08,197.85000000000002,198.02,496
2026-04-20T17:50:00+00:00,198.02,198.03,197.9,198.02,487
2026-04-20T17:55:00+00:00,198.02,198.03,197.83,197.9,607
2026-04-20T18:00:00+00:00,197.9,198.22000000000003,197.88000000000002,198.11,782
2026-04-20T18:05:00+00:00,198.11,198.31,198.08,198.27,856
2026-04-20T18:10:00+00:00,198.27,198.32000000000002,198.03,198.24,1140
2026-04-20T18:15:00+00:00,198.24,198.38000000000002,198.18,198.34,746
2026-04-20T18:20:00+00:00,198.34,198.45000000000002,198.23000000000002,198.43,643
2026-04-20T18:25:00+00:00,198.43,198.68,198.33,198.53,1001
2026-04-20T18:30:00+00:00,198.53,198.65,198.44000000000003,198.59,932
2026-04-20T18:35:00+00:00,198.59,198.67000000000002,198.32000000000002,198.41000000000003,894
2026-04-20T18:40:00+00:00,198.41000000000003,198.89000000000001,198.37,198.84,804
2026-04-20T18:45:00+00:00,198.84,198.88000000000002,198.67000000000002,198.69000000000003,635
2026-04-20T18:50:00+00:00,198.69000000000003,198.89000000000001,198.68,198.86,733
2026-04-20T18:55:00+00:00,198.86,198.9,198.66000000000003,198.74,616
2026-04-20T19:00:00+00:00,198.74,198.97000000000003,198.67000000000002,198.72000000000003,700
2026-04-20T19:05:00+00:00,198.72000000000003,198.87,198.69000000000003,198.81,566
2026-04-20T19:10:00+00:00,198.81,199.08,198.70000000000002,199.05,474
2026-04-20T19:15:00+00:00,199.05,199.15,198.97000000000003,199.14000000000001,536
2026-04-20T19:20:00+00:00,199.14000000000001,199.19000000000003,199,199.04000000000002,650
2026-04-20T19:25:00+00:00,199.04000000000002,199.17000000000002,198.97000000000003,199.07000000000002,668
2026-04-20T19:30:00+00:00,199.07000000000002,199.23000000000002,199.02,199.08,743
2026-04-20T19:35:00+00:00,199.08,199.51000000000002,199.06,199.5,728
2026-04-20T19:40:00+00:00,199.5,199.76000000000002,199.41000000000003,199.56,1000
2026-04-20T19:45:00+00:00,199.56,199.68,199.44000000000003,199.63000000000002,1026
2026-04-20T19:50:00+00:00,199.63000000000002,200.03,199.48000000000002,199.96,1595
2026-04-20T19:55:00+00:00,199.96,200.11,199.57000000000002,200.06,1802
2026-04-21T13:30:00+00:00,200.06,200.68,199.60000000000002,200.08,2376
2026-04-21T13:35:00+00:00,200.08,200.15,199.34,199.52,2596
2026-04-21T13:40:00+00:00,199.52,199.56,198.77,199.13000000000002,2277
2026-04-21T13:45:00+00:00,199.13000000000002,199.55,198.84,199.46,2143
2026-04-21T13:50:00+00:00,199.46,199.75,199.26000000000002,199.49,1485
2026-04-21T13:55:00+00:00,199.49,199.72000000000003,199.17000000000002,199.38000000000002,1155
2026-04-21T14:00:00+00:00,199.38000000000002,199.66000000000003,199.20000000000002,199.62,1213
2026-04-21T14:05:00+00:00,199.62,200.11,199.57000000000002,200.04000000000002,1150
2026-04-21T14:10:00+00:00,200.04000000000002,200.43,199.84,200.10000000000002,1474
2026-04-21T14:15:00+00:00,200.10000000000002,200.34,199.74,199.9,1130
2026-04-21T14:20:00+00:00,199.9,199.97000000000003,199.41000000000003,199.58,1300
2026-04-21T14:25:00+00:00,199.58,200,199.55,199.83,1177
2026-04-21T14:30:00+00:00,199.83,199.89000000000001,199.46,199.68,1461
2026-04-21T14:35:00+00:00,199.68,199.91000000000003,199.5,199.64000000000001,1344
2026-04-21T14:40:00+00:00,199.64000000000001,200,199.54000000000002,199.76000000000002,1414
2026-04-21T14:45:00+00:00,199.76000000000002,199.82000000000002,199.43,199.65,1808
2026-04-21T14:50:00+00:00,199.65,199.81,199.57000000000002,199.67000000000002,1264
2026-04-21T14:55:00+00:00,199.67000000000002,199.71,198.99,199.06,1704
2026-04-21T15:00:00+00:00,199.06,199.26000000000002,198.61,198.79000000000002,2373
2026-04-21T15:05:00+00:00,198.79000000000002,199.20000000000002,198.51000000000002,199.12,2177
2026-04-21T15:10:00+00:00,199.12,199.45000000000002,199.09,199.34,1447
2026-04-21T15:15:00+00:00,199.34,199.56,199.21,199.53,1580
2026-04-21T15:20:00+00:00,199.53,199.63000000000002,199.22000000000003,199.3,1387
2026-04-21T15:25:00+00:00,199.3,199.3,198.81,198.98000000000002,1536
2026-04-21T15:30:00+00:00,198.98000000000002,199.22000000000003,198.95000000000002,199.18,1324
2026-04-21T15:35:00+00:00,199.18,199.20000000000002,198.8,199.17000000000002,1454
2026-04-21T15:40:00+00:00,199.17000000000002,199.31,198.96,199.17000000000002,1227
2026-04-21T15:45:00+00:00,199.17000000000002,199.3,198.99,199.07000000000002,1147
2026-04-21T15:50:00+00:00,199.07000000000002,199.09,198.78,198.8,1056
2026-04-21T15:55:00+00:00,198.8,199.01000000000002,198.61,198.67000000000002,1056
2026-04-21T16:00:00+00:00,198.67000000000002,198.83,198.25,198.42000000000002,1527
2026-04-21T16:05:00+00:00,198.42000000000002,198.60000000000002,198.29000000000002,198.56,1141
2026-04-21T16:10:00+00:00,198.56,198.59,198.16000000000003,198.31,1074
2026-04-21T16:15:00+00:00,198.31,198.5,198.27,198.33,929
2026-04-21T16:20:00+00:00,198.33,198.35000000000002,197.98000000000002,198.03,1057
2026-04-21T16:25:00+00:00,198.03,198.12,197.81,197.84,904
2026-04-21T16:30:00+00:00,197.84,198.10000000000002,197.81,198.01000000000002,828
2026-04-21T16:35:00+00:00,198.01000000000002,198.16000000000003,197.93,198.07000000000002,1020
2026-04-21T16:40:00+00:00,198.07000000000002,198.16000000000003,197.66000000000003,197.79000000000002,938
2026-04-21T16:45:00+00:00,197.79000000000002,198.27,197.78,198.10000000000002,877
2026-04-21T16:50:00+00:00,198.10000000000002,198.17000000000002,197.86,197.97000000000003,799
2026-04-21T16:55:00+00:00,197.97000000000003,198.13000000000002,197.86,197.9,871
2026-04-21T17:00:00+00:00,197.9,198.13000000000002,197.87,197.98000000000002,855
2026-04-21T17:05:00+00:00,197.98000000000002,197.98000000000002,197.39000000000001,197.62,1965
2026-04-21T17:10:00+00:00,197.62,197.64000000000001,196.96,197.39000000000001,1786
2026-04-21T17:15:00+00:00,197.39000000000001,197.5,196.94000000000003,197.02,1339
2026-04-21T17:20:00+00:00,197.02,197.33,196.94000000000003,197.20000000000002,1307
2026-04-21T17:25:00+00:00,197.20000000000002,197.48000000000002,197.07000000000002,197.26000000000002,1094
2026-04-21T17:30:00+00:00,197.26000000000002,197.71,197.19000000000003,197.60000000000002,1096
2026-04-21T17:35:00+00:00,197.60000000000002,198.16000000000003,197.52,197.98000000000002,1538
2026-04-21T17:40:00+00:00,197.98000000000002,198.28,197.88000000000002,198,2144
2026-04-21T17:45:00+00:00,198,198.06,197.54000000000002,197.69000000000003,1066
2026-04-21T17:50:00+00:00,197.69000000000003,197.78,197.38000000000002,197.48000000000002,922
2026-04-21T17:55:00+00:00,197.48000000000002,197.57000000000002,197.23000000000002,197.53,1017
2026-04-21T18:00:00+00:00,197.53,197.78,197.48000000000002,197.55,835
2026-04-21T18:05:00+00:00,197.55,197.85000000000002,197.41000000000003,197.75,879
2026-04-21T18:10:00+00:00,197.75,198.04000000000002,197.67000000000002,198.01000000000002,872
2026-04-21T18:15:00+00:00,198.01000000000002,198.10000000000002,197.49,197.77,1510
2026-04-21T18:20:00+00:00,197.77,197.88000000000002,197.59,197.64000000000001,940
2026-04-21T18:25:00+00:00,197.64000000000001,197.91000000000003,197.59,197.88000000000002,660
2026-04-21T18:30:00+00:00,197.88000000000002,198.15,197.88000000000002,198.10000000000002,749
2026-04-21T18:35:00+00:00,198.10000000000002,198.29000000000002,197.98000000000002,198.27,686
2026-04-21T18:40:00+00:00,198.27,198.48000000000002,198.25,198.34,658
2026-04-21T18:45:00+00:00,198.34,198.52,198.28,198.3,720
2026-04-21T18:50:00+00:00,198.3,198.79000000000002,198.10000000000002,198.68,986
2026-04-21T18:55:00+00:00,198.68,198.78,198.32000000000002,198.58,1987
2026-04-21T19:00:00+00:00,198.58,198.76000000000002,198.51000000000002,198.64000000000001,1381
2026-04-21T19:05:00+00:00,198.64000000000001,198.77,198.54000000000002,198.61,957
2026-04-21T19:10:00+00:00,198.61,198.75,198.27,198.39000000000001,1204
2026-04-21T19:15:00+00:00,198.39000000000001,198.61,198.3,198.5,1338
2026-04-21T19:20:00+00:00,198.5,198.70000000000002,198.42000000000002,198.60000000000002,1155
2026-04-21T19:25:00+00:00,198.60000000000002,198.92000000000002,198.58,198.9,858
2026-04-21T19:30:00+00:00,198.9,199.10000000000002,198.8,198.96,923
2026-04-21T19:35:00+00:00,198.96,198.96,198.34,198.55,1716
2026-04-21T19:40:00+00:00,198.55,198.59,197.12,197.3,2920
2026-04-21T19:45:00+00:00,197.3,197.87,197.27,197.70000000000002,2423
2026-04-21T19:50:00+00:00,197.70000000000002,198.01000000000002,197.39000000000001,197.43,2321
2026-04-21T19:55:00+00:00,197.43,197.93,197.23000000000002,197.86,2417
2026-04-22T13:30:00+00:00,197.86,199.03,197.86,198.38000000000002,1660
2026-04-22T13:35:00+00:00,198.38000000000002,198.61,197.93,197.93,1988
2026-04-22T13:40:00+00:00,197.93,198.5,197.91000000000003,198.35000000000002,1805
2026-04-22T13:45:00+00:00,198.35000000000002,198.55,197.65,197.83,1711
2026-04-22T13:50:00+00:00,197.83,198.05,197.5,197.94000000000003,1569
2026-04-22T13:55:00+00:00,197.94000000000003,198.03,197.44000000000003,197.82000000000002,1351
2026-04-22T14:00:00+00:00,197.82000000000002,198,197.31,197.64000000000001,1825
2026-04-22T14:05:00+00:00,197.64000000000001,197.78,197.26000000000002,197.61,1564
2026-04-22T14:10:00+00:00,197.61,198.08,197.61,198.05,1174
2026-04-22T14:15:00+00:00,198.05,198.25,197.79000000000002,197.97000000000003,1464
2026-04-22T14:20:00+00:00,197.97000000000003,198.37,197.93,198.19000000000003,1709
2026-04-22T14:25:00+00:00,198.19000000000003,198.43,198.11,198.31,1527
2026-04-22T14:30:00+00:00,198.31,198.72000000000003,198.22000000000003,198.55,2146
2026-04-22T14:35:00+00:00,198.55,198.95000000000002,198.39000000000001,198.83,1632
2026-04-22T14:40:00+00:00,198.83,198.86,198.67000000000002,198.83,1267
2026-04-22T14:45:00+00:00,198.83,199.46,198.8,199.25,1629
2026-04-22T14:50:00+00:00,199.25,199.38000000000002,199.05,199.34,1384
2026-04-22T14:55:00+00:00,199.34,199.44000000000003,199.10000000000002,199.15,1115.8062852933956
2026-04-22T15:00:00+00:00,199.15,199.24,198.89000000000001,199.09,1231
2026-04-22T15:05:00+00:00,199.09,199.43,199.09,199.29000000000002,1228
2026-04-22T15:10:00+00:00,199.29000000000002,199.42000000000002,199.24,199.32000000000002,1024
2026-04-22T15:15:00+00:00,199.32000000000002,199.66000000000003,199.16000000000003,199.46,1223
2026-04-22T15:20:00+00:00,199.46,199.60000000000002,199.34,199.56,1201
2026-04-22T15:25:00+00:00,199.56,199.82000000000002,199.52,199.56,1200
2026-04-22T15:30:00+00:00,199.56,199.64000000000001,199.24,199.43,1283
2026-04-22T15:35:00+00:00,199.43,199.46,199.26000000000002,199.4,1086
2026-04-22T15:40:00+00:00,199.4,199.43,198.97000000000003,198.98000000000002,1012
2026-04-22T15:45:00+00:00,198.98000000000002,199.25,198.87,199.21,1163
2026-04-22T15:50:00+00:00,199.21,199.38000000000002,199.07000000000002,199.35000000000002,923
2026-04-22T15:55:00+00:00,199.35000000000002,199.51000000000002,199.14000000000001,199.15,823
2026-04-22T16:00:00+00:00,199.15,199.3,199.05,199.28,918
2026-04-22T16:05:00+00:00,199.28,199.36,199.13000000000002,199.25,527
2026-04-22T16:10:00+00:00,199.25,199.28,199.09,199.12,767
2026-04-22T16:15:00+00:00,199.12,199.20000000000002,198.86,198.89000000000001,786
2026-04-22T16:20:00+00:00,198.89000000000001,199.26000000000002,198.87,199.17000000000002,736
2026-04-22T16:25:00+00:00,199.17000000000002,199.22000000000003,199.02,199.04000000000002,672
2026-04-22T16:30:00+00:00,199.04000000000002,199.20000000000002,198.89000000000001,199.08,885
2026-04-22T16:35:00+00:00,199.08,199.16000000000003,198.92000000000002,199.02,753
2026-04-22T16:40:00+00:00,199.02,199.15,198.89000000000001,199.05,945
2026-04-22T16:45:00+00:00,199.05,199.13000000000002,198.97000000000003,199.08,736
2026-04-22T16:50:00+00:00,199.08,199.23000000000002,199.04000000000002,199.18,627
2026-04-22T16:55:00+00:00,199.18,199.18,198.96,199.05,550
2026-04-22T17:00:00+00:00,199.05,199.51000000000002,199.05,199.48000000000002,858
2026-04-22T17:05:00+00:00,199.48000000000002,199.58,199.35000000000002,199.53,759
2026-04-22T17:10:00+00:00,199.53,199.84,199.53,199.65,1029
2026-04-22T17:15:00+00:00,199.65,199.77,199.55,199.63000000000002,739
2026-04-22T17:20:00+00:00,199.63000000000002,199.93,199.63000000000002,199.84,587
2026-04-22T17:25:00+00:00,199.84,199.92000000000002,199.66000000000003,199.70000000000002,669
2026-04-22T17:30:00+00:00,199.70000000000002,199.84,199.68,199.70000000000002,671
2026-04-22T17:35:00+00:00,199.70000000000002,199.98000000000002,199.66000000000003,199.92000000000002,561
2026-04-22T17:40:00+00:00,199.92000000000002,200.14000000000001,199.91000000000003,199.96,512
2026-04-22T17:45:00+00:00,199.96,199.99,199.74,199.94000000000003,1035
2026-04-22T17:50:00+00:00,199.94000000000003,200.24,199.88000000000002,200.19000000000003,747
2026-04-22T17:55:00+00:00,200.19000000000003,200.36,200.17000000000002,200.24,678
2026-04-22T18:00:00+00:00,200.24,200.43,200.17000000000002,200.28,701
2026-04-22T18:05:00+00:00,200.28,200.43,200.04000000000002,200.07000000000002,789
2026-04-22T18:10:00+00:00,200.07000000000002,200.18,200.03,200.11,715
2026-04-22T18:15:00+00:00,200.11,200.12,199.77,199.83,824
2026-04-22T18:20:00+00:00,199.83,199.83,199.56,199.82000000000002,1102
2026-04-22T18:25:00+00:00,199.82000000000002,199.83,199.60000000000002,199.60000000000002,855
2026-04-22T18:30:00+00:00,199.60000000000002,199.67000000000002,199.46,199.60000000000002,816
2026-04-22T18:35:00+00:00,199.60000000000002,199.87,199.57000000000002,199.82000000000002,752
2026-04-22T18:40:00+00:00,199.82000000000002,199.93,199.71,199.75,716
2026-04-22T18:45:00+00:00,199.75,199.83,199.72000000000003,199.75,580
2026-04-22T18:50:00+00:00,199.75,199.97000000000003,199.75,199.82000000000002,487
2026-04-22T18:55:00+00:00,199.82000000000002,199.85000000000002,199.51000000000002,199.53,852
2026-04-22T19:00:00+00:00,199.53,199.56,199.16000000000003,199.34,1765
2026-04-22T19:05:00+00:00,199.34,199.74,199.26000000000002,199.59,1000
2026-04-22T19:10:00+00:00,199.59,199.71,199.52,199.69000000000003,580
2026-04-22T19:15:00+00:00,199.69000000000003,199.91000000000003,199.67000000000002,199.86,582
2026-04-22T19:20:00+00:00,199.86,199.94000000000003,199.71,199.8,666
2026-04-22T19:25:00+00:00,199.8,199.9,199.55,199.60000000000002,767
2026-04-22T19:30:00+00:00,199.60000000000002,199.8,199.53,199.78,849
2026-04-22T19:35:00+00:00,199.78,199.83,199.66000000000003,199.67000000000002,669
2026-04-22T19:40:00+00:00,199.67000000000002,199.77,199.61,199.61,650
2026-04-22T19:45:00+00:00,199.61,199.71,199.53,199.68,842
2026-04-22T19:50:00+00:00,199.68,200.24,199.62,200.10000000000002,1701
2026-04-22T19:55:00+00:00,200.10000000000002,200.44000000000003,200.04000000000002,200.36,1845
2026-04-23T13:30:00+00:00,200.36,200.75,199.05,199.22000000000003,1855
2026-04-23T13:35:00+00:00,199.22000000000003,199.88000000000002,199.22000000000003,199.85000000000002,2165
2026-04-23T13:40:00+00:00,199.85000000000002,201.06,199.75,200.60000000000002,1801
2026-04-23T13:45:00+00:00,200.60000000000002,201.76000000000002,200.57000000000002,201.74,2078
2026-04-23T13:50:00+00:00,201.74,201.74,201.09,201.53,1842
2026-04-23T13:55:00+00:00,201.53,201.53,200.84,201.02,1776
2026-04-23T14:00:00+00:00,201.02,201.03,200.15,200.9,2234
2026-04-23T14:05:00+00:00,200.9,201.15,200.66000000000003,200.74,1747
2026-04-23T14:10:00+00:00,200.74,200.8,199.96,200.19000000000003,1798
2026-04-23T14:15:00+00:00,200.19000000000003,200.82000000000002,200.05,200.10000000000002,1887
2026-04-23T14:20:00+00:00,200.10000000000002,200.23000000000002,199.82000000000002,199.96,1818
2026-04-23T14:25:00+00:00,199.96,200.15,199.56,199.71,1556
2026-04-23T14:30:00+00:00,199.71,200.28,199.69000000000003,199.98000000000002,1652
2026-04-23T14:35:00+00:00,199.98000000000002,200.42000000000002,199.71,199.95000000000002,1589
2026-04-23T14:40:00+00:00,199.95000000000002,200.06,199.72000000000003,199.96,1202
2026-04-23T14:45:00+00:00,199.96,200.33,199.94000000000003,199.96,1230
2026-04-23T14:50:00+00:00,199.96,200.25,199.71,200.17000000000002,1214
2026-04-23T14:55:00+00:00,200.17000000000002,200.71,200.16000000000003,200.49,1051
2026-04-23T15:00:00+00:00,200.49,201,200.49,200.85000000000002,1076
2026-04-23T15:05:00+00:00,200.85000000000002,200.96,200.64000000000001,200.93,1049
2026-04-23T15:10:00+00:00,200.93,201.03,200.81,200.86,823
2026-04-23T15:15:00+00:00,200.86,200.98000000000002,200.74,200.92000000000002,1042
2026-04-23T15:20:00+00:00,200.92000000000002,201.05,200.82000000000002,200.94000000000003,808
2026-04-23T15:25:00+00:00,200.94000000000003,200.95000000000002,200.42000000000002,200.46,1045
2026-04-23T15:30:00+00:00,200.46,200.67000000000002,200.19000000000003,200.47000000000003,1135
2026-04-23T15:35:00+00:00,200.47000000000003,200.49,200.16000000000003,200.29000000000002,787
2026-04-23T15:40:00+00:00,200.29000000000002,200.38000000000002,200.03,200.03,882
2026-04-23T15:45:00+00:00,200.03,200.08,199.43,199.46,1687
2026-04-23T15:50:00+00:00,199.46,199.57000000000002,199.12,199.15,1366
2026-04-23T15:55:00+00:00,199.15,199.51000000000002,199.12,199.44000000000003,1232
2026-04-23T16:00:00+00:00,199.44000000000003,199.61,199.04000000000002,199.08,1195
2026-04-23T16:05:00+00:00,199.08,199.27,198.91000000000003,199.06,1205
2026-04-23T16:10:00+00:00,199.06,199.31,198.91000000000003,199.22000000000003,1003
2026-04-23T16:15:00+00:00,199.22000000000003,199.44000000000003,199.05,199.16000000000003,720
2026-04-23T16:20:00+00:00,199.16000000000003,199.17000000000002,198.89000000000001,199.10000000000002,847
2026-04-23T16:25:00+00:00,199.10000000000002,199.28,198.92000000000002,199.05,795
2026-04-23T16:30:00+00:00,199.05,199.59,198.99,199.54000000000002,692
2026-04-23T16:35:00+00:00,199.54000000000002,199.67000000000002,199.44000000000003,199.55,707
2026-04-23T16:40:00+00:00,199.55,199.65,199.52,199.59,654
2026-04-23T16:45:00+00:00,199.59,199.71,199.41000000000003,199.56,704
2026-04-23T16:50:00+00:00,199.56,199.84,199.47000000000003,199.64000000000001,704
2026-04-23T16:55:00+00:00,199.64000000000001,199.69000000000003,199.33,199.43,938
2026-04-23T17:00:00+00:00,199.43,199.58,198.70000000000002,198.8,2225
2026-04-23T17:05:00+00:00,198.8,198.82000000000002,198.13000000000002,198.15,1926
2026-04-23T17:10:00+00:00,198.15,198.26000000000002,197.83,198.10000000000002,2246
2026-04-23T17:15:00+00:00,198.10000000000002,198.12,197.16000000000003,197.32000000000002,2306
2026-04-23T17:20:00+00:00,197.32000000000002,197.78,197.19000000000003,197.47000000000003,2030
2026-04-23T17:25:00+00:00,197.47000000000003,197.93,197.29000000000002,197.38000000000002,1872
2026-04-23T17:30:00+00:00,197.38000000000002,197.91000000000003,196.98000000000002,197.9,1829
2026-04-23T17:35:00+00:00,197.9,198.08,197.12,197.26000000000002,2246
2026-04-23T17:40:00+00:00,197.26000000000002,197.3,195.89000000000001,196.06,2647
2026-04-23T17:45:00+00:00,196.06,196.10000000000002,195.17000000000002,195.92000000000002,2973
2026-04-23T17:50:00+00:00,195.92000000000002,196.71,195.37,196.29000000000002,3192
2026-04-23T17:55:00+00:00,196.29000000000002,196.9,196.16000000000003,196.8,2338
2026-04-23T18:00:00+00:00,196.8,197.34,196.60000000000002,196.93,2556
2026-04-23T18:05:00+00:00,196.93,197.26000000000002,196.77,197.09,1619
2026-04-23T18:10:00+00:00,197.09,197.4,196.96,197.12,1816
2026-04-23T18:15:00+00:00,197.12,197.28,196.97000000000003,197.04000000000002,1201
2026-04-23T18:20:00+00:00,197.04000000000002,197.16000000000003,196.73000000000002,197.02,1240
2026-04-23T18:25:00+00:00,197.02,197.11,196.87,197.07000000000002,860
2026-04-23T18:30:00+00:00,197.07000000000002,197.4,197.07000000000002,197.3,1099
2026-04-23T18:35:00+00:00,197.3,197.59,197.29000000000002,197.36,974
2026-04-23T18:40:00+00:00,197.36,197.39000000000001,197.03,197.28,1078
2026-04-23T18:45:00+00:00,197.28,197.37,196.91000000000003,196.94000000000003,964
2026-04-23T18:50:00+00:00,196.94000000000003,196.94000000000003,196.54000000000002,196.76000000000002,1160
2026-04-23T18:55:00+00:00,196.76000000000002,196.83,196.17000000000002,196.28,1349
2026-04-23T19:00:00+00:00,196.28,196.48000000000002,196.12,196.35000000000002,1554
2026-04-23T19:05:00+00:00,196.35000000000002,196.87,196.35000000000002,196.77,1212
2026-04-23T19:10:00+00:00,196.77,196.83,196.58,196.78,1070
2026-04-23T19:15:00+00:00,196.78,197.06,196.77,196.96,1052
2026-04-23T19:20:00+00:00,196.96,197.20000000000002,196.86,197.14000000000001,925
2026-04-23T19:25:00+00:00,197.14000000000001,197.24,197.02,197.05,934
2026-04-23T19:30:00+00:00,197.05,197.41000000000003,196.97000000000003,196.99,1098
2026-04-23T19:35:00+00:00,196.99,197,196.63000000000002,196.88000000000002,1636
2026-04-23T19:40:00+00:00,196.88000000000002,197.13000000000002,196.88000000000002,196.98000000000002,1286
2026-04-23T19:45:00+00:00,196.98000000000002,197.41000000000003,196.94000000000003,197.41000000000003,1216
2026-04-23T19:50:00+00:00,197.41000000000003,197.42000000000002,196.65,197.36,1716
2026-04-23T19:55:00+00:00,197.36,197.65,197.28,197.63000000000002,1588
2026-04-24T13:30:00+00:00,197.63000000000002,201.12,197.63000000000002,201.02,2705
2026-04-24T13:35:00+00:00,201.02,201.16000000000003,199.56,200.86,2826
2026-04-24T13:40:00+00:00,200.86,201.06,199.55,199.69000000000003,2349
2026-04-24T13:45:00+00:00,199.69000000000003,200.66000000000003,199.66000000000003,200.66000000000003,2006
2026-04-24T13:50:00+00:00,200.66000000000003,200.93,199.78,199.92000000000002,2111
2026-04-24T13:55:00+00:00,199.92000000000002,200.16000000000003,199.07000000000002,199.92000000000002,1705
2026-04-24T14:00:00+00:00,199.92000000000002,200.58,199.61,200.22000000000003,1829
2026-04-24T14:05:00+00:00,200.22000000000003,200.82000000000002,199.96,200.68,2530
2026-04-24T14:10:00+00:00,200.68,201.06,200.27,200.38000000000002,2271
2026-04-24T14:15:00+00:00,200.38000000000002,200.92000000000002,200.24,200.55,1892
2026-04-24T14:20:00+00:00,200.55,200.79000000000002,200.21,200.72000000000003,1971
2026-04-24T14:25:00+00:00,200.72000000000003,200.84,200.33,200.53,2175
2026-04-24T14:30:00+00:00,200.53,201.49,200.4,201.35000000000002,2350
2026-04-24T14:35:00+00:00,201.35000000000002,202.72000000000003,201.20000000000002,202.67000000000002,2551
2026-04-24T14:40:00+00:00,202.67000000000002,204.18,202.60000000000002,204.17000000000002,2835
2026-04-24T14:45:00+00:00,204.17000000000002,205.08,204.06,204.92000000000002,3141
2026-04-24T14:50:00+00:00,204.92000000000002,205.34,204.62,204.89000000000001,2591
2026-04-24T14:55:00+00:00,204.89000000000001,206.79000000000002,204.87,206.63000000000002,2520.791237113402
2026-04-24T15:00:00+00:00,206.63000000000002,206.87000000000003,206.17000000000002,206.48000000000002,2699
2026-04-24T15:05:00+00:00,206.48000000000002,207.34000000000003,206.34000000000003,207.15000000000003,2389
2026-04-24T15:10:00+00:00,207.15000000000003,207.58,207.06000000000003,207.51000000000002,2401
2026-04-24T15:15:00+00:00,207.51000000000002,207.63000000000002,206.44000000000003,206.60000000000002,2545
2026-04-24T15:20:00+00:00,206.60000000000002,206.60000000000002,206.17000000000002,206.39000000000001,2100
2026-04-24T15:25:00+00:00,206.39000000000001,206.84000000000003,205.8,206.84000000000003,2049
2026-04-24T15:30:00+00:00,206.84000000000003,207.85000000000002,206.71000000000004,207.68000000000004,2174
2026-04-24T15:35:00+00:00,207.68000000000004,207.85000000000002,206.95000000000002,207.13000000000002,1963
2026-04-24T15:40:00+00:00,207.13000000000002,207.66000000000003,206.91000000000003,207.59000000000003,2040
2026-04-24T15:45:00+00:00,207.59000000000003,207.74,206.65000000000003,207.08,2557
2026-04-24T15:50:00+00:00,207.08,207.56000000000003,206.97000000000003,207.04000000000002,2011
2026-04-24T15:55:00+00:00,207.04000000000002,207.23000000000002,206.78000000000003,207.04000000000002,1689
2026-04-24T16:00:00+00:00,207.04000000000002,207.39000000000001,207.00000000000003,207.10000000000002,1848
2026-04-24T16:05:00+00:00,207.10000000000002,207.36,206.26000000000002,206.48000000000002,1610
2026-04-24T16:10:00+00:00,206.48000000000002,206.93000000000004,206.40000000000003,206.58,1266
2026-04-24T16:15:00+00:00,206.58,207.10000000000002,206.29000000000002,207.07000000000002,1324
2026-04-24T16:20:00+00:00,207.07000000000002,207.8,207.06000000000003,207.79000000000002,1399
2026-04-24T16:25:00+00:00,207.79000000000002,207.93000000000004,207.41000000000003,207.50000000000003,1516
2026-04-24T16:30:00+00:00,207.50000000000003,208.25000000000003,207.48000000000002,208.21000000000004,1703
2026-04-24T16:35:00+00:00,208.21000000000004,208.87000000000003,208.19000000000003,208.77,1530
2026-04-24T16:40:00+00:00,208.77,208.78000000000003,207.93000000000004,208.01000000000002,1624
2026-04-24T16:45:00+00:00,208.01000000000002,208.47000000000003,208.00000000000003,208.08,1397
2026-04-24T16:50:00+00:00,208.08,208.37000000000003,207.79000000000002,207.83,1309
2026-04-24T16:55:00+00:00,207.83,207.97000000000003,207.46000000000004,207.59000000000003,1371
2026-04-24T17:00:00+00:00,207.59000000000003,207.74,207.17000000000002,207.56000000000003,1410
2026-04-24T17:05:00+00:00,207.56000000000003,207.74,207.48000000000002,207.67000000000002,1003
2026-04-24T17:10:00+00:00,207.67000000000002,207.97000000000003,207.53000000000003,207.93000000000004,1122
2026-04-24T17:15:00+00:00,207.93000000000004,207.97000000000003,207.54000000000002,207.65000000000003,1183
2026-04-24T17:20:00+00:00,207.65000000000003,207.74,206.96000000000004,207.41000000000003,1310
2026-04-24T17:25:00+00:00,207.41000000000003,207.54000000000002,207.24,207.26000000000002,1064
2026-04-24T17:30:00+00:00,207.26000000000002,207.42000000000002,206.95000000000002,207.33,1333
2026-04-24T17:35:00+00:00,207.33,207.58,207.19000000000003,207.29000000000002,1094
2026-04-24T17:40:00+00:00,207.29000000000002,207.62000000000003,207.18000000000004,207.54000000000002,1173
2026-04-24T17:45:00+00:00,207.54000000000002,207.65000000000003,207.09000000000003,207.16000000000003,906
2026-04-24T17:50:00+00:00,207.16000000000003,207.63000000000002,207.01000000000002,207.35000000000002,970
2026-04-24T17:55:00+00:00,207.35000000000002,207.45000000000002,207.14000000000001,207.24,1127
2026-04-24T18:00:00+00:00,207.24,207.34000000000003,207.02,207.04000000000002,880
2026-04-24T18:05:00+00:00,207.04000000000002,207.22000000000003,206.61,207.19000000000003,1177
2026-04-24T18:10:00+00:00,207.19000000000003,207.23000000000002,206.88000000000002,206.96000000000004,899
2026-04-24T18:15:00+00:00,206.96000000000004,206.99,206.52,206.69000000000003,1025
2026-04-24T18:20:00+00:00,206.69000000000003,206.69000000000003,206.22000000000003,206.41000000000003,1119
2026-04-24T18:25:00+00:00,206.41000000000003,206.64000000000001,206.08,206.11,1213
2026-04-24T18:30:00+00:00,206.11,206.50000000000003,206.04000000000002,206.47000000000003,1269
2026-04-24T18:35:00+00:00,206.47000000000003,206.51000000000002,206.22000000000003,206.38000000000002,872
2026-04-24T18:40:00+00:00,206.38000000000002,206.54000000000002,205.97000000000003,206.01000000000002,947
2026-04-24T18:45:00+00:00,206.01000000000002,206.03000000000003,205.68000000000004,205.83,1050
2026-04-24T18:50:00+00:00,205.83,206.02,205.69000000000003,205.79000000000002,1011
2026-04-24T18:55:00+00:00,205.79000000000002,206.19000000000003,205.60000000000002,206.16000000000003,1125
2026-04-24T19:00:00+00:00,206.16000000000003,206.27,206.04000000000002,206.12000000000003,1075
2026-04-24T19:05:00+00:00,206.12000000000003,206.84000000000003,206.07000000000002,206.74,1108
2026-04-24T19:10:00+00:00,206.74,207.10000000000002,206.67000000000002,207.07000000000002,1026
2026-04-24T19:15:00+00:00,207.07000000000002,207.21000000000004,206.95000000000002,207.05,1086
2026-04-24T19:20:00+00:00,207.05,207.05,206.64000000000001,206.73000000000002,1195
2026-04-24T19:25:00+00:00,206.73000000000002,206.8,206.40000000000003,206.45000000000002,1078
2026-04-24T19:30:00+00:00,206.45000000000002,206.48000000000002,205.93000000000004,206.32000000000002,1642
2026-04-24T19:35:00+00:00,206.32000000000002,206.55,206.24,206.33,1218
2026-04-24T19:40:00+00:00,206.33,206.48000000000002,206.12000000000003,206.12000000000003,1076
2026-04-24T19:45:00+00:00,206.12000000000003,206.21000000000004,205.76000000000002,205.90000000000003,1239
2026-04-24T19:50:00+00:00,205.90000000000003,206.17000000000002,205.48000000000002,205.97000000000003,1845
2026-04-24T19:55:00+00:00,205.97000000000003,206.36,205.88000000000002,206.12000000000003,1581
2026-04-27T13:30:00+00:00,206.12000000000003,208.85000000000002,206.12000000000003,208.73000000000002,2510
2026-04-27T13:35:00+00:00,208.73000000000002,209.89000000000001,208.43000000000004,208.53000000000003,2863
2026-04-27T13:40:00+00:00,208.53000000000003,209.01000000000002,207.38000000000002,207.70000000000002,2261
2026-04-27T13:45:00+00:00,207.70000000000002,208.51000000000002,207.01000000000002,207.91000000000003,2328
2026-04-27T13:50:00+00:00,207.91000000000003,207.95000000000002,206.33,207.85000000000002,2428
2026-04-27T13:55:00+00:00,207.85000000000002,208.37000000000003,207.10000000000002,208.29000000000002,1845
2026-04-27T14:00:00+00:00,208.29000000000002,208.59000000000003,207.94000000000003,208.16000000000003,2202
2026-04-27T14:05:00+00:00,208.16000000000003,208.66000000000003,207.91000000000003,208.11,2277
2026-04-27T14:10:00+00:00,208.11,208.44000000000003,207.53000000000003,208.3,2159
2026-04-27T14:15:00+00:00,208.3,208.33,206.84000000000003,207.16000000000003,2319
2026-04-27T14:20:00+00:00,207.16000000000003,207.32000000000002,206.83,207.05,2146
2026-04-27T14:25:00+00:00,207.05,207.12000000000003,206.44000000000003,206.61,2244
2026-04-27T14:30:00+00:00,206.61,206.73000000000002,205.31000000000003,206.3,2589
2026-04-27T14:35:00+00:00,206.3,207.14000000000001,206.26000000000002,207.02,2063
2026-04-27T14:40:00+00:00,207.02,207.38000000000002,206.83,207.16000000000003,1707
2026-04-27T14:45:00+00:00,207.16000000000003,207.34000000000003,206.73000000000002,207.26000000000002,1725
2026-04-27T14:50:00+00:00,207.26000000000002,207.8,207.13000000000002,207.31000000000003,1622
2026-04-27T14:55:00+00:00,207.31000000000003,207.59000000000003,207.09000000000003,207.31000000000003,1659
2026-04-27T15:00:00+00:00,207.31000000000003,207.63000000000002,207.09000000000003,207.21000000000004,1635
2026-04-27T15:05:00+00:00,207.21000000000004,207.66000000000003,206.95000000000002,207.53000000000003,1619
2026-04-27T15:10:00+00:00,207.53000000000003,207.86,207.39000000000001,207.40000000000003,1601
2026-04-27T15:15:00+00:00,207.40000000000003,207.78000000000003,207.25000000000003,207.64000000000001,1491
2026-04-27T15:20:00+00:00,207.64000000000001,207.82000000000002,207.3,207.40000000000003,1668
2026-04-27T15:25:00+00:00,207.40000000000003,207.82000000000002,207.18000000000004,207.82000000000002,1401
2026-04-27T15:30:00+00:00,207.82000000000002,208.23000000000002,207.71000000000004,208.13000000000002,1248
2026-04-27T15:35:00+00:00,208.13000000000002,208.48000000000002,208.06000000000003,208.44000000000003,1172
2026-04-27T15:40:00+00:00,208.44000000000003,208.57000000000002,208.23000000000002,208.29000000000002,1271
2026-04-27T15:45:00+00:00,208.29000000000002,208.76000000000002,208.04000000000002,208.53000000000003,1219
2026-04-27T15:50:00+00:00,208.53000000000003,208.79000000000002,208.31000000000003,208.49,1138
2026-04-27T15:55:00+00:00,208.49,208.63000000000002,208.32000000000002,208.57000000000002,1035
2026-04-27T16:00:00+00:00,208.57000000000002,208.95000000000002,208.56000000000003,208.74,1160
2026-04-27T16:05:00+00:00,208.74,209.3,208.69000000000003,209.20000000000002,1172
2026-04-27T16:10:00+00:00,209.20000000000002,209.36,208.85000000000002,209.01000000000002,1175
2026-04-27T16:15:00+00:00,209.01000000000002,209.52,208.92000000000002,209.49,1000
2026-04-27T16:20:00+00:00,209.49,209.57000000000002,209.06000000000003,209.19000000000003,950
2026-04-27T16:25:00+00:00,209.19000000000003,209.58,209.13000000000002,209.39000000000001,856
2026-04-27T16:30:00+00:00,209.39000000000001,210.57000000000002,209.33,210.45000000000002,1334
2026-04-27T16:35:00+00:00,210.45000000000002,211.56000000000003,210.45000000000002,211.36,1849
2026-04-27T16:40:00+00:00,211.36,211.41000000000003,210.90000000000003,210.96000000000004,1541
2026-04-27T16:45:00+00:00,210.96000000000004,211.23000000000002,210.66000000000003,211.07000000000002,1351
2026-04-27T16:50:00+00:00,211.07000000000002,211.17000000000002,210.40000000000003,210.61,1278
2026-04-27T16:55:00+00:00,210.61,210.71000000000004,210.43000000000004,210.67000000000002,1001
2026-04-27T17:00:00+00:00,210.67000000000002,211.13000000000002,210.67000000000002,211.03000000000003,1003
2026-04-27T17:05:00+00:00,211.03000000000003,211.40000000000003,210.97000000000003,211.39000000000001,970
2026-04-27T17:10:00+00:00,211.39000000000001,211.96000000000004,211.25000000000003,211.94000000000003,1213
2026-04-27T17:15:00+00:00,211.94000000000003,212.06000000000003,211.23000000000002,211.44000000000003,1503
2026-04-27T17:20:00+00:00,211.44000000000003,211.97000000000003,211.21000000000004,211.83,1361
2026-04-27T17:25:00+00:00,211.83,212.19000000000003,211.53000000000003,211.55,1302
2026-04-27T17:30:00+00:00,211.55,212.25000000000003,211.52,212.21000000000004,1178
2026-04-27T17:35:00+00:00,212.21000000000004,212.47000000000003,212.00000000000003,212.26000000000002,1167
2026-04-27T17:40:00+00:00,212.26000000000002,212.38000000000002,212.12000000000003,212.23000000000002,1070
2026-04-27T17:45:00+00:00,212.23000000000002,213.07000000000002,212.23000000000002,212.98000000000002,1553
2026-04-27T17:50:00+00:00,212.98000000000002,213.3,212.71000000000004,212.94000000000003,1407
2026-04-27T17:55:00+00:00,212.94000000000003,213.12000000000003,212.85000000000002,213.07000000000002,1064
2026-04-27T18:00:00+00:00,213.07000000000002,213.37000000000003,212.86,213.36,1129
2026-04-27T18:05:00+00:00,213.36,213.63000000000002,213.14000000000001,213.43000000000004,1284
2026-04-27T18:10:00+00:00,213.43000000000004,213.48000000000002,213.04000000000002,213.26000000000002,1252
2026-04-27T18:15:00+00:00,213.26000000000002,214.13000000000002,213.21000000000004,214.13000000000002,1181
2026-04-27T18:20:00+00:00,214.13000000000002,214.20000000000002,213.87000000000003,214.01000000000002,1418
2026-04-27T18:25:00+00:00,214.01000000000002,214.07000000000002,213.47000000000003,213.63000000000002,1594
2026-04-27T18:30:00+00:00,213.63000000000002,214.31000000000003,213.54000000000002,213.96000000000004,1278
2026-04-27T18:35:00+00:00,213.96000000000004,214.09000000000003,213.33,213.39000000000001,1191
2026-04-27T18:40:00+00:00,213.39000000000001,213.56000000000003,213.18000000000004,213.39000000000001,1358
2026-04-27T18:45:00+00:00,213.39000000000001,213.43000000000004,212.85000000000002,213.08,1180
2026-04-27T18:50:00+00:00,213.08,213.19000000000003,212.75000000000003,212.83,963
2026-04-27T18:55:00+00:00,212.83,213.21000000000004,212.81000000000003,213.02,1208
2026-04-27T19:00:00+00:00,213.02,213.61,212.96000000000004,213.61,925
2026-04-27T19:05:00+00:00,213.61,213.76000000000002,213.37000000000003,213.66000000000003,1090
2026-04-27T19:10:00+00:00,213.66000000000003,213.83,213.53000000000003,213.8,1032
2026-04-27T19:15:00+00:00,213.8,214.03000000000003,213.77,213.91000000000003,1163
2026-04-27T19:20:00+00:00,213.91000000000003,213.93000000000004,213.36,213.63000000000002,1182
2026-04-27T19:25:00+00:00,213.63000000000002,213.72000000000003,213.39000000000001,213.42000000000002,853
2026-04-27T19:30:00+00:00,213.42000000000002,213.85000000000002,213.23000000000002,213.68000000000004,1176
2026-04-27T19:35:00+00:00,213.68000000000004,213.82000000000002,213.46000000000004,213.68000000000004,1076
2026-04-27T19:40:00+00:00,213.68000000000004,213.85000000000002,213.52,213.69000000000003,897
2026-04-27T19:45:00+00:00,213.69000000000003,214.49,213.68000000000004,214.38000000000002,1389
2026-04-27T19:50:00+00:00,214.38000000000002,214.54000000000002,214.03000000000003,214.26000000000002,1527
2026-04-27T19:55:00+00:00,214.26000000000002,214.76000000000002,214.12000000000003,214.58,1953
2026-04-28T13:30:00+00:00,214.58,214.58,206.14000000000001,208.09000000000003,2845
2026-04-28T13:35:00+00:00,208.09000000000003,209.42000000000002,208.05,209.29000000000002,3344
2026-04-28T13:40:00+00:00,209.29000000000002,210.57000000000002,208.93000000000004,209.72000000000003,3119
2026-04-28T13:45:00+00:00,209.72000000000003,210.22000000000003,209.12000000000003,209.95000000000002,2721
2026-04-28T13:50:00+00:00,209.95000000000002,210.18000000000004,209.39000000000001,209.54000000000002,2505
2026-04-28T13:55:00+00:00,209.54000000000002,210.19000000000003,208.58,210.12000000000003,1971
2026-04-28T14:00:00+00:00,210.12000000000003,210.74,209.68000000000004,210.34000000000003,2163
2026-04-28T14:05:00+00:00,210.34000000000003,211.37000000000003,210.18000000000004,211.12000000000003,2488
2026-04-28T14:10:00+00:00,211.12000000000003,211.60000000000002,210.64000000000001,211.05,2601
2026-04-28T14:15:00+00:00,211.05,211.24,210.44000000000003,210.55,2424
2026-04-28T14:20:00+00:00,210.55,210.77,210.10000000000002,210.13000000000002,2289
2026-04-28T14:25:00+00:00,210.13000000000002,210.47000000000003,209.73000000000002,210.3,2242
2026-04-28T14:30:00+00:00,210.3,210.64000000000001,210.04000000000002,210.14000000000001,2033
2026-04-28T14:35:00+00:00,210.14000000000001,210.18000000000004,208.07000000000002,208.52,2725
2026-04-28T14:40:00+00:00,208.52,208.59000000000003,207.74,208.38000000000002,2643
2026-04-28T14:45:00+00:00,208.38000000000002,208.58,207.73000000000002,207.76000000000002,2507
2026-04-28T14:50:00+00:00,207.76000000000002,207.76000000000002,206.28000000000003,206.56000000000003,2963
2026-04-28T14:55:00+00:00,206.56000000000003,207.72000000000003,206.38000000000002,207.68000000000004,3030
2026-04-28T15:00:00+00:00,207.68000000000004,208.14000000000001,207.49,207.62000000000003,2327
2026-04-28T15:05:00+00:00,207.62000000000003,207.76000000000002,206.93000000000004,207.19000000000003,2172
2026-04-28T15:10:00+00:00,207.19000000000003,207.94000000000003,206.99,207.79000000000002,2034
2026-04-28T15:15:00+00:00,207.79000000000002,207.92000000000002,207.29000000000002,207.84000000000003,1726
2026-04-28T15:20:00+00:00,207.84000000000003,207.90000000000003,207.08,207.13000000000002,1727
2026-04-28T15:25:00+00:00,207.13000000000002,207.21000000000004,206.68000000000004,207.00000000000003,1724
2026-04-28T15:30:00+00:00,207.00000000000003,207.02,206.51000000000002,206.96000000000004,1737
2026-04-28T15:35:00+00:00,206.96000000000004,207.33,206.8,207.12000000000003,1753
2026-04-28T15:40:00+00:00,207.12000000000003,207.43000000000004,207.01000000000002,207.43000000000004,1270
2026-04-28T15:45:00+00:00,207.43000000000004,207.43000000000004,206.81000000000003,206.96000000000004,1544
2026-04-28T15:50:00+00:00,206.96000000000004,207.67000000000002,206.93000000000004,207.49,1357
2026-04-28T15:55:00+00:00,207.49,207.71000000000004,207.42000000000002,207.70000000000002,1332
2026-04-28T16:00:00+00:00,207.70000000000002,207.83,207.57000000000002,207.74,1305
2026-04-28T16:05:00+00:00,207.74,208.00000000000003,207.66000000000003,207.79000000000002,1225
2026-04-28T16:10:00+00:00,207.79000000000002,207.96000000000004,207.50000000000003,207.93000000000004,1086
2026-04-28T16:15:00+00:00,207.93000000000004,208.03000000000003,207.72000000000003,207.96000000000004,1122
2026-04-28T16:20:00+00:00,207.96000000000004,208.58,207.93000000000004,208.36,1155
2026-04-28T16:25:00+00:00,208.36,208.46000000000004,207.98000000000002,208.05,975
2026-04-28T16:30:00+00:00,208.05,208.20000000000002,207.97000000000003,207.99,888
2026-04-28T16:35:00+00:00,207.99,208.03000000000003,207.24,207.43000000000004,1141
2026-04-28T16:40:00+00:00,207.43000000000004,207.91000000000003,207.39000000000001,207.91000000000003,923
2026-04-28T16:45:00+00:00,207.91000000000003,208.21000000000004,207.78000000000003,208.17000000000002,928
2026-04-28T16:50:00+00:00,208.17000000000002,208.81000000000003,208.04000000000002,208.71000000000004,1381
2026-04-28T16:55:00+00:00,208.71000000000004,208.82000000000002,208.38000000000002,208.62000000000003,1109
2026-04-28T17:00:00+00:00,208.62000000000003,208.73000000000002,208.17000000000002,208.27,1033
2026-04-28T17:05:00+00:00,208.27,208.54000000000002,208.09000000000003,208.52,967
2026-04-28T17:10:00+00:00,208.52,208.60000000000002,208.20000000000002,208.50000000000003,971
2026-04-28T17:15:00+00:00,208.50000000000003,208.74,208.08,208.18000000000004,1074
2026-04-28T17:20:00+00:00,208.18000000000004,208.48000000000002,208.14000000000001,208.48000000000002,815
2026-04-28T17:25:00+00:00,208.48000000000002,208.90000000000003,208.40000000000003,208.72000000000003,898
2026-04-28T17:30:00+00:00,208.72000000000003,209.04000000000002,208.72000000000003,208.98000000000002,995
2026-04-28T17:35:00+00:00,208.98000000000002,209.19000000000003,208.93000000000004,209.15000000000003,941
2026-04-28T17:40:00+00:00,209.15000000000003,209.37000000000003,209.09000000000003,209.24,893
2026-04-28T17:45:00+00:00,209.24,209.46000000000004,209.12000000000003,209.20000000000002,986
2026-04-28T17:50:00+00:00,209.20000000000002,209.38000000000002,208.96000000000004,209.24,885
2026-04-28T17:55:00+00:00,209.24,209.72000000000003,209.21000000000004,209.68000000000004,767
2026-04-28T18:00:00+00:00,209.68000000000004,209.84000000000003,209.56000000000003,209.68000000000004,950
2026-04-28T18:05:00+00:00,209.68000000000004,209.93000000000004,209.59000000000003,209.92000000000002,800
2026-04-28T18:10:00+00:00,209.92000000000002,210.15000000000003,209.8,210.12000000000003,693
2026-04-28T18:15:00+00:00,210.12000000000003,210.43000000000004,210.07000000000002,210.34000000000003,950
2026-04-28T18:20:00+00:00,210.34000000000003,210.87000000000003,210.34000000000003,210.86,1353
2026-04-28T18:25:00+00:00,210.86,210.93000000000004,210.73000000000002,210.78000000000003,959
2026-04-28T18:30:00+00:00,210.78000000000003,210.91000000000003,210.39000000000001,210.72000000000003,1061
2026-04-28T18:35:00+00:00,210.72000000000003,211.34000000000003,210.59000000000003,211.32000000000002,906
2026-04-28T18:40:00+00:00,211.32000000000002,211.85000000000002,211.28000000000003,211.81000000000003,1112
2026-04-28T18:45:00+00:00,211.81000000000003,211.94000000000003,211.44000000000003,211.53000000000003,1087
2026-04-28T18:50:00+00:00,211.53000000000003,211.83,211.46000000000004,211.78000000000003,780
2026-04-28T18:55:00+00:00,211.78000000000003,212.01000000000002,211.54000000000002,212.01000000000002,914
2026-04-28T19:00:00+00:00,212.01000000000002,212.20000000000002,211.82000000000002,212.12000000000003,1070
2026-04-28T19:05:00+00:00,212.12000000000003,212.54000000000002,212.10000000000002,212.53000000000003,1186
2026-04-28T19:10:00+00:00,212.53000000000003,212.66000000000003,212.05,212.09000000000003,1106
2026-04-28T19:15:00+00:00,212.09000000000003,212.14000000000001,211.58,211.59000000000003,1487
2026-04-28T19:20:00+00:00,211.59000000000003,212.02,211.40000000000003,211.96000000000004,1297
2026-04-28T19:25:00+00:00,211.96000000000004,212.20000000000002,211.70000000000002,211.99,1129
2026-04-28T19:30:00+00:00,211.99,212.36,211.93000000000004,212.12000000000003,1131
2026-04-28T19:35:00+00:00,212.12000000000003,212.16000000000003,211.76000000000002,211.84000000000003,1313
2026-04-28T19:40:00+00:00,211.84000000000003,211.89000000000001,211.48000000000002,211.60000000000002,1256
2026-04-28T19:45:00+00:00,211.60000000000002,211.63000000000002,211.21000000000004,211.35000000000002,1342
2026-04-28T19:50:00+00:00,211.35000000000002,211.57000000000002,211.02,211.41000000000003,2133
2026-04-28T19:55:00+00:00,211.41000000000003,211.46000000000004,210.90000000000003,211.16000000000003,2405
2026-04-29T13:30:00+00:00,211.16000000000003,211.16000000000003,208.31000000000003,208.94000000000003,2281
2026-04-29T13:35:00+00:00,208.94000000000003,209.72000000000003,208.38000000000002,209.64000000000001,2292
2026-04-29T13:40:00+00:00,209.64000000000001,209.92000000000002,208.69000000000003,208.95000000000002,1803
2026-04-29T13:45:00+00:00,208.95000000000002,208.95000000000002,208.23000000000002,208.45000000000002,1912
2026-04-29T13:50:00+00:00,208.45000000000002,209.37000000000003,208.37000000000003,209.3,1686
2026-04-29T13:55:00+00:00,209.3,209.51000000000002,208.71000000000004,208.76000000000002,1384
2026-04-29T14:00:00+00:00,208.76000000000002,208.76000000000002,207.71000000000004,208.37000000000003,1987
2026-04-29T14:05:00+00:00,208.37000000000003,208.67000000000002,207.95000000000002,208.23000000000002,1827
2026-04-29T14:10:00+00:00,208.23000000000002,209.13000000000002,207.98000000000002,209.12000000000003,1748
2026-04-29T14:15:00+00:00,209.12000000000003,209.16000000000003,208.69000000000003,208.89000000000001,1497
2026-04-29T14:20:00+00:00,208.89000000000001,208.94000000000003,208.35000000000002,208.61,1461
2026-04-29T14:25:00+00:00,208.61,209.12000000000003,208.48000000000002,209.01000000000002,1414
2026-04-29T14:30:00+00:00,209.01000000000002,209.34000000000003,208.60000000000002,209.26000000000002,1572
2026-04-29T14:35:00+00:00,209.26000000000002,209.65000000000003,209.11,209.48000000000002,1626
2026-04-29T14:40:00+00:00,209.48000000000002,209.53000000000003,209.16000000000003,209.49,1265
2026-04-29T14:45:00+00:00,209.49,209.87000000000003,208.94000000000003,208.95000000000002,1285
2026-04-29T14:50:00+00:00,208.95000000000002,209.05,208.53000000000003,208.65000000000003,1363
2026-04-29T14:55:00+00:00,208.65000000000003,209.27,208.51000000000002,209.18,1101.0221756398942
2026-04-29T15:00:00+00:00,209.18,209.24,208.66,208.71,1017
2026-04-29T15:05:00+00:00,208.71,209.01,208.47,208.55,975
2026-04-29T15:10:00+00:00,208.55,208.78,208.23,208.25,1267
2026-04-29T15:15:00+00:00,208.25,208.75,208.11,208.75,1284
2026-04-29T15:20:00+00:00,208.75,208.94,208.65,208.7,918
2026-04-29T15:25:00+00:00,208.7,208.94,208.48,208.65,1028
2026-04-29T15:30:00+00:00,208.65,209.23,208.42,209.19,1378
2026-04-29T15:35:00+00:00,209.19,209.26,208.82,209.02,997
2026-04-29T15:40:00+00:00,209.02,209.06,208.61,208.85,1048
2026-04-29T15:45:00+00:00,208.85,209.22,208.78,208.9,909
2026-04-29T15:50:00+00:00,208.9,209.06,208.11,208.23,2015
2026-04-29T15:55:00+00:00,208.23,208.6,208.05,208.5,1533
2026-04-29T16:00:00+00:00,208.5,208.71,208.37,208.7,1081
2026-04-29T16:05:00+00:00,208.7,209.09,208.62,208.93,1015
2026-04-29T16:10:00+00:00,208.93,209,208.35,208.37,871
2026-04-29T16:15:00+00:00,208.37,208.44,207.7,207.79,1055
2026-04-29T16:20:00+00:00,207.79,208.28,207.75,208.2,988
2026-04-29T16:25:00+00:00,208.2,208.3,207.52,207.53,937
2026-04-29T16:30:00+00:00,207.53,207.53,206.78,207.14000000000001,1579
2026-04-29T16:35:00+00:00,207.14000000000001,207.53,207.13,207.41,1144
2026-04-29T16:40:00+00:00,207.41,207.71,207.41,207.44,978
2026-04-29T16:45:00+00:00,207.44,207.47,207.15,207.44,806
2026-04-29T16:50:00+00:00,207.44,207.54,206.97,207.04,744
2026-04-29T16:55:00+00:00,207.04,207.12,206.42,206.77,1099
2026-04-29T17:00:00+00:00,206.77,207.07,206.51,207,973
2026-04-29T17:05:00+00:00,207,207.48,206.94,207.41,805
2026-04-29T17:10:00+00:00,207.41,207.64000000000001,207.31,207.35,692
2026-04-29T17:15:00+00:00,207.35,207.39000000000001,207.08,207.17,682
2026-04-29T17:20:00+00:00,207.17,207.44,207.14000000000001,207.17,804
2026-04-29T17:25:00+00:00,207.17,207.35,207.03,207.3,740
2026-04-29T17:30:00+00:00,207.3,207.42,207.16,207.18,915
2026-04-29T17:35:00+00:00,207.18,207.23,206.93,207.11,723
2026-04-29T17:40:00+00:00,207.11,207.19,206.93,207.15,647
2026-04-29T17:45:00+00:00,207.15,207.46,207.15,207.31,832
2026-04-29T17:50:00+00:00,207.31,207.56,206.93,206.94,849
2026-04-29T17:55:00+00:00,206.94,207.21,206.79,206.99,589
2026-04-29T18:00:00+00:00,206.99,207.06,206.19,206.28,907
2026-04-29T18:05:00+00:00,206.28,206.6,205.62,205.7,1328
2026-04-29T18:10:00+00:00,205.7,206.02,205.46,205.8,1362
2026-04-29T18:15:00+00:00,205.8,206.61,205.75,206.33,1136
2026-04-29T18:20:00+00:00,206.33,206.41,205.99,206.24,1002
2026-04-29T18:25:00+00:00,206.24,206.27,205.89000000000001,205.9,725
2026-04-29T18:30:00+00:00,205.9,205.95,205.44,205.76,1224
2026-04-29T18:35:00+00:00,205.76,206.59,205.76,206.06,1906
2026-04-29T18:40:00+00:00,206.06,206.26,205.79,205.88,1147
2026-04-29T18:45:00+00:00,205.88,206.51,205.71,206.41,1402
2026-04-29T18:50:00+00:00,206.41,206.61,206.2,206.31,1101
2026-04-29T18:55:00+00:00,206.31,206.91,206.24,206.83,1298
2026-04-29T19:00:00+00:00,206.83,206.94,206.52,206.78,962
2026-04-29T19:05:00+00:00,206.78,206.82,206.4,206.66,1085
2026-04-29T19:10:00+00:00,206.66,207.07,206.6,207.06,1055
2026-04-29T19:15:00+00:00,207.06,207.35,207.04,207.21,1169
2026-04-29T19:20:00+00:00,207.21,207.25,206.86,207.13,1079
2026-04-29T19:25:00+00:00,207.13,207.3,207.02,207.18,941
2026-04-29T19:30:00+00:00,207.18,207.29,206.82,206.94,1356
2026-04-29T19:35:00+00:00,206.94,207.14000000000001,206.67,207.05,1128
2026-04-29T19:40:00+00:00,207.05,207.14000000000001,206.77,206.84,955
2026-04-29T19:45:00+00:00,206.84,206.99,206.74,206.89000000000001,854
2026-04-29T19:50:00+00:00,206.89000000000001,207,206.54,206.94,1616
2026-04-29T19:55:00+00:00,206.94,207.22,206.56,207.21,1782
2026-04-30T13:30:00+00:00,207.21,208.1,206.34,206.59,2015
2026-04-30T13:35:00+00:00,206.59,206.63,205.47,205.48,2656
2026-04-30T13:40:00+00:00,205.48,205.56,203.36,204.59,2223
2026-04-30T13:45:00+00:00,204.59,204.79,202.96,204.25,2524
2026-04-30T13:50:00+00:00,204.25,204.37,201.7,201.82,2485
2026-04-30T13:55:00+00:00,201.82,201.94,200.58,201.77,2855
2026-04-30T14:00:00+00:00,201.77,201.81,200.21,200.72,2681
2026-04-30T14:05:00+00:00,200.72,201.21,199.44,199.84,2694
2026-04-30T14:10:00+00:00,199.84,200.55,199.3,199.78,2793
2026-04-30T14:15:00+00:00,199.78,199.81,197.28,198.85,3388
2026-04-30T14:20:00+00:00,198.85,199.72,198.84,199.15,2396
2026-04-30T14:25:00+00:00,199.15,199.46,197.36,198.47,2504
2026-04-30T14:30:00+00:00,198.47,198.97,197.32,197.93,2637
2026-04-30T14:35:00+00:00,197.93,198.11,196.56,196.71,2594
2026-04-30T14:40:00+00:00,196.71,198.74,196.7,198.52,2487
2026-04-30T14:45:00+00:00,198.52,199.38,198.43,199.1,2099
2026-04-30T14:50:00+00:00,199.1,199.74,198.84,199.49,1964
2026-04-30T14:55:00+00:00,199.49,200.16,199.45,199.63,1846
2026-04-30T15:00:00+00:00,199.63,200.29,199.35,199.6,2290
2026-04-30T15:05:00+00:00,199.6,200.27,199.06,200.2,2318
2026-04-30T15:10:00+00:00,200.2,200.31,199.18,199.76,1877
2026-04-30T15:15:00+00:00,199.76,200.01,199.61,199.76,1616
2026-04-30T15:20:00+00:00,199.76,199.9,199.03,199.08,1804
2026-04-30T15:25:00+00:00,199.08,199.33,198.86,199.17,1696
2026-04-30T15:30:00+00:00,199.17,199.67,198.9,198.98,1848
2026-04-30T15:35:00+00:00,198.98,198.98,198.17,198.48,1886
2026-04-30T15:40:00+00:00,198.48,198.66,198.02,198.42,1592
2026-04-30T15:45:00+00:00,198.42,198.71,198.15,198.7,1620
2026-04-30T15:50:00+00:00,198.7,199.22,198.59,199.14000000000001,1592
2026-04-30T15:55:00+00:00,199.14000000000001,199.23,198.44,198.53,1491
2026-04-30T16:00:00+00:00,198.53,198.57,197.66,198.13,1587
2026-04-30T16:05:00+00:00,198.13,198.57,198.08,198.27,1243
2026-04-30T16:10:00+00:00,198.27,198.67,198.15,198.57,1292
2026-04-30T16:15:00+00:00,198.57,198.69,198.21,198.55,1132
2026-04-30T16:20:00+00:00,198.55,198.65,197.96,197.96,1093
2026-04-30T16:25:00+00:00,197.96,198.07,197.28,198.01,1409
2026-04-30T16:30:00+00:00,198.01,198.11,197.66,197.89000000000001,1051
2026-04-30T16:35:00+00:00,197.89000000000001,198.19,197.53,198.16,1303
2026-04-30T16:40:00+00:00,198.16,198.19,197.41,197.42,1164
2026-04-30T16:45:00+00:00,197.42,197.52,197.19,197.48,1445
2026-04-30T16:50:00+00:00,197.48,197.93,197.43,197.84,1278
2026-04-30T16:55:00+00:00,197.84,197.94,197.4,197.69,1376
2026-04-30T17:00:00+00:00,197.69,198.64000000000001,197.66,198.58,1440
2026-04-30T17:05:00+00:00,198.58,198.72,198.21,198.58,1305
2026-04-30T17:10:00+00:00,198.58,198.91,198.18,198.26,1484
2026-04-30T17:15:00+00:00,198.26,198.42,197.94,198.28,1089
2026-04-30T17:20:00+00:00,198.28,198.52,197.94,198.28,1180
2026-04-30T17:25:00+00:00,198.28,198.38,198.12,198.34,859
2026-04-30T17:30:00+00:00,198.34,198.74,198.26,198.66,1390
2026-04-30T17:35:00+00:00,198.66,199.05,198.47,198.99,1113
2026-04-30T17:40:00+00:00,198.99,198.99,198.29,198.36,1155
2026-04-30T17:45:00+00:00,198.36,198.82,198.36,198.49,1155
2026-04-30T17:50:00+00:00,198.49,198.84,198.45,198.71,1130
2026-04-30T17:55:00+00:00,198.71,199.14000000000001,198.59,199.12,1230
2026-04-30T18:00:00+00:00,199.12,199.6,199.1,199.32,1446
2026-04-30T18:05:00+00:00,199.32,199.32,198.32,198.49,1388
2026-04-30T18:10:00+00:00,198.49,198.6,198.12,198.53,1251
2026-04-30T18:15:00+00:00,198.53,198.91,198.46,198.57,1216
2026-04-30T18:20:00+00:00,198.57,198.61,198.19,198.49,1228
2026-04-30T18:25:00+00:00,198.49,198.67,198.26,198.65,997
2026-04-30T18:30:00+00:00,198.65,199.04,198.6,198.86,1022
2026-04-30T18:35:00+00:00,198.86,199.15,198.69,198.91,1018
2026-04-30T18:40:00+00:00,198.91,199.37,198.88,199.31,939
2026-04-30T18:45:00+00:00,199.31,199.86,199.29,199.59,1092
2026-04-30T18:50:00+00:00,199.59,199.74,199.42,199.53,888
2026-04-30T18:55:00+00:00,199.53,199.77,199.43,199.68,898
2026-04-30T19:00:00+00:00,199.68,199.82,199.03,199.11,1255
2026-04-30T19:05:00+00:00,199.11,199.31,198.98,199.24,1274
2026-04-30T19:10:00+00:00,199.24,199.58,198.98,199.31,1209
2026-04-30T19:15:00+00:00,199.31,199.36,198.74,198.87,1121
2026-04-30T19:20:00+00:00,198.87,198.99,198.79,198.91,1100
2026-04-30T19:25:00+00:00,198.91,199.04,198.66,198.67,913
2026-04-30T19:30:00+00:00,198.67,198.85,198.33,198.61,1478
2026-04-30T19:35:00+00:00,198.61,198.86,198.47,198.57,1096
2026-04-30T19:40:00+00:00,198.57,198.87,198.44,198.64000000000001,1348
2026-04-30T19:45:00+00:00,198.64000000000001,198.76,198.27,198.44,1072
2026-04-30T19:50:00+00:00,198.44,198.77,198.05,198.44,2114
2026-04-30T19:55:00+00:00,198.44,198.47,197.35,197.44,2086
2026-05-01T13:30:00+00:00,197.44,200.84,197.44,199.43,2325
2026-05-01T13:35:00+00:00,199.43,199.72,198.83,199.43,2303
2026-05-01T13:40:00+00:00,199.43,200.39000000000001,199.32,199.74,2098
2026-05-01T13:45:00+00:00,199.74,199.86,197.99,198.14000000000001,2284
2026-05-01T13:50:00+00:00,198.14000000000001,198.36,197.04,197.04,2587
2026-05-01T13:55:00+00:00,197.04,198.32,197,198.32,1804
2026-05-01T14:00:00+00:00,198.32,198.45,197.41,197.54,1563
2026-05-01T14:05:00+00:00,197.54,198.34,197.2,198.02,1799
2026-05-01T14:10:00+00:00,198.02,198.21,197.67,197.83,1611
2026-05-01T14:15:00+00:00,197.83,197.88,197.36,197.87,1845
2026-05-01T14:20:00+00:00,197.87,197.92,197.49,197.62,1572
2026-05-01T14:25:00+00:00,197.62,197.63,197.06,197.17,1481
2026-05-01T14:30:00+00:00,197.17,197.18,195.24,195.43,2705
2026-05-01T14:35:00+00:00,195.43,196.71,194.99,196.56,2203
2026-05-01T14:40:00+00:00,196.56,197.25,196.32,197.15,1746
2026-05-01T14:45:00+00:00,197.15,197.88,197.08,197.67,1667
2026-05-01T14:50:00+00:00,197.67,197.85,197.19,197.54,1795
2026-05-01T14:55:00+00:00,197.54,197.73,197.21,197.37,1689.8074324324325
2026-05-01T15:00:00+00:00,197.37,197.58,196.81,197.48,1831
2026-05-01T15:05:00+00:00,197.48,197.68,197.2,197.25,1319
2026-05-01T15:10:00+00:00,197.25,197.47,197.1,197.32,1396
2026-05-01T15:15:00+00:00,197.32,197.61,197.27,197.39000000000001,1439
2026-05-01T15:20:00+00:00,197.39000000000001,197.64000000000001,196.97,196.99,1127
2026-05-01T15:25:00+00:00,196.99,197.23,196.61,196.8,1222
2026-05-01T15:30:00+00:00,196.8,197.06,196.62,196.67,1273
2026-05-01T15:35:00+00:00,196.67,197.19,196.57,197.04,1127
2026-05-01T15:40:00+00:00,197.04,197.61,197.01,197.41,997
2026-05-01T15:45:00+00:00,197.41,197.7,197.29,197.49,1059
2026-05-01T15:50:00+00:00,197.49,197.54,196.8,197.1,1868
2026-05-01T15:55:00+00:00,197.1,197.22,196.74,196.96,1125
2026-05-01T16:00:00+00:00,196.96,197.1,196.8,196.89000000000001,956
2026-05-01T16:05:00+00:00,196.89000000000001,197.02,196.38,196.45,1046
2026-05-01T16:10:00+00:00,196.45,196.89000000000001,196.35,196.79,1167
2026-05-01T16:15:00+00:00,196.79,196.93,196.72,196.85,899
2026-05-01T16:20:00+00:00,196.85,197.27,196.72,197.02,1427
2026-05-01T16:25:00+00:00,197.02,197.05,196.43,196.52,1307
2026-05-01T16:30:00+00:00,196.52,196.72,196.45,196.68,1143
2026-05-01T16:35:00+00:00,196.68,196.87,196.48,196.82,928
2026-05-01T16:40:00+00:00,196.82,196.86,196.46,196.53,977
2026-05-01T16:45:00+00:00,196.53,196.8,196.42,196.76,970
2026-05-01T16:50:00+00:00,196.76,197.17,196.71,197.14000000000001,870
2026-05-01T16:55:00+00:00,197.14000000000001,197.2,196.97,197.01,822
2026-05-01T17:00:00+00:00,197.01,197.22,196.98,197.19,766
2026-05-01T17:05:00+00:00,197.19,197.5,197.16,197.46,713
2026-05-01T17:10:00+00:00,197.46,197.78,197.46,197.69,819
2026-05-01T17:15:00+00:00,197.69,198.07,197.61,197.98,976
2026-05-01T17:20:00+00:00,197.98,198.06,197.72,197.75,861
2026-05-01T17:25:00+00:00,197.75,197.78,197.41,197.73,991
2026-05-01T17:30:00+00:00,197.73,197.92,197.6,197.83,796
2026-05-01T17:35:00+00:00,197.83,197.99,197.75,197.95,799
2026-05-01T17:40:00+00:00,197.95,198.15,197.77,197.93,805
2026-05-01T17:45:00+00:00,197.93,197.97,197.65,197.81,687
2026-05-01T17:50:00+00:00,197.81,197.91,197.67,197.79,841
2026-05-01T17:55:00+00:00,197.79,197.91,197.41,197.53,699
2026-05-01T18:00:00+00:00,197.53,197.61,197.03,197.14000000000001,960
2026-05-01T18:05:00+00:00,197.14000000000001,197.37,196.96,197.36,888
2026-05-01T18:10:00+00:00,197.36,197.47,197,197.07,927
2026-05-01T18:15:00+00:00,197.07,197.11,196.87,196.98,1034
2026-05-01T18:20:00+00:00,196.98,197.24,196.87,197.14000000000001,755
2026-05-01T18:25:00+00:00,197.14000000000001,197.17,196.79,196.98,787
2026-05-01T18:30:00+00:00,196.98,197.06,196.81,196.83,1167
2026-05-01T18:35:00+00:00,196.83,196.86,196.48,196.69,984
2026-05-01T18:40:00+00:00,196.69,196.7,196.32,196.48,895
2026-05-01T18:45:00+00:00,196.48,196.54,196.08,196.3,1145
2026-05-01T18:50:00+00:00,196.3,196.53,196.16,196.29,915
2026-05-01T18:55:00+00:00,196.29,196.56,196.16,196.22,935
2026-05-01T19:00:00+00:00,196.22,196.51,196.04,196.33,970
2026-05-01T19:05:00+00:00,196.33,196.53,196.22,196.5,860
2026-05-01T19:10:00+00:00,196.5,196.91,196.32,196.88,831
2026-05-01T19:15:00+00:00,196.88,197.38,196.83,197.28,1166
2026-05-01T19:20:00+00:00,197.28,197.61,197.16,197.52,1053
2026-05-01T19:25:00+00:00,197.52,197.7,197.47,197.56,1271
2026-05-01T19:30:00+00:00,197.56,197.79,197.34,197.72,1609
2026-05-01T19:35:00+00:00,197.72,197.73,197.46,197.54,1398
2026-05-01T19:40:00+00:00,197.54,197.71,197.37,197.47,1514
2026-05-01T19:45:00+00:00,197.47,197.49,196.9,197.03,1347
2026-05-01T19:50:00+00:00,197.03,197.2,196.63,196.91,2033
2026-05-01T19:55:00+00:00,196.91,196.91,196.17,196.28,1696
2026-05-04T13:30:00+00:00,196.28,198.58,195.76,197.85,1963
2026-05-04T13:35:00+00:00,197.85,199.49,197.82,198.2,2354
2026-05-04T13:40:00+00:00,198.2,199.57,198.09,198.25,2343
2026-05-04T13:45:00+00:00,198.25,198.31,197.06,197.19,2071
2026-05-04T13:50:00+00:00,197.19,197.48,196.34,196.44,1952
2026-05-04T13:55:00+00:00,196.44,196.69,195.48,196.45,1933
2026-05-04T14:00:00+00:00,196.45,196.81,195.91,196.23,1843
2026-05-04T14:05:00+00:00,196.23,196.57,195.66,195.81,1904
2026-05-04T14:10:00+00:00,195.81,196.91,195.78,196.63,1627
2026-05-04T14:15:00+00:00,196.63,196.75,195.88,195.96,1601
2026-05-04T14:20:00+00:00,195.96,196.15,195.66,195.9,1237
2026-05-04T14:25:00+00:00,195.9,195.95,195.2,195.22,1451
2026-05-04T14:30:00+00:00,195.22,195.9,195.16,195.64000000000001,1376
2026-05-04T14:35:00+00:00,195.64000000000001,195.75,195.28,195.61,1144
2026-05-04T14:40:00+00:00,195.61,195.94,195.56,195.77,1115
2026-05-04T14:45:00+00:00,195.77,196.24,195.77,195.86,1110
2026-05-04T14:50:00+00:00,195.86,196.08,195.68,195.97,936
2026-05-04T14:55:00+00:00,195.97,196.11,195.04,195.08,1314
2026-05-04T15:00:00+00:00,195.08,195.87,194.81,195.72,1671
2026-05-04T15:05:00+00:00,195.72,195.79,195.36,195.51,1114
2026-05-04T15:10:00+00:00,195.51,195.73,194.71,194.84,1234
2026-05-04T15:15:00+00:00,194.84,194.96,193.66,193.71,1627
2026-05-04T15:20:00+00:00,193.71,193.87,192.61,192.79,2653
2026-05-04T15:25:00+00:00,192.79,193.8,192.76,193.66,1987
2026-05-04T15:30:00+00:00,193.66,193.87,193.12,193.73,1921
2026-05-04T15:35:00+00:00,193.73,194.03,193.22,193.72,1713
2026-05-04T15:40:00+00:00,193.72,194.38,193.41,194.27,1649
2026-05-04T15:45:00+00:00,194.27,194.4,193.95,193.99,1367
2026-05-04T15:50:00+00:00,193.99,194.26,193.59,194,1557
2026-05-04T15:55:00+00:00,194,194.13,193.44,193.54,1111
2026-05-04T16:00:00+00:00,193.54,193.77,193.18,193.77,1354
2026-05-04T16:05:00+00:00,193.77,193.81,192.72,193.34,1753
2026-05-04T16:10:00+00:00,193.34,193.55,192.85,193.38,1527
2026-05-04T16:15:00+00:00,193.38,194.44,192.97,194.2,1846
2026-05-04T16:20:00+00:00,194.2,194.44,194.06,194.13,1354
2026-05-04T16:25:00+00:00,194.13,194.44,193.89000000000001,194.08,1178
2026-05-04T16:30:00+00:00,194.08,194.45,193.96,194.33,1177
2026-05-04T16:35:00+00:00,194.33,194.43,193.98,194.02,1178
2026-05-04T16:40:00+00:00,194.02,194.75,194,194.61,1008
2026-05-04T16:45:00+00:00,194.61,194.67,194.43,194.63,899
2026-05-04T16:50:00+00:00,194.63,194.72,194.35,194.56,827
2026-05-04T16:55:00+00:00,194.56,194.7,194.49,194.59,981
2026-05-04T17:00:00+00:00,194.59,195.03,194.54,194.87,1412
2026-05-04T17:05:00+00:00,194.87,195.05,194.76,195.01,1037
2026-05-04T17:10:00+00:00,195.01,195.17,194.85,195.12,911
2026-05-04T17:15:00+00:00,195.12,195.62,195.02,195.59,1355
2026-05-04T17:20:00+00:00,195.59,195.69,195.36,195.5,976
2026-05-04T17:25:00+00:00,195.5,195.56,195.1,195.15,888
2026-05-04T17:30:00+00:00,195.15,195.18,194.91,194.91,845
2026-05-04T17:35:00+00:00,194.91,195.29,194.77,195.26,968
2026-05-04T17:40:00+00:00,195.26,195.64000000000001,195.17,195.55,830
2026-05-04T17:45:00+00:00,195.55,195.6,195.27,195.59,662
2026-05-04T17:50:00+00:00,195.59,195.91,195.53,195.75,747
2026-05-04T17:55:00+00:00,195.75,196.28,195.74,196.16,751
2026-05-04T18:00:00+00:00,196.16,196.93,196.16,196.85,823
2026-05-04T18:05:00+00:00,196.85,197.01,196.75,196.85,819
2026-05-04T18:10:00+00:00,196.85,197.04,196.46,196.51,853
2026-05-04T18:15:00+00:00,196.51,196.6,196.34,196.38,825
2026-05-04T18:20:00+00:00,196.38,196.44,196.02,196.13,935
2026-05-04T18:25:00+00:00,196.13,196.13,195.72,196.09,1032
2026-05-04T18:30:00+00:00,196.09,196.15,195.74,195.88,793
2026-05-04T18:35:00+00:00,195.88,195.89000000000001,195.61,195.69,594
2026-05-04T18:40:00+00:00,195.69,195.72,195.21,195.33,562
2026-05-04T18:45:00+00:00,195.33,195.53,195.27,195.53,902
2026-05-04T18:50:00+00:00,195.53,195.66,195.38,195.57,997
2026-05-04T18:55:00+00:00,195.57,196.19,195.52,196.06,815
2026-05-04T19:00:00+00:00,196.06,196.14000000000001,195.63,195.81,814
2026-05-04T19:05:00+00:00,195.81,196.22,195.72,196.14000000000001,1122
2026-05-04T19:10:00+00:00,196.14000000000001,196.31,196.04,196.22,755
2026-05-04T19:15:00+00:00,196.22,196.36,195.99,196.07,638
2026-05-04T19:20:00+00:00,196.07,196.29,195.92,196.23,596
2026-05-04T19:25:00+00:00,196.23,196.59,195.97,196.49,855
2026-05-04T19:30:00+00:00,196.49,196.98,196.38,196.84,822
2026-05-04T19:35:00+00:00,196.84,197.04,196.64000000000001,196.68,786
2026-05-04T19:40:00+00:00,196.68,196.73,196.4,196.56,992
2026-05-04T19:45:00+00:00,196.56,196.73,196.46,196.71,939
2026-05-04T19:50:00+00:00,196.71,196.71,196.15,196.26,1198
2026-05-04T19:55:00+00:00,196.26,196.46,195.85,196.42,1971
2026-05-05T13:30:00+00:00,196.42,197.81,195.96,197.06,1824
2026-05-05T13:35:00+00:00,197.06,197.57,196.53,197.01,2347
2026-05-05T13:40:00+00:00,197.01,197.79,196.91,197.4,1811
2026-05-05T13:45:00+00:00,197.4,198.08,197.16,197.6,1933
2026-05-05T13:50:00+00:00,197.6,197.99,197.34,197.36,1958
2026-05-05T13:55:00+00:00,197.36,197.61,196.13,196.27,1666
2026-05-05T14:00:00+00:00,196.27,196.82,195.76,196.68,1796
2026-05-05T14:05:00+00:00,196.68,196.78,196.27,196.69,1562
2026-05-05T14:10:00+00:00,196.69,196.72,195.49,195.77,1658
2026-05-05T14:15:00+00:00,195.77,196.18,195.36,195.52,2321
2026-05-05T14:20:00+00:00,195.52,196.81,195.5,196.67,1783
2026-05-05T14:25:00+00:00,196.67,196.89000000000001,196.3,196.37,1789
2026-05-05T14:30:00+00:00,196.37,196.54,195.99,196.16,1325
2026-05-05T14:35:00+00:00,196.16,196.35,195.24,195.31,1659
2026-05-05T14:40:00+00:00,195.31,195.51,194.89000000000001,194.91,1425
2026-05-05T14:45:00+00:00,194.91,195.44,194.89000000000001,195.43,1190
2026-05-05T14:50:00+00:00,195.43,195.43,194.8,194.98,1269
2026-05-05T14:55:00+00:00,194.98,195.18,194.63,194.95,1338
2026-05-05T15:00:00+00:00,194.95,195.23,194.71,195.22,1196
2026-05-05T15:05:00+00:00,195.22,195.36,194.91,194.95,1073
2026-05-05T15:10:00+00:00,194.95,195.78,194.87,195.58,1203
2026-05-05T15:15:00+00:00,195.58,195.75,194.91,195.02,1086
2026-05-05T15:20:00+00:00,195.02,195.42,194.74,194.93,1150
2026-05-05T15:25:00+00:00,194.93,195.18,194.53,194.89000000000001,978
2026-05-05T15:30:00+00:00,194.89000000000001,194.97,194.68,194.82,1048
2026-05-05T15:35:00+00:00,194.82,195.23,194.76,194.97,1171
2026-05-05T15:40:00+00:00,194.97,195.28,194.87,195.21,882
2026-05-05T15:45:00+00:00,195.21,195.35,194.97,195.15,854
2026-05-05T15:50:00+00:00,195.15,195.32,195.02,195.17,739
2026-05-05T15:55:00+00:00,195.17,195.3,195,195.29,954
2026-05-05T16:00:00+00:00,195.29,195.55,195.27,195.32,975
2026-05-05T16:05:00+00:00,195.32,195.51,195.12,195.37,964
2026-05-05T16:10:00+00:00,195.37,195.67,195.19,195.6,860
2026-05-05T16:15:00+00:00,195.6,195.83,195.51,195.79,826
2026-05-05T16:20:00+00:00,195.79,196.12,195.76,196.07,820
2026-05-05T16:25:00+00:00,196.07,196.37,195.49,195.82,1096
2026-05-05T16:30:00+00:00,195.82,195.91,195.52,195.91,846
2026-05-05T16:35:00+00:00,195.91,195.94,195.6,195.61,832
2026-05-05T16:40:00+00:00,195.61,195.63,195.23,195.45,844
2026-05-05T16:45:00+00:00,195.45,195.75,195.35,195.54,782
2026-05-05T16:50:00+00:00,195.54,195.68,195.39000000000001,195.4,585
2026-05-05T16:55:00+00:00,195.4,195.57,195.28,195.49,622
2026-05-05T17:00:00+00:00,195.49,195.66,195.35,195.58,605
2026-05-05T17:05:00+00:00,195.58,195.65,195.29,195.33,505
2026-05-05T17:10:00+00:00,195.33,195.45,195.19,195.4,562
2026-05-05T17:15:00+00:00,195.4,195.51,195.16,195.17,609
2026-05-05T17:20:00+00:00,195.17,195.37,195.02,195.19,610
2026-05-05T17:25:00+00:00,195.19,195.68,195.16,195.65,575
2026-05-05T17:30:00+00:00,195.65,195.83,195.29,195.45,677
2026-05-05T17:35:00+00:00,195.45,195.46,195.21,195.23,568
2026-05-05T17:40:00+00:00,195.23,195.36,195.17,195.25,550
2026-05-05T17:45:00+00:00,195.25,195.32,195,195.04,481
2026-05-05T17:50:00+00:00,195.04,195.37,195.02,195.19,565
2026-05-05T17:55:00+00:00,195.19,195.31,195.07,195.07,504
2026-05-05T18:00:00+00:00,195.07,195.15,194.84,195.1,524
2026-05-05T18:05:00+00:00,195.1,195.11,194.88,194.98,591
2026-05-05T18:10:00+00:00,194.98,195.31,194.95,195.28,562
2026-05-05T18:15:00+00:00,195.28,195.34,195.02,195.21,566
2026-05-05T18:20:00+00:00,195.21,195.47,195.21,195.27,576
2026-05-05T18:25:00+00:00,195.27,195.66,195.27,195.35,646
2026-05-05T18:30:00+00:00,195.35,195.5,195.19,195.21,643
2026-05-05T18:35:00+00:00,195.21,195.47,195.19,195.32,466
2026-05-05T18:40:00+00:00,195.32,195.42,195.27,195.34,376
2026-05-05T18:45:00+00:00,195.34,195.5,195.02,195.07,554
2026-05-05T18:50:00+00:00,195.07,195.07,194.22,194.38,906
2026-05-05T18:55:00+00:00,194.38,194.67,194.38,194.59,708
2026-05-05T19:00:00+00:00,194.59,194.71,194.19,194.31,854
2026-05-05T19:05:00+00:00,194.31,194.58,194.26,194.5,643
2026-05-05T19:10:00+00:00,194.5,194.76,194.41,194.43,691
2026-05-05T19:15:00+00:00,194.43,194.44,194.17,194.35,702
2026-05-05T19:20:00+00:00,194.35,194.6,194.26,194.45,706
2026-05-05T19:25:00+00:00,194.45,194.6,194.09,194.16,816
2026-05-05T19:30:00+00:00,194.16,194.24,193.94,193.95,649
2026-05-05T19:35:00+00:00,193.95,194.39000000000001,193.89000000000001,194.3,774
2026-05-05T19:40:00+00:00,194.3,194.47,194.09,194.24,758
2026-05-05T19:45:00+00:00,194.24,194.44,194.19,194.39000000000001,552
2026-05-05T19:50:00+00:00,194.39000000000001,194.39000000000001,194.01,194.14000000000001,1419
2026-05-05T19:55:00+00:00,194.14000000000001,194.39000000000001,194.01,194.39000000000001,1382
2026-05-06T13:30:00+00:00,194.39000000000001,199.39000000000001,194.39000000000001,199.12,2302
2026-05-06T13:35:00+00:00,199.12,199.18,197.36,198.37,2525
2026-05-06T13:40:00+00:00,198.37,199.34,197.98,199.15,2281
2026-05-06T13:45:00+00:00,199.15,200.42,199.13,199.7,2702
2026-05-06T13:50:00+00:00,199.7,201.6,198.94,201.53,2583
2026-05-06T13:55:00+00:00,201.53,202.45,201.38,202.29,2552
2026-05-06T14:00:00+00:00,202.29,202.5,200.82,200.86,2638
2026-05-06T14:05:00+00:00,200.86,202.61,200.82,202.56,2367
2026-05-06T14:10:00+00:00,202.56,203.69,202.37,203.26,2313
2026-05-06T14:15:00+00:00,203.26,203.29,201.11,201.19,2410
2026-05-06T14:20:00+00:00,201.19,201.65,200.78,201.63,2328
2026-05-06T14:25:00+00:00,201.63,203.02,201.6,201.79,2226
2026-05-06T14:30:00+00:00,201.79,202.86,201.79,202.86,1907
2026-05-06T14:35:00+00:00,202.86,203.05,202.41,202.64000000000001,1694
2026-05-06T14:40:00+00:00,202.64000000000001,203.22,202.44,202.78,1803
2026-05-06T14:45:00+00:00,202.78,202.94,202.2,202.81,2021
2026-05-06T14:50:00+00:00,202.81,203.23,202.68,203.01,1532
2026-05-06T14:55:00+00:00,203.01,203.32,202.48,202.6,1498.9921146157262
2026-05-06T15:00:00+00:00,202.6,202.84,202.17,202.39000000000001,1365
2026-05-06T15:05:00+00:00,202.39000000000001,203.07,202.22,202.43,1388
2026-05-06T15:10:00+00:00,202.43,202.65,201.38,201.85,1464
2026-05-06T15:15:00+00:00,201.85,202.79,201.57,202.66,1389
2026-05-06T15:20:00+00:00,202.66,204.2,202.66,204.15,1504
2026-05-06T15:25:00+00:00,204.15,204.66,204.04,204.23,1691
2026-05-06T15:30:00+00:00,204.23,204.96,204.21,204.86,1514
2026-05-06T15:35:00+00:00,204.86,205.04,203.73,203.75,1423
2026-05-06T15:40:00+00:00,203.75,203.96,203.03,203.35,1394
2026-05-06T15:45:00+00:00,203.35,203.55,202.62,202.71,1396
2026-05-06T15:50:00+00:00,202.71,202.89000000000001,202.45,202.79,1124
2026-05-06T15:55:00+00:00,202.79,203.03,202.49,202.68,1308
2026-05-06T16:00:00+00:00,202.68,203.3,202.59,203.13,1312
2026-05-06T16:05:00+00:00,203.13,203.32,202.82,202.97,998
2026-05-06T16:10:00+00:00,202.97,203.58,202.97,203.47,992
2026-05-06T16:15:00+00:00,203.47,203.66,203,203.02,975
2026-05-06T16:20:00+00:00,203.02,203.25,202.81,202.94,917
2026-05-06T16:25:00+00:00,202.94,203.42,202.94,203.12,950
2026-05-06T16:30:00+00:00,203.12,203.27,202.81,202.97,878
2026-05-06T16:35:00+00:00,202.97,203.08,202.52,202.67,860
2026-05-06T16:40:00+00:00,202.67,203.02,202.37,202.69,762
2026-05-06T16:45:00+00:00,202.69,202.76,202.22,202.44,1002
2026-05-06T16:50:00+00:00,202.44,202.54,201.91,202,932
2026-05-06T16:55:00+00:00,202,202.73,201.8,202.67,1211
2026-05-06T17:00:00+00:00,202.67,202.79,202.37,202.7,941
2026-05-06T17:05:00+00:00,202.7,202.86,202.37,202.38,814
2026-05-06T17:10:00+00:00,202.38,202.67,202.31,202.65,816
2026-05-06T17:15:00+00:00,202.65,202.97,202.37,202.89000000000001,801
2026-05-06T17:20:00+00:00,202.89000000000001,203.38,202.89000000000001,203.19,845
2026-05-06T17:25:00+00:00,203.19,203.2,202.88,202.93,661
2026-05-06T17:30:00+00:00,202.93,203.24,202.83,203.13,615
2026-05-06T17:35:00+00:00,203.13,203.74,203.07,203.34,799
2026-05-06T17:40:00+00:00,203.34,203.77,203.24,203.75,713
2026-05-06T17:45:00+00:00,203.75,203.84,203.17,203.17,715
2026-05-06T17:50:00+00:00,203.17,203.51,203.09,203.49,682
2026-05-06T17:55:00+00:00,203.49,203.67,203.17,203.31,738
2026-05-06T18:00:00+00:00,203.31,203.61,203.26,203.61,622
2026-05-06T18:05:00+00:00,203.61,204.29,203.59,203.89000000000001,831
2026-05-06T18:10:00+00:00,203.89000000000001,203.97,203.58,203.73,789
2026-05-06T18:15:00+00:00,203.73,204.72,203.71,204.54,931
2026-05-06T18:20:00+00:00,204.54,204.73,204.45,204.64000000000001,863
2026-05-06T18:25:00+00:00,204.64000000000001,205.07,204.64000000000001,204.9,1063
2026-05-06T18:30:00+00:00,204.9,205.12,204.63,205.1,955
2026-05-06T18:35:00+00:00,205.1,205.55,205.06,205.54,955
2026-05-06T18:40:00+00:00,205.54,205.92,205.51,205.55,956
2026-05-06T18:45:00+00:00,205.55,205.8,204.96,204.99,992
2026-05-06T18:50:00+00:00,204.99,205.2,204.78,205.18,849
2026-05-06T18:55:00+00:00,205.18,205.23,204.53,204.55,898
2026-05-06T19:00:00+00:00,204.55,205.22,204.38,205.21,918
2026-05-06T19:05:00+00:00,205.21,205.38,204.99,205.16,936
2026-05-06T19:10:00+00:00,205.16,205.34,204.94,205.01,919
2026-05-06T19:15:00+00:00,205.01,205.25,204.71,204.85,859
2026-05-06T19:20:00+00:00,204.85,205.14000000000001,204.85,205.04,905
2026-05-06T19:25:00+00:00,205.04,205.63,205.04,205.48,1016
2026-05-06T19:30:00+00:00,205.48,205.49,204.92,205.16,1116
2026-05-06T19:35:00+00:00,205.16,205.4,204.87,205.29,943
2026-05-06T19:40:00+00:00,205.29,205.4,204.87,204.95,929
2026-05-06T19:45:00+00:00,204.95,205.26,204.92,205.25,914
2026-05-06T19:50:00+00:00,205.25,205.41,204.74,205.26,1627
2026-05-06T19:55:00+00:00,205.26,206.13,205.26,205.55,1864
2026-05-07T13:30:00+00:00,205.55,206.24,204.37,205.14000000000001,2271
2026-05-07T13:35:00+00:00,205.14000000000001,206.58,204.79,205.98,2285
2026-05-07T13:40:00+00:00,205.98,206.5,204.87,205.24,2099
2026-05-07T13:45:00+00:00,205.24,206.2,205.02,205.94,2163
2026-05-07T13:50:00+00:00,205.94,207.72,205.9,207.64000000000001,2323
2026-05-07T13:55:00+00:00,207.64000000000001,208.34,206.57,206.69,2346
2026-05-07T14:00:00+00:00,206.69,208.54,206.63,208.5,2246
2026-05-07T14:05:00+00:00,208.5,210.29,208.13,209.89000000000001,2602
2026-05-07T14:10:00+00:00,209.89000000000001,211.27,209.47,210.57,2569
2026-05-07T14:15:00+00:00,210.57,211.02,209.91,210.36,2041
2026-05-07T14:20:00+00:00,210.36,211.58,210.29,210.86,2072
2026-05-07T14:25:00+00:00,210.86,211.85,210.86,210.96,1919
2026-05-07T14:30:00+00:00,210.96,211.26,210.22,210.42,1967
2026-05-07T14:35:00+00:00,210.42,211.8,210.37,211.8,1668
2026-05-07T14:40:00+00:00,211.8,212.05,210.71,210.93,1773
2026-05-07T14:45:00+00:00,210.93,211.49,210.29,210.5,1621
2026-05-07T14:50:00+00:00,210.5,211.12,210.22,210.97,1475
2026-05-07T14:55:00+00:00,210.97,211.27,210.58,210.59,1295
2026-05-07T15:00:00+00:00,210.59,210.97,210.21,210.34,1274
2026-05-07T15:05:00+00:00,210.34,210.34,209.5,210.12,1485
2026-05-07T15:10:00+00:00,210.12,210.14000000000001,208.58,208.62,1407
2026-05-07T15:15:00+00:00,208.62,209.78,208.59,209.45,1233
2026-05-07T15:20:00+00:00,209.45,209.98,209.38,209.8,1220
2026-05-07T15:25:00+00:00,209.8,210.17,209.37,209.83,1250
2026-05-07T15:30:00+00:00,209.83,210.6,209.76,210.21,1210
2026-05-07T15:35:00+00:00,210.21,211.05,210.02,210.98,1079
2026-05-07T15:40:00+00:00,210.98,211.54,210.74,211.25,1063
2026-05-07T15:45:00+00:00,211.25,211.45,210.61,210.7,1206
2026-05-07T15:50:00+00:00,210.7,211.2,210.48,211.16,1336
2026-05-07T15:55:00+00:00,211.16,211.25,210.4,210.5,1434
2026-05-07T16:00:00+00:00,210.5,210.78,210.04,210.05,1450
2026-05-07T16:05:00+00:00,210.05,210.05,209.36,209.99,1699
2026-05-07T16:10:00+00:00,209.99,210.05,209.13,209.44,1629
2026-05-07T16:15:00+00:00,209.44,209.75,208.52,209.13,1963
2026-05-07T16:20:00+00:00,209.13,210.41,208.93,210.41,1484
2026-05-07T16:25:00+00:00,210.41,211.71,210.38,211.42,1513
2026-05-07T16:30:00+00:00,211.42,212.01,211.07,211.57,1233
2026-05-07T16:35:00+00:00,211.57,211.6,210.49,210.64000000000001,1240
2026-05-07T16:40:00+00:00,210.64000000000001,211.33,210.46,210.73,1158
2026-05-07T16:45:00+00:00,210.73,210.9,210.47,210.79,1003
2026-05-07T16:50:00+00:00,210.79,210.85,210.2,210.53,1103
2026-05-07T16:55:00+00:00,210.53,210.61,209.86,210.21,1113
2026-05-07T17:00:00+00:00,210.21,210.42,209.86,209.87,1078
2026-05-07T17:05:00+00:00,209.87,210.37,209.74,209.97,1075
2026-05-07T17:10:00+00:00,209.97,210.04,209.58,209.83,1104
2026-05-07T17:15:00+00:00,209.83,209.83,208.87,209.08,1256
2026-05-07T17:20:00+00:00,209.08,210.18,208.96,210.16,1304
2026-05-07T17:25:00+00:00,210.16,210.39000000000001,208.82,209.83,2117
2026-05-07T17:30:00+00:00,209.83,210.31,209.48,210.03,1340
2026-05-07T17:35:00+00:00,210.03,210.59,209.91,210.47,1239
2026-05-07T17:40:00+00:00,210.47,210.82,210.1,210.2,1204
2026-05-07T17:45:00+00:00,210.2,210.26,209.8,209.82,1014
2026-05-07T17:50:00+00:00,209.82,210.07,209.56,209.68,1211
2026-05-07T17:55:00+00:00,209.68,210.31,209.29,210.24,1173
2026-05-07T18:00:00+00:00,210.24,210.63,210.15,210.47,1026
2026-05-07T18:05:00+00:00,210.47,210.99,210.02,210.19,1085
2026-05-07T18:10:00+00:00,210.19,210.62,209.97,210.57,1065
2026-05-07T18:15:00+00:00,210.57,211.11,210.49,210.73,1126
2026-05-07T18:20:00+00:00,210.73,211.04,210.61,210.64000000000001,932
2026-05-07T18:25:00+00:00,210.64000000000001,210.97,210.44,210.63,984
2026-05-07T18:30:00+00:00,210.63,211.12,210.58,210.82,862
2026-05-07T18:35:00+00:00,210.82,211,210.37,210.92,972
2026-05-07T18:40:00+00:00,210.92,210.95,210.03,210.15,1026
2026-05-07T18:45:00+00:00,210.15,210.52,209.83,210.12,1155
2026-05-07T18:50:00+00:00,210.12,210.15,209.81,209.97,1319
2026-05-07T18:55:00+00:00,209.97,210.37,209.68,210.2,1237
2026-05-07T19:00:00+00:00,210.2,210.38,210.01,210.23,897
2026-05-07T19:05:00+00:00,210.23,210.49,210.16,210.3,936
2026-05-07T19:10:00+00:00,210.3,210.72,210.19,210.58,881
2026-05-07T19:15:00+00:00,210.58,210.75,209.97,210.12,1299
2026-05-07T19:20:00+00:00,210.12,210.14000000000001,209.48,209.54,1203
2026-05-07T19:25:00+00:00,209.54,210.02,209.27,209.89000000000001,1368
2026-05-07T19:30:00+00:00,209.89000000000001,210.35,209.76,209.84,1109
2026-05-07T19:35:00+00:00,209.84,210.03,209.69,209.77,996
2026-05-07T19:40:00+00:00,209.77,210.05,209.77,209.97,863
2026-05-07T19:45:00+00:00,209.97,210.08,209.78,209.9,977
2026-05-07T19:50:00+00:00,209.9,210.44,209.61,209.81,1806
2026-05-07T19:55:00+00:00,209.81,209.81,209.09,209.41,2114
2026-05-08T13:30:00+00:00,209.41,213.32,209.41,212.97,2062
2026-05-08T13:35:00+00:00,212.97,213.65,212.22,213.64000000000001,2379
2026-05-08T13:40:00+00:00,213.64000000000001,214.63,212.91,214.62,2393
2026-05-08T13:45:00+00:00,214.62,215.61,214.28,215.26,2286
2026-05-08T13:50:00+00:00,215.26,215.46,214.43,215.45,2181
2026-05-08T13:55:00+00:00,215.45,215.51,214.55,215.48,1555
2026-05-08T14:00:00+00:00,215.48,215.64000000000001,214.26,214.41,1950
2026-05-08T14:05:00+00:00,214.41,214.49,213.85,214.1,1768
2026-05-08T14:10:00+00:00,214.1,214.34,213.54,213.89000000000001,2064
2026-05-08T14:15:00+00:00,213.89000000000001,214.04,212.99,213.74,1856
2026-05-08T14:20:00+00:00,213.74,214.2,213.52,213.7,1735
2026-05-08T14:25:00+00:00,213.7,214.16,213.06,213.15,1483
2026-05-08T14:30:00+00:00,213.15,213.72,212.75,212.85,1768
2026-05-08T14:35:00+00:00,212.85,212.94,212.17,212.82,1753
2026-05-08T14:40:00+00:00,212.82,213.28,212.34,213.15,1496
2026-05-08T14:45:00+00:00,213.15,213.57,212.92,213.56,1231
2026-05-08T14:50:00+00:00,213.56,213.76,213.35,213.62,1200
2026-05-08T14:55:00+00:00,213.62,214.06,213.47,213.81000000000003,1314.408692722372
2026-05-08T15:00:00+00:00,213.81000000000003,214.25000000000003,213.51000000000002,213.86000000000004,1244
2026-05-08T15:05:00+00:00,213.86000000000004,214.35000000000002,213.85000000000002,214.09000000000003,1147
2026-05-08T15:10:00+00:00,214.09000000000003,214.68000000000004,213.97000000000003,214.21000000000004,1265
2026-05-08T15:15:00+00:00,214.21000000000004,214.27000000000004,213.27000000000004,213.63000000000002,1442
2026-05-08T15:20:00+00:00,213.63000000000002,214.12000000000003,213.59000000000003,213.88000000000002,1176
2026-05-08T15:25:00+00:00,213.88000000000002,214.24000000000004,213.78000000000003,214.15000000000003,1103
2026-05-08T15:30:00+00:00,214.15000000000003,214.74000000000004,213.78000000000003,214.73000000000002,1440
2026-05-08T15:35:00+00:00,214.73000000000002,215.09000000000003,214.71000000000004,214.77000000000004,1221
2026-05-08T15:40:00+00:00,214.77000000000004,214.84000000000003,214.10000000000002,214.23000000000002,1144
2026-05-08T15:45:00+00:00,214.23000000000002,214.42000000000004,213.90000000000003,214.16000000000003,1059
2026-05-08T15:50:00+00:00,214.16000000000003,214.37000000000003,213.90000000000003,213.99000000000004,876
2026-05-08T15:55:00+00:00,213.99000000000004,213.99000000000004,213.39000000000004,213.41000000000003,906
2026-05-08T16:00:00+00:00,213.41000000000003,213.80000000000004,213.36000000000004,213.46000000000004,984
2026-05-08T16:05:00+00:00,213.46000000000004,213.52000000000004,213.15000000000003,213.25000000000003,1151
2026-05-08T16:10:00+00:00,213.25000000000003,213.52000000000004,213.05000000000004,213.37000000000003,1043
2026-05-08T16:15:00+00:00,213.37000000000003,213.55000000000004,213.22000000000003,213.24000000000004,907
2026-05-08T16:20:00+00:00,213.24000000000004,213.68000000000004,213.17000000000004,213.68000000000004,862
2026-05-08T16:25:00+00:00,213.68000000000004,214.06000000000003,213.65000000000003,213.78000000000003,852
2026-05-08T16:30:00+00:00,213.78000000000003,213.87000000000003,213.41000000000003,213.68000000000004,883
2026-05-08T16:35:00+00:00,213.68000000000004,213.70000000000002,213.30000000000004,213.67000000000004,822
2026-05-08T16:40:00+00:00,213.67000000000004,213.97000000000003,213.51000000000002,213.56000000000003,863
2026-05-08T16:45:00+00:00,213.56000000000003,213.72000000000003,213.42000000000004,213.54000000000002,1074
2026-05-08T16:50:00+00:00,213.54000000000002,213.61000000000004,212.94000000000003,213.08000000000004,1172
2026-05-08T16:55:00+00:00,213.08000000000004,213.25000000000003,212.92000000000004,213.13000000000002,1181
2026-05-08T17:00:00+00:00,213.13000000000002,213.55000000000004,213.00000000000003,213.50000000000003,1117
2026-05-08T17:05:00+00:00,213.50000000000003,213.52000000000004,212.98000000000002,213.29000000000002,1232
2026-05-08T17:10:00+00:00,213.29000000000002,213.46000000000004,213.17000000000004,213.37000000000003,1037
2026-05-08T17:15:00+00:00,213.37000000000003,213.70000000000002,213.32000000000002,213.65000000000003,913
2026-05-08T17:20:00+00:00,213.65000000000003,213.97000000000003,213.50000000000003,213.66000000000003,1053
2026-05-08T17:25:00+00:00,213.66000000000003,213.74000000000004,213.32000000000002,213.58000000000004,1070
2026-05-08T17:30:00+00:00,213.58000000000004,213.70000000000002,213.39000000000004,213.51000000000002,883
2026-05-08T17:35:00+00:00,213.51000000000002,213.55000000000004,213.19000000000003,213.21000000000004,862
2026-05-08T17:40:00+00:00,213.21000000000004,213.54000000000002,213.08000000000004,213.15000000000003,983
2026-05-08T17:45:00+00:00,213.15000000000003,213.32000000000002,213.00000000000003,213.07000000000002,840
2026-05-08T17:50:00+00:00,213.07000000000002,213.07000000000002,212.74000000000004,212.98000000000002,962
2026-05-08T17:55:00+00:00,212.98000000000002,213.17000000000004,212.82000000000002,212.85000000000002,901
2026-05-08T18:00:00+00:00,212.85000000000002,213.40000000000003,212.81000000000003,213.35000000000002,1353
2026-05-08T18:05:00+00:00,213.35000000000002,213.69000000000003,213.16000000000003,213.23000000000002,969
2026-05-08T18:10:00+00:00,213.23000000000002,213.33000000000004,212.93000000000004,213.19000000000003,911
2026-05-08T18:15:00+00:00,213.19000000000003,213.31000000000003,213.07000000000002,213.25000000000003,843
2026-05-08T18:20:00+00:00,213.25000000000003,213.51000000000002,213.22000000000003,213.44000000000003,675
2026-05-08T18:25:00+00:00,213.44000000000003,213.47000000000003,213.19000000000003,213.26000000000002,641
2026-05-08T18:30:00+00:00,213.26000000000002,213.36000000000004,213.14000000000004,213.19000000000003,853
2026-05-08T18:35:00+00:00,213.19000000000003,213.30000000000004,213.12000000000003,213.25000000000003,746
2026-05-08T18:40:00+00:00,213.25000000000003,213.25000000000003,213.00000000000003,213.02000000000004,784
2026-05-08T18:45:00+00:00,213.02000000000004,213.12000000000003,212.91000000000003,213.01000000000002,863
2026-05-08T18:50:00+00:00,213.01000000000002,213.21000000000004,212.95000000000002,213.05000000000004,909
2026-05-08T18:55:00+00:00,213.05000000000004,213.38000000000002,212.85000000000002,212.96000000000004,1190
2026-05-08T19:00:00+00:00,212.96000000000004,213.30000000000004,212.95000000000002,213.28000000000003,1027
2026-05-08T19:05:00+00:00,213.28000000000003,213.71000000000004,213.18000000000004,213.53000000000003,1084
2026-05-08T19:10:00+00:00,213.53000000000003,213.59000000000003,213.39000000000004,213.41000000000003,852
2026-05-08T19:15:00+00:00,213.41000000000003,213.49000000000004,213.14000000000004,213.19000000000003,1030
2026-05-08T19:20:00+00:00,213.19000000000003,213.24000000000004,212.89000000000004,212.99000000000004,1012
2026-05-08T19:25:00+00:00,212.99000000000004,213.03000000000003,212.71000000000004,212.75000000000003,949
2026-05-08T19:30:00+00:00,212.75000000000003,212.92000000000004,212.57000000000002,212.73000000000002,1136
2026-05-08T19:35:00+00:00,212.73000000000002,213.01000000000002,212.60000000000002,213.00000000000003,1008
2026-05-08T19:40:00+00:00,213.00000000000003,213.30000000000004,212.95000000000002,213.17000000000004,1088
2026-05-08T19:45:00+00:00,213.17000000000004,213.19000000000003,212.85000000000002,212.85000000000002,1009
2026-05-08T19:50:00+00:00,212.85000000000002,213.15000000000003,212.80000000000004,213.11000000000004,1601
2026-05-08T19:55:00+00:00,213.11000000000004,213.17000000000004,212.91000000000003,213.06000000000003,1887
2026-05-11T13:30:00+00:00,213.06000000000003,213.79000000000002,211.79000000000002,213.24000000000004,1941
2026-05-11T13:35:00+00:00,213.24000000000004,215.50000000000003,212.90000000000003,215.45000000000002,2723
2026-05-11T13:40:00+00:00,215.45000000000002,216.94000000000003,215.14000000000004,216.79000000000002,2681
2026-05-11T13:45:00+00:00,216.79000000000002,218.77000000000004,216.50000000000003,217.34000000000003,2883
2026-05-11T13:50:00+00:00,217.34000000000003,218.41000000000003,215.70000000000002,215.73000000000002,2545
2026-05-11T13:55:00+00:00,215.73000000000002,215.80000000000004,214.43000000000004,214.83000000000004,2278
2026-05-11T14:00:00+00:00,214.83000000000004,216.15000000000003,214.79000000000002,215.81000000000003,2064
2026-05-11T14:05:00+00:00,215.81000000000003,216.35000000000002,215.60000000000002,216.03000000000003,1775
2026-05-11T14:10:00+00:00,216.03000000000003,217.43000000000004,215.98000000000002,217.29000000000002,1759
2026-05-11T14:15:00+00:00,217.29000000000002,217.46000000000004,216.81000000000003,217.04000000000002,1555
2026-05-11T14:20:00+00:00,217.04000000000002,217.57000000000002,216.84000000000003,217.06000000000003,1453
2026-05-11T14:25:00+00:00,217.06000000000003,217.21000000000004,215.86000000000004,215.86000000000004,1702
2026-05-11T14:30:00+00:00,215.86000000000004,216.25000000000003,215.26000000000002,216.14000000000004,1972
2026-05-11T14:35:00+00:00,216.14000000000004,216.61000000000004,215.30000000000004,216.53000000000003,1736
2026-05-11T14:40:00+00:00,216.53000000000003,217.27000000000004,216.53000000000003,217.15000000000003,1428
2026-05-11T14:45:00+00:00,217.15000000000003,218.17000000000004,217.05000000000004,218.17000000000004,1577
2026-05-11T14:50:00+00:00,218.17000000000004,220.04000000000002,218.08000000000004,219.95000000000002,2262
2026-05-11T14:55:00+00:00,219.95000000000002,220.08000000000004,218.83000000000004,219.48000000000002,1794
2026-05-11T15:00:00+00:00,219.48000000000002,219.61000000000004,218.79000000000002,219.06000000000003,1612
2026-05-11T15:05:00+00:00,219.06000000000003,220.16000000000003,218.69000000000003,220.14000000000004,1537
2026-05-11T15:10:00+00:00,220.14000000000004,220.15000000000003,218.60000000000002,218.63000000000002,1623
2026-05-11T15:15:00+00:00,218.63000000000002,219.29000000000002,218.49000000000004,219.22000000000003,1545
2026-05-11T15:20:00+00:00,219.22000000000003,219.33000000000004,218.90000000000003,219.11000000000004,1218
2026-05-11T15:25:00+00:00,219.11000000000004,219.90000000000003,218.77000000000004,219.86000000000004,1311
2026-05-11T15:30:00+00:00,219.86000000000004,220.00000000000003,219.11000000000004,219.37000000000003,1281
2026-05-11T15:35:00+00:00,219.37000000000003,219.40000000000003,218.97000000000003,219.12000000000003,1120
2026-05-11T15:40:00+00:00,219.12000000000003,219.28000000000003,218.86000000000004,218.99000000000004,1155
2026-05-11T15:45:00+00:00,218.99000000000004,219.36000000000004,218.89000000000004,219.32000000000002,1042
2026-05-11T15:50:00+00:00,219.32000000000002,219.91000000000003,219.12000000000003,219.83000000000004,1035
2026-05-11T15:55:00+00:00,219.83000000000004,219.95000000000002,219.55000000000004,219.85000000000002,995
2026-05-11T16:00:00+00:00,219.85000000000002,219.95000000000002,219.44000000000003,219.73000000000002,959
2026-05-11T16:05:00+00:00,219.73000000000002,219.79000000000002,219.30000000000004,219.60000000000002,862
2026-05-11T16:10:00+00:00,219.60000000000002,220.19000000000003,219.55000000000004,219.65000000000003,1014
2026-05-11T16:15:00+00:00,219.65000000000003,220.11000000000004,219.49000000000004,219.66000000000003,988
2026-05-11T16:20:00+00:00,219.66000000000003,219.73000000000002,219.34000000000003,219.47000000000003,1006
2026-05-11T16:25:00+00:00,219.47000000000003,219.89000000000004,219.46000000000004,219.85000000000002,851
2026-05-11T16:30:00+00:00,219.85000000000002,219.98000000000002,219.59000000000003,219.81000000000003,835
2026-05-11T16:35:00+00:00,219.81000000000003,219.81000000000003,219.24000000000004,219.24000000000004,805
2026-05-11T16:40:00+00:00,219.24000000000004,219.24000000000004,218.27000000000004,218.67000000000004,1620
2026-05-11T16:45:00+00:00,218.67000000000004,219.02000000000004,218.53000000000003,218.67000000000004,1121
2026-05-11T16:50:00+00:00,218.67000000000004,218.80000000000004,218.30000000000004,218.53000000000003,1072
2026-05-11T16:55:00+00:00,218.53000000000003,218.75000000000003,218.29000000000002,218.51000000000002,842
2026-05-11T17:00:00+00:00,218.51000000000002,218.88000000000002,218.42000000000004,218.74000000000004,751
2026-05-11T17:05:00+00:00,218.74000000000004,218.79000000000002,218.19000000000003,218.32000000000002,845
2026-05-11T17:10:00+00:00,218.32000000000002,218.32000000000002,217.81000000000003,217.86000000000004,933
2026-05-11T17:15:00+00:00,217.86000000000004,218.15000000000003,217.77000000000004,217.91000000000003,960
2026-05-11T17:20:00+00:00,217.91000000000003,218.43000000000004,217.84000000000003,218.32000000000002,828
2026-05-11T17:25:00+00:00,218.32000000000002,218.74000000000004,218.26000000000002,218.64000000000004,673
2026-05-11T17:30:00+00:00,218.64000000000004,218.81000000000003,218.56000000000003,218.71000000000004,673
2026-05-11T17:35:00+00:00,218.71000000000004,218.98000000000002,218.67000000000004,218.79000000000002,656
2026-05-11T17:40:00+00:00,218.79000000000002,218.99000000000004,218.71000000000004,218.91000000000003,602
2026-05-11T17:45:00+00:00,218.91000000000003,219.17000000000004,218.74000000000004,218.76000000000002,653
2026-05-11T17:50:00+00:00,218.76000000000002,218.81000000000003,218.51000000000002,218.54000000000002,647
2026-05-11T17:55:00+00:00,218.54000000000002,218.68000000000004,218.30000000000004,218.30000000000004,613
2026-05-11T18:00:00+00:00,218.30000000000004,218.55000000000004,218.26000000000002,218.27000000000004,740
2026-05-11T18:05:00+00:00,218.27000000000004,218.72000000000003,218.27000000000004,218.70000000000002,641
2026-05-11T18:10:00+00:00,218.70000000000002,218.82000000000002,218.52000000000004,218.70000000000002,714
2026-05-11T18:15:00+00:00,218.70000000000002,218.84000000000003,218.57000000000002,218.73000000000002,556
2026-05-11T18:20:00+00:00,218.73000000000002,218.76000000000002,218.45000000000002,218.71000000000004,709
2026-05-11T18:25:00+00:00,218.71000000000004,219.33000000000004,218.70000000000002,219.30000000000004,716
2026-05-11T18:30:00+00:00,219.30000000000004,219.46000000000004,219.02000000000004,219.07000000000002,809
2026-05-11T18:35:00+00:00,219.07000000000002,219.41000000000003,219.05000000000004,219.28000000000003,612
2026-05-11T18:40:00+00:00,219.28000000000003,219.36000000000004,218.96000000000004,219.01000000000002,826
2026-05-11T18:45:00+00:00,219.01000000000002,219.07000000000002,218.62000000000003,218.77000000000004,658
2026-05-11T18:50:00+00:00,218.77000000000004,218.87000000000003,218.62000000000003,218.74000000000004,700
2026-05-11T18:55:00+00:00,218.74000000000004,218.88000000000002,217.85000000000002,217.93000000000004,1001
2026-05-11T19:00:00+00:00,217.93000000000004,218.29000000000002,217.79000000000002,217.97000000000003,1004
2026-05-11T19:05:00+00:00,217.97000000000003,218.46000000000004,217.95000000000002,218.31000000000003,899
2026-05-11T19:10:00+00:00,218.31000000000003,218.33000000000004,217.90000000000003,217.97000000000003,769
2026-05-11T19:15:00+00:00,217.97000000000003,218.03000000000003,217.43000000000004,217.76000000000002,943
2026-05-11T19:20:00+00:00,217.76000000000002,217.84000000000003,217.11000000000004,217.16000000000003,1029
2026-05-11T19:25:00+00:00,217.16000000000003,217.42000000000004,216.82000000000002,217.04000000000002,1255
2026-05-11T19:30:00+00:00,217.04000000000002,217.33000000000004,216.89000000000004,217.03000000000003,1286
2026-05-11T19:35:00+00:00,217.03000000000003,217.36000000000004,216.98000000000002,217.27000000000004,974
2026-05-11T19:40:00+00:00,217.27000000000004,217.45000000000002,216.97000000000003,217.01000000000002,867
2026-05-11T19:45:00+00:00,217.01000000000002,217.39000000000004,216.81000000000003,217.26000000000002,1114
2026-05-11T19:50:00+00:00,217.26000000000002,217.49000000000004,216.84000000000003,217.10000000000002,1541
2026-05-11T19:55:00+00:00,217.10000000000002,217.39000000000004,216.98000000000002,217.39000000000004,2081
2026-05-12T13:30:00+00:00,217.39000000000004,219.45000000000002,214.90000000000003,219.06000000000003,1980
2026-05-12T13:35:00+00:00,219.06000000000003,219.87000000000003,218.05000000000004,219.87000000000003,2930
2026-05-12T13:40:00+00:00,219.87000000000003,221.62000000000003,218.95000000000002,221.61000000000004,3020
2026-05-12T13:45:00+00:00,221.61000000000004,221.61000000000004,220.04000000000002,220.30000000000004,2640
2026-05-12T13:50:00+00:00,220.30000000000004,221.48000000000002,219.79000000000002,221.15000000000003,2332
2026-05-12T13:55:00+00:00,221.15000000000003,221.16000000000003,218.08000000000004,218.20000000000002,2585
2026-05-12T14:00:00+00:00,218.20000000000002,219.66000000000003,217.90000000000003,219.09000000000003,2981
2026-05-12T14:05:00+00:00,219.09000000000003,219.50000000000003,218.15000000000003,218.47000000000003,2315
2026-05-12T14:10:00+00:00,218.47000000000003,218.85000000000002,218.03000000000003,218.30000000000004,1934
2026-05-12T14:15:00+00:00,218.30000000000004,218.49000000000004,217.65000000000003,218.35000000000002,1832
2026-05-12T14:20:00+00:00,218.35000000000002,218.52000000000004,217.79000000000002,217.95000000000002,1701
2026-05-12T14:25:00+00:00,217.95000000000002,218.20000000000002,216.51000000000002,216.75000000000003,1936
2026-05-12T14:30:00+00:00,216.75000000000003,216.83000000000004,215.54000000000002,216.13000000000002,2260
2026-05-12T14:35:00+00:00,216.13000000000002,216.99000000000004,215.56000000000003,216.56000000000003,1865
2026-05-12T14:40:00+00:00,216.56000000000003,216.96000000000004,216.07000000000002,216.15000000000003,1625
2026-05-12T14:45:00+00:00,216.15000000000003,216.37000000000003,215.48000000000002,215.53000000000003,1613
2026-05-12T14:50:00+00:00,215.53000000000003,216.77000000000004,215.24000000000004,216.52000000000004,1959
2026-05-12T14:55:00+00:00,216.52000000000004,216.80000000000004,215.13000000000002,215.27000000000004,2050
2026-05-12T15:00:00+00:00,215.27000000000004,215.69000000000003,214.97000000000003,215.28000000000003,2131
2026-05-12T15:05:00+00:00,215.28000000000003,215.89000000000004,214.96000000000004,215.60000000000002,1794
2026-05-12T15:10:00+00:00,215.60000000000002,215.73000000000002,215.11000000000004,215.22000000000003,1532
2026-05-12T15:15:00+00:00,215.22000000000003,215.26000000000002,214.20000000000002,214.97000000000003,2024
2026-05-12T15:20:00+00:00,214.97000000000003,215.18000000000004,213.08000000000004,213.35000000000002,2046
2026-05-12T15:25:00+00:00,213.35000000000002,213.85000000000002,212.83000000000004,213.32000000000002,2121
2026-05-12T15:30:00+00:00,213.32000000000002,214.69000000000003,213.00000000000003,214.55000000000004,1813
2026-05-12T15:35:00+00:00,214.55000000000004,215.48000000000002,213.94000000000003,215.11000000000004,1798
2026-05-12T15:40:00+00:00,215.11000000000004,215.43000000000004,214.91000000000003,215.17000000000004,1596
2026-05-12T15:45:00+00:00,215.17000000000004,215.44000000000003,214.89000000000004,215.07000000000002,1326
2026-05-12T15:50:00+00:00,215.07000000000002,215.49000000000004,214.64000000000004,215.21000000000004,1620
2026-05-12T15:55:00+00:00,215.21000000000004,215.28000000000003,214.60000000000002,214.78000000000003,1549
2026-05-12T16:00:00+00:00,214.78000000000003,215.86000000000004,214.37000000000003,215.77000000000004,1640
2026-05-12T16:05:00+00:00,215.77000000000004,215.97000000000003,215.33000000000004,215.44000000000003,1294
2026-05-12T16:10:00+00:00,215.44000000000003,216.14000000000004,215.24000000000004,216.05000000000004,1324
2026-05-12T16:15:00+00:00,216.05000000000004,216.07000000000002,215.28000000000003,215.32000000000002,1236
2026-05-12T16:20:00+00:00,215.32000000000002,215.53000000000003,215.01000000000002,215.23000000000002,1361
2026-05-12T16:25:00+00:00,215.23000000000002,215.63000000000002,215.11000000000004,215.38000000000002,1111
2026-05-12T16:30:00+00:00,215.38000000000002,215.52000000000004,214.91000000000003,215.29000000000002,1292
2026-05-12T16:35:00+00:00,215.29000000000002,215.57000000000002,215.20000000000002,215.32000000000002,1192
2026-05-12T16:40:00+00:00,215.32000000000002,215.74000000000004,214.68000000000004,215.12000000000003,1262
2026-05-12T16:45:00+00:00,215.12000000000003,215.39000000000004,214.70000000000002,215.12000000000003,1275
2026-05-12T16:50:00+00:00,215.12000000000003,215.14000000000004,214.05000000000004,214.37000000000003,1334
2026-05-12T16:55:00+00:00,214.37000000000003,214.41000000000003,213.57000000000002,213.73000000000002,1210
2026-05-12T17:00:00+00:00,213.73000000000002,214.14000000000004,213.43000000000004,213.72000000000003,1161
2026-05-12T17:05:00+00:00,213.72000000000003,214.43000000000004,213.72000000000003,214.07000000000002,1373
2026-05-12T17:10:00+00:00,214.07000000000002,214.47000000000003,214.01000000000002,214.37000000000003,1209
2026-05-12T17:15:00+00:00,214.37000000000003,215.27000000000004,214.35000000000002,215.17000000000004,1263
2026-05-12T17:20:00+00:00,215.17000000000004,215.99000000000004,215.15000000000003,215.76000000000002,1304
2026-05-12T17:25:00+00:00,215.76000000000002,215.82000000000002,215.10000000000002,215.60000000000002,1358
2026-05-12T17:30:00+00:00,215.60000000000002,216.60000000000002,215.53000000000003,216.48000000000002,1321
2026-05-12T17:35:00+00:00,216.48000000000002,216.55000000000004,215.93000000000004,216.23000000000002,1132
2026-05-12T17:40:00+00:00,216.23000000000002,216.55000000000004,216.15000000000003,216.35000000000002,940
2026-05-12T17:45:00+00:00,216.35000000000002,216.55000000000004,216.10000000000002,216.41000000000003,847
2026-05-12T17:50:00+00:00,216.41000000000003,216.57000000000002,216.09000000000003,216.57000000000002,853
2026-05-12T17:55:00+00:00,216.57000000000002,216.69000000000003,216.24000000000004,216.46000000000004,861
2026-05-12T18:00:00+00:00,216.46000000000004,216.59000000000003,216.01000000000002,216.16000000000003,1036
2026-05-12T18:05:00+00:00,216.16000000000003,216.25000000000003,215.72000000000003,215.76000000000002,940
2026-05-12T18:10:00+00:00,215.76000000000002,216.36000000000004,215.68000000000004,216.31000000000003,641
2026-05-12T18:15:00+00:00,216.31000000000003,216.46000000000004,215.69000000000003,215.98000000000002,744
2026-05-12T18:20:00+00:00,215.98000000000002,216.23000000000002,215.89000000000004,216.11000000000004,749
2026-05-12T18:25:00+00:00,216.11000000000004,217.08000000000004,216.09000000000003,216.80000000000004,1204
2026-05-12T18:30:00+00:00,216.80000000000004,217.60000000000002,216.75000000000003,217.33000000000004,1133
2026-05-12T18:35:00+00:00,217.33000000000004,217.72000000000003,217.10000000000002,217.54000000000002,971
2026-05-12T18:40:00+00:00,217.54000000000002,217.74000000000004,217.40000000000003,217.54000000000002,902
2026-05-12T18:45:00+00:00,217.54000000000002,217.55000000000004,216.89000000000004,217.41000000000003,1055
2026-05-12T18:50:00+00:00,217.41000000000003,217.89000000000004,217.25000000000003,217.76000000000002,844
2026-05-12T18:55:00+00:00,217.76000000000002,218.23000000000002,217.14000000000004,217.43000000000004,1246
2026-05-12T19:00:00+00:00,217.43000000000004,218.00000000000003,217.41000000000003,217.86000000000004,916
2026-05-12T19:05:00+00:00,217.86000000000004,218.45000000000002,217.54000000000002,218.28000000000003,1131
2026-05-12T19:10:00+00:00,218.28000000000003,218.56000000000003,218.01000000000002,218.48000000000002,1102
2026-05-12T19:15:00+00:00,218.48000000000002,218.96000000000004,218.46000000000004,218.92000000000004,1176
2026-05-12T19:20:00+00:00,218.92000000000004,219.03000000000003,218.16000000000003,218.39000000000004,1170
2026-05-12T19:25:00+00:00,218.39000000000004,218.77000000000004,218.26000000000002,218.63000000000002,845
2026-05-12T19:30:00+00:00,218.63000000000002,219.31000000000003,218.60000000000002,219.21000000000004,1202
2026-05-12T19:35:00+00:00,219.21000000000004,219.49000000000004,219.09000000000003,219.44000000000003,1227
2026-05-12T19:40:00+00:00,219.44000000000003,219.62000000000003,219.15000000000003,219.16000000000003,1070
2026-05-12T19:45:00+00:00,219.16000000000003,219.19000000000003,218.34000000000003,218.59000000000003,1316
2026-05-12T19:50:00+00:00,218.59000000000003,219.18000000000004,218.20000000000002,218.23000000000002,1702
2026-05-12T19:55:00+00:00,218.23000000000002,218.93000000000004,218.03000000000003,218.90000000000003,2316
2026-05-13T13:30:00+00:00,218.90000000000003,224.75000000000003,218.90000000000003,224.66000000000003,2407
2026-05-13T13:35:00+00:00,224.66000000000003,225.02000000000004,223.08000000000004,223.59000000000003,2926
2026-05-13T13:40:00+00:00,223.59000000000003,223.67000000000004,222.28000000000003,222.40000000000003,2249
2026-05-13T13:45:00+00:00,222.40000000000003,222.64000000000004,219.73000000000002,220.42000000000004,2998
2026-05-13T13:50:00+00:00,220.42000000000004,222.02000000000004,219.45000000000002,221.93000000000004,2726
2026-05-13T13:55:00+00:00,221.93000000000004,222.47000000000003,221.17000000000004,221.87000000000003,2503
2026-05-13T14:00:00+00:00,221.87000000000003,222.10000000000002,221.06000000000003,221.46000000000004,2390
2026-05-13T14:05:00+00:00,221.46000000000004,221.82000000000002,220.95000000000002,221.21000000000004,2140
2026-05-13T14:10:00+00:00,221.21000000000004,222.18000000000004,221.03000000000003,221.91000000000003,1773
2026-05-13T14:15:00+00:00,221.91000000000003,222.72000000000003,221.50000000000003,221.91000000000003,1881
2026-05-13T14:20:00+00:00,221.91000000000003,223.04000000000002,221.77000000000004,222.57000000000002,1809
2026-05-13T14:25:00+00:00,222.57000000000002,222.92000000000004,222.22000000000003,222.29000000000002,1662
2026-05-13T14:30:00+00:00,222.29000000000002,222.71000000000004,221.59000000000003,222.47000000000003,1679
2026-05-13T14:35:00+00:00,222.47000000000003,222.98000000000002,222.05000000000004,222.29000000000002,1606
2026-05-13T14:40:00+00:00,222.29000000000002,223.30000000000004,222.19000000000003,223.12000000000003,1446
2026-05-13T14:45:00+00:00,223.12000000000003,223.36000000000004,222.35000000000002,223.02000000000004,1417
2026-05-13T14:50:00+00:00,223.02000000000004,223.88000000000002,222.87000000000003,223.72000000000003,1463
2026-05-13T14:55:00+00:00,223.72000000000003,224.35000000000002,223.61000000000004,224.27000000000004,1547.8773039005573
2026-05-13T15:00:00+00:00,224.27000000000004,224.86000000000004,224.11000000000004,224.63000000000005,1646
2026-05-13T15:05:00+00:00,224.63000000000005,225.40000000000006,224.30000000000004,225.39000000000004,1920
2026-05-13T15:10:00+00:00,225.39000000000004,225.44000000000005,224.10000000000005,224.54000000000005,1790
2026-05-13T15:15:00+00:00,224.54000000000005,225.11000000000004,224.50000000000006,224.83000000000004,1359
2026-05-13T15:20:00+00:00,224.83000000000004,224.85000000000005,223.78000000000006,223.93000000000004,1347
2026-05-13T15:25:00+00:00,223.93000000000004,224.19000000000005,223.59000000000006,224.08000000000004,1191
2026-05-13T15:30:00+00:00,224.08000000000004,224.12000000000006,223.57000000000005,224.11000000000004,1309
2026-05-13T15:35:00+00:00,224.11000000000004,224.41000000000005,223.98000000000005,224.19000000000005,1140
2026-05-13T15:40:00+00:00,224.19000000000005,225.09000000000006,224.18000000000004,225.01000000000005,1156
2026-05-13T15:45:00+00:00,225.01000000000005,225.03000000000006,224.68000000000004,224.89000000000004,1041
2026-05-13T15:50:00+00:00,224.89000000000004,225.21000000000004,224.39000000000004,225.12000000000006,1113
2026-05-13T15:55:00+00:00,225.12000000000006,225.16000000000005,224.44000000000005,224.46000000000004,1174
2026-05-13T16:00:00+00:00,224.46000000000004,225.15000000000006,224.26000000000005,224.99000000000004,1233
2026-05-13T16:05:00+00:00,224.99000000000004,225.07000000000005,224.61000000000004,225.03000000000006,1038
2026-05-13T16:10:00+00:00,225.03000000000006,225.58000000000004,224.92000000000004,225.52000000000004,1104
2026-05-13T16:15:00+00:00,225.52000000000004,225.69000000000005,224.77000000000004,224.93000000000004,1115
2026-05-13T16:20:00+00:00,224.93000000000004,225.55000000000004,224.73000000000005,225.43000000000004,1137
2026-05-13T16:25:00+00:00,225.43000000000004,225.54000000000005,225.07000000000005,225.19000000000005,1044
2026-05-13T16:30:00+00:00,225.19000000000005,225.29000000000005,224.89000000000004,225.20000000000005,1004
2026-05-13T16:35:00+00:00,225.20000000000005,225.52000000000004,224.99000000000004,225.05000000000004,939
2026-05-13T16:40:00+00:00,225.05000000000004,225.20000000000005,224.80000000000004,224.87000000000006,772
2026-05-13T16:45:00+00:00,224.87000000000006,224.93000000000004,224.52000000000004,224.73000000000005,828
2026-05-13T16:50:00+00:00,224.73000000000005,224.87000000000006,224.57000000000005,224.82000000000005,754
2026-05-13T16:55:00+00:00,224.82000000000005,225.03000000000006,224.61000000000004,224.65000000000006,762
2026-05-13T17:00:00+00:00,224.65000000000006,225.02000000000004,224.57000000000005,224.83000000000004,585
2026-05-13T17:05:00+00:00,224.83000000000004,225.08000000000004,224.75000000000006,224.78000000000006,662
2026-05-13T17:10:00+00:00,224.78000000000006,224.99000000000004,224.77000000000004,224.93000000000004,648
2026-05-13T17:15:00+00:00,224.93000000000004,225.15000000000006,224.87000000000006,225.05000000000004,836
2026-05-13T17:20:00+00:00,225.05000000000004,225.20000000000005,224.68000000000004,224.72000000000006,790
2026-05-13T17:25:00+00:00,224.72000000000006,224.88000000000005,224.63000000000005,224.81000000000006,782
2026-05-13T17:30:00+00:00,224.81000000000006,224.87000000000006,224.22000000000006,224.35000000000005,936
2026-05-13T17:35:00+00:00,224.35000000000005,224.39000000000004,223.91000000000005,223.93000000000004,927
2026-05-13T17:40:00+00:00,223.93000000000004,224.23000000000005,223.91000000000005,224.17000000000004,778
2026-05-13T17:45:00+00:00,224.17000000000004,224.30000000000004,223.83000000000004,223.87000000000006,761
2026-05-13T17:50:00+00:00,223.87000000000006,224.11000000000004,223.73000000000005,223.73000000000005,769
2026-05-13T17:55:00+00:00,223.73000000000005,223.99000000000004,223.28000000000006,223.31000000000006,990
2026-05-13T18:00:00+00:00,223.31000000000006,224.16000000000005,223.30000000000004,223.94000000000005,1308
2026-05-13T18:05:00+00:00,223.94000000000005,224.58000000000004,223.88000000000005,224.51000000000005,917
2026-05-13T18:10:00+00:00,224.51000000000005,224.90000000000006,224.41000000000005,224.89000000000004,883
2026-05-13T18:15:00+00:00,224.89000000000004,225.19000000000005,224.87000000000006,225.14000000000004,1101
2026-05-13T18:20:00+00:00,225.14000000000004,225.29000000000005,224.99000000000004,225.05000000000004,997
2026-05-13T18:25:00+00:00,225.05000000000004,225.22000000000006,224.80000000000004,224.82000000000005,896
2026-05-13T18:30:00+00:00,224.82000000000005,225.03000000000006,224.73000000000005,225.03000000000006,976
2026-05-13T18:35:00+00:00,225.03000000000006,225.05000000000004,224.71000000000004,224.92000000000004,918
2026-05-13T18:40:00+00:00,224.92000000000004,225.07000000000005,224.67000000000004,224.70000000000005,816
2026-05-13T18:45:00+00:00,224.70000000000005,224.89000000000004,224.49000000000004,224.72000000000006,856
2026-05-13T18:50:00+00:00,224.72000000000006,224.96000000000004,224.61000000000004,224.95000000000005,840
2026-05-13T18:55:00+00:00,224.95000000000005,225.03000000000006,224.22000000000006,224.33000000000004,976
2026-05-13T19:00:00+00:00,224.33000000000004,224.61000000000004,224.19000000000005,224.23000000000005,1170
2026-05-13T19:05:00+00:00,224.23000000000005,224.80000000000004,224.17000000000004,224.76000000000005,1026
2026-05-13T19:10:00+00:00,224.76000000000005,225.02000000000004,224.57000000000005,224.91000000000005,977
2026-05-13T19:15:00+00:00,224.91000000000005,225.01000000000005,224.78000000000006,224.91000000000005,813
2026-05-13T19:20:00+00:00,224.91000000000005,224.93000000000004,224.19000000000005,224.23000000000005,776
2026-05-13T19:25:00+00:00,224.23000000000005,224.65000000000006,224.18000000000004,224.62000000000006,952
2026-05-13T19:30:00+00:00,224.62000000000006,224.66000000000005,224.23000000000005,224.36000000000004,906
2026-05-13T19:35:00+00:00,224.36000000000004,224.45000000000005,224.10000000000005,224.21000000000004,785
2026-05-13T19:40:00+00:00,224.21000000000004,224.31000000000006,224.07000000000005,224.12000000000006,794
2026-05-13T19:45:00+00:00,224.12000000000006,224.16000000000005,223.89000000000004,224.02000000000004,806
2026-05-13T19:50:00+00:00,224.02000000000004,224.02000000000004,222.95000000000005,223.27000000000004,2330
2026-05-13T19:55:00+00:00,223.27000000000004,223.88000000000005,223.19000000000005,223.71000000000004,2278
2026-05-14T13:30:00+00:00,223.71000000000004,230.03000000000006,223.71000000000004,228.70000000000005,2622
2026-05-14T13:35:00+00:00,228.70000000000005,229.76000000000005,228.29000000000005,228.38000000000005,2560
2026-05-14T13:40:00+00:00,228.38000000000005,231.09000000000006,228.21000000000004,230.14000000000004,2389
2026-05-14T13:45:00+00:00,230.14000000000004,231.07000000000005,229.54000000000005,229.54000000000005,2262
2026-05-14T13:50:00+00:00,229.54000000000005,230.09000000000006,228.90000000000006,229.20000000000005,2088
2026-05-14T13:55:00+00:00,229.20000000000005,229.99000000000004,228.54000000000005,228.55000000000004,2029
2026-05-14T14:00:00+00:00,228.55000000000004,230.23000000000005,228.48000000000005,229.78000000000006,1861
2026-05-14T14:05:00+00:00,229.78000000000006,229.92000000000004,228.74000000000004,228.76000000000005,1764
2026-05-14T14:10:00+00:00,228.76000000000005,229.69000000000005,228.55000000000004,229.60000000000005,1645
2026-05-14T14:15:00+00:00,229.60000000000005,231.20000000000005,229.48000000000005,230.99000000000004,1513
2026-05-14T14:20:00+00:00,230.99000000000004,231.98000000000005,230.74000000000004,231.44000000000005,1953
2026-05-14T14:25:00+00:00,231.44000000000005,231.75000000000006,230.57000000000005,230.88000000000005,1908
2026-05-14T14:30:00+00:00,230.88000000000005,231.94000000000005,230.72000000000006,231.90000000000006,1740
2026-05-14T14:35:00+00:00,231.90000000000006,233.08000000000004,231.74000000000004,232.73000000000005,1862
2026-05-14T14:40:00+00:00,232.73000000000005,233.54000000000005,232.48000000000005,233.47000000000006,1887
2026-05-14T14:45:00+00:00,233.47000000000006,233.91000000000005,233.00000000000006,233.29000000000005,1828
2026-05-14T14:50:00+00:00,233.29000000000005,233.78000000000006,232.48000000000005,232.84000000000006,1668
2026-05-14T14:55:00+00:00,232.84000000000006,232.99000000000004,231.99000000000004,232.42000000000004,1637
2026-05-14T15:00:00+00:00,232.42000000000004,233.22000000000006,232.08000000000004,232.09000000000006,1513
2026-05-14T15:05:00+00:00,232.09000000000006,232.61000000000004,231.92000000000004,232.56000000000006,1373
2026-05-14T15:10:00+00:00,232.56000000000006,232.85000000000005,232.44000000000005,232.67000000000004,1185
2026-05-14T15:15:00+00:00,232.67000000000004,233.04000000000005,232.40000000000006,232.98000000000005,1130
2026-05-14T15:20:00+00:00,232.98000000000005,233.40000000000006,232.83000000000004,233.24000000000004,1189
2026-05-14T15:25:00+00:00,233.24000000000004,233.44000000000005,232.68000000000004,232.91000000000005,1263
2026-05-14T15:30:00+00:00,232.91000000000005,233.85000000000005,232.80000000000004,233.59000000000006,1422
2026-05-14T15:35:00+00:00,233.59000000000006,233.97000000000006,233.21000000000004,233.41000000000005,1559
2026-05-14T15:40:00+00:00,233.41000000000005,234.33000000000004,233.38000000000005,233.99000000000004,1643
2026-05-14T15:45:00+00:00,233.99000000000004,234.11000000000004,233.12000000000006,233.38000000000005,1340
2026-05-14T15:50:00+00:00,233.38000000000005,233.48000000000005,232.77000000000004,233.04000000000005,1365
2026-05-14T15:55:00+00:00,233.04000000000005,233.46000000000004,232.73000000000005,232.75000000000006,1085
2026-05-14T16:00:00+00:00,232.75000000000006,233.25000000000006,232.59000000000006,232.96000000000004,1058
2026-05-14T16:05:00+00:00,232.96000000000004,233.27000000000004,232.62000000000006,233.19000000000005,912
2026-05-14T16:10:00+00:00,233.19000000000005,233.87000000000006,233.14000000000004,233.37000000000006,1168
2026-05-14T16:15:00+00:00,233.37000000000006,233.69000000000005,232.91000000000005,233.14000000000004,1005
2026-05-14T16:20:00+00:00,233.14000000000004,233.60000000000005,233.03000000000006,233.20000000000005,1184
2026-05-14T16:25:00+00:00,233.20000000000005,233.27000000000004,232.43000000000004,232.61000000000004,1469
2026-05-14T16:30:00+00:00,232.61000000000004,232.79000000000005,232.31000000000006,232.61000000000004,1383
2026-05-14T16:35:00+00:00,232.61000000000004,233.01000000000005,232.59000000000006,232.95000000000005,1196
2026-05-14T16:40:00+00:00,232.95000000000005,233.19000000000005,232.65000000000006,232.81000000000006,1117
2026-05-14T16:45:00+00:00,232.81000000000006,233.13000000000005,232.62000000000006,233.07000000000005,1245
2026-05-14T16:50:00+00:00,233.07000000000005,233.63000000000005,232.85000000000005,233.61000000000004,974
2026-05-14T16:55:00+00:00,233.61000000000004,233.67000000000004,232.98000000000005,233.38000000000005,1121
2026-05-14T17:00:00+00:00,233.38000000000005,233.79000000000005,233.36000000000004,233.39000000000004,1002
2026-05-14T17:05:00+00:00,233.39000000000004,233.46000000000004,232.42000000000004,232.45000000000005,1560
2026-05-14T17:10:00+00:00,232.45000000000005,232.77000000000004,231.43000000000004,231.54000000000005,1826
2026-05-14T17:15:00+00:00,231.54000000000005,231.74000000000004,230.55000000000004,230.87000000000006,2096
2026-05-14T17:20:00+00:00,230.87000000000006,231.89000000000004,230.85000000000005,231.53000000000006,1840
2026-05-14T17:25:00+00:00,231.53000000000006,232.02000000000004,231.09000000000006,231.96000000000004,1795
2026-05-14T17:30:00+00:00,231.96000000000004,232.10000000000005,231.68000000000004,231.74000000000004,1377
2026-05-14T17:35:00+00:00,231.74000000000004,232.19000000000005,231.67000000000004,231.87000000000006,1325
2026-05-14T17:40:00+00:00,231.87000000000006,232.15000000000006,231.61000000000004,231.84000000000006,1140
2026-05-14T17:45:00+00:00,231.84000000000006,232.41000000000005,231.80000000000004,232.28000000000006,1082
2026-05-14T17:50:00+00:00,232.28000000000006,232.54000000000005,232.08000000000004,232.50000000000006,989
2026-05-14T17:55:00+00:00,232.50000000000006,232.84000000000006,232.49000000000004,232.60000000000005,1052
2026-05-14T18:00:00+00:00,232.60000000000005,232.68000000000004,231.75000000000006,231.97000000000006,1755
2026-05-14T18:05:00+00:00,231.97000000000006,232.22000000000006,231.68000000000004,232.14000000000004,1361
2026-05-14T18:10:00+00:00,232.14000000000004,232.72000000000006,232.09000000000006,232.70000000000005,1309
2026-05-14T18:15:00+00:00,232.70000000000005,233.10000000000005,232.65000000000006,233.01000000000005,1122
2026-05-14T18:20:00+00:00,233.01000000000005,233.12000000000006,232.82000000000005,232.90000000000006,1144
2026-05-14T18:25:00+00:00,232.90000000000006,233.45000000000005,232.85000000000005,233.39000000000004,1065
2026-05-14T18:30:00+00:00,233.39000000000004,233.74000000000004,233.26000000000005,233.31000000000006,1241
2026-05-14T18:35:00+00:00,233.31000000000006,233.57000000000005,233.01000000000005,233.39000000000004,991
2026-05-14T18:40:00+00:00,233.39000000000004,233.42000000000004,232.97000000000006,233.23000000000005,893
2026-05-14T18:45:00+00:00,233.23000000000005,233.70000000000005,232.98000000000005,233.62000000000006,779
2026-05-14T18:50:00+00:00,233.62000000000006,234.09000000000006,233.62000000000006,234.08000000000004,959
2026-05-14T18:55:00+00:00,234.08000000000004,234.30000000000004,233.79000000000005,233.94000000000005,1010
2026-05-14T19:00:00+00:00,233.94000000000005,234.42000000000004,233.94000000000005,234.09000000000006,1023
2026-05-14T19:05:00+00:00,234.09000000000006,234.25000000000006,233.83000000000004,234.22000000000006,1047
2026-05-14T19:10:00+00:00,234.22000000000006,234.32000000000005,233.56000000000006,233.75000000000006,1034
2026-05-14T19:15:00+00:00,233.75000000000006,233.91000000000005,233.54000000000005,233.58000000000004,877
2026-05-14T19:20:00+00:00,233.58000000000004,233.88000000000005,233.39000000000004,233.49000000000004,1001
2026-05-14T19:25:00+00:00,233.49000000000004,233.77000000000004,233.28000000000006,233.50000000000006,1128
2026-05-14T19:30:00+00:00,233.50000000000006,233.61000000000004,233.22000000000006,233.24000000000004,991
2026-05-14T19:35:00+00:00,233.24000000000004,233.31000000000006,233.04000000000005,233.05000000000004,1068
2026-05-14T19:40:00+00:00,233.05000000000004,233.49000000000004,233.03000000000006,233.29000000000005,985
2026-05-14T19:45:00+00:00,233.29000000000005,233.73000000000005,233.00000000000006,233.54000000000005,1265
2026-05-14T19:50:00+00:00,233.54000000000005,233.78000000000006,233.09000000000006,233.69000000000005,1855
2026-05-14T19:55:00+00:00,233.69000000000005,233.91000000000005,233.36000000000004,233.65000000000006,2021
2026-05-15T13:30:00+00:00,233.65000000000006,233.65000000000006,224.26000000000005,225.37000000000006,2545
2026-05-15T13:35:00+00:00,225.37000000000006,225.57000000000005,223.63000000000005,223.85000000000005,3197
2026-05-15T13:40:00+00:00,223.85000000000005,224.55000000000004,222.92000000000004,224.02000000000004,3122
2026-05-15T13:45:00+00:00,224.02000000000004,224.94000000000005,222.19000000000005,224.94000000000005,3193
2026-05-15T13:50:00+00:00,224.94000000000005,225.11000000000004,224.13000000000005,224.59000000000006,2657
2026-05-15T13:55:00+00:00,224.59000000000006,225.21000000000004,222.97000000000006,223.01000000000005,2756
2026-05-15T14:00:00+00:00,223.01000000000005,224.01000000000005,222.78000000000006,223.82000000000005,2604
2026-05-15T14:05:00+00:00,223.82000000000005,224.60000000000005,223.19000000000005,224.42000000000004,2319
2026-05-15T14:10:00+00:00,224.42000000000004,225.74000000000004,224.01000000000005,225.69000000000005,2383
2026-05-15T14:15:00+00:00,225.69000000000005,226.32000000000005,225.17000000000004,226.14000000000004,2488
2026-05-15T14:20:00+00:00,226.14000000000004,226.55000000000004,225.85000000000005,225.90000000000006,2279
2026-05-15T14:25:00+00:00,225.90000000000006,226.06000000000006,224.36000000000004,224.52000000000004,2377
2026-05-15T14:30:00+00:00,224.52000000000004,225.38000000000005,224.43000000000004,225.38000000000005,2063
2026-05-15T14:35:00+00:00,225.38000000000005,225.47000000000006,224.62000000000006,224.96000000000004,1861
2026-05-15T14:40:00+00:00,224.96000000000004,225.64000000000004,224.96000000000004,225.51000000000005,2020
2026-05-15T14:45:00+00:00,225.51000000000005,225.53000000000006,224.49000000000004,224.60000000000005,1864
2026-05-15T14:50:00+00:00,224.60000000000005,224.64000000000004,223.77000000000004,224.21000000000004,2056
2026-05-15T14:55:00+00:00,224.21000000000004,224.68000000000004,223.75000000000006,223.91000000000005,1883.980514587146
2026-05-15T15:00:00+00:00,223.91000000000005,224.45000000000007,223.70000000000007,224.07000000000008,1915
2026-05-15T15:05:00+00:00,224.07000000000008,224.62000000000006,223.51000000000008,224.61000000000007,1915
2026-05-15T15:10:00+00:00,224.61000000000007,224.68000000000006,224.04000000000008,224.27000000000007,1886
2026-05-15T15:15:00+00:00,224.27000000000007,225.22000000000006,224.23000000000008,225.06000000000006,1462
2026-05-15T15:20:00+00:00,225.06000000000006,225.72000000000006,224.97000000000006,225.27000000000007,1643
2026-05-15T15:25:00+00:00,225.27000000000007,225.65000000000006,225.03000000000006,225.56000000000006,1555
2026-05-15T15:30:00+00:00,225.56000000000006,226.13000000000005,225.41000000000005,225.96000000000006,1667
2026-05-15T15:35:00+00:00,225.96000000000006,226.98000000000008,225.84000000000006,226.27000000000007,1925
2026-05-15T15:40:00+00:00,226.27000000000007,226.60000000000008,225.84000000000006,225.99000000000007,1930
2026-05-15T15:45:00+00:00,225.99000000000007,226.32000000000008,225.55000000000007,225.77000000000007,1843
2026-05-15T15:50:00+00:00,225.77000000000007,225.87000000000006,225.43000000000006,225.64000000000007,1613
2026-05-15T15:55:00+00:00,225.64000000000007,225.98000000000008,225.26000000000008,225.93000000000006,1696
2026-05-15T16:00:00+00:00,225.93000000000006,226.31000000000006,225.67000000000007,225.80000000000007,1645
2026-05-15T16:05:00+00:00,225.80000000000007,225.96000000000006,225.45000000000007,225.89000000000007,1461
2026-05-15T16:10:00+00:00,225.89000000000007,225.89000000000007,225.02000000000007,225.46000000000006,1531
2026-05-15T16:15:00+00:00,225.46000000000006,225.49000000000007,224.88000000000005,225.24000000000007,1308
2026-05-15T16:20:00+00:00,225.24000000000007,225.87000000000006,225.17000000000007,225.73000000000008,1335
2026-05-15T16:25:00+00:00,225.73000000000008,226.17000000000007,225.72000000000006,226.06000000000006,1338
2026-05-15T16:30:00+00:00,226.06000000000006,226.33000000000007,225.73000000000008,225.74000000000007,1239
2026-05-15T16:35:00+00:00,225.74000000000007,226.15000000000006,225.49000000000007,226.02000000000007,1224
2026-05-15T16:40:00+00:00,226.02000000000007,226.31000000000006,225.91000000000005,226.30000000000007,1097
2026-05-15T16:45:00+00:00,226.30000000000007,226.42000000000007,226.07000000000008,226.24000000000007,1098
2026-05-15T16:50:00+00:00,226.24000000000007,226.35000000000008,225.44000000000005,225.51000000000008,1223
2026-05-15T16:55:00+00:00,225.51000000000008,225.90000000000006,225.46000000000006,225.71000000000006,1199
2026-05-15T17:00:00+00:00,225.71000000000006,225.93000000000006,225.54000000000008,225.73000000000008,1117
2026-05-15T17:05:00+00:00,225.73000000000008,225.96000000000006,225.65000000000006,225.89000000000007,1047
2026-05-15T17:10:00+00:00,225.89000000000007,226.35000000000008,225.89000000000007,226.30000000000007,950
2026-05-15T17:15:00+00:00,226.30000000000007,226.37000000000006,226.02000000000007,226.31000000000006,811
2026-05-15T17:20:00+00:00,226.31000000000006,226.88000000000005,226.24000000000007,226.73000000000008,1042
2026-05-15T17:25:00+00:00,226.73000000000008,227.12000000000006,226.68000000000006,227.00000000000006,1161
2026-05-15T17:30:00+00:00,227.00000000000006,227.54000000000008,226.95000000000007,227.48000000000008,1028
2026-05-15T17:35:00+00:00,227.48000000000008,228.10000000000008,227.42000000000007,228.07000000000008,1251
2026-05-15T17:40:00+00:00,228.07000000000008,228.16000000000005,227.46000000000006,227.96000000000006,1253
2026-05-15T17:45:00+00:00,227.96000000000006,228.21000000000006,227.83000000000007,227.94000000000005,1105
2026-05-15T17:50:00+00:00,227.94000000000005,228.22000000000006,227.68000000000006,228.09000000000006,985
2026-05-15T17:55:00+00:00,228.09000000000006,228.73000000000008,227.99000000000007,228.66000000000005,1081
2026-05-15T18:00:00+00:00,228.66000000000005,228.83000000000007,228.44000000000005,228.75000000000006,1267
2026-05-15T18:05:00+00:00,228.75000000000006,229.32000000000008,228.69000000000005,228.88000000000005,1352
2026-05-15T18:10:00+00:00,228.88000000000005,229.26000000000008,228.73000000000008,228.86000000000007,1141
2026-05-15T18:15:00+00:00,228.86000000000007,228.93000000000006,227.67000000000007,227.71000000000006,1526
2026-05-15T18:20:00+00:00,227.71000000000006,228.55000000000007,227.65000000000006,228.24000000000007,1418
2026-05-15T18:25:00+00:00,228.24000000000007,228.33000000000007,227.44000000000005,227.65000000000006,1281
2026-05-15T18:30:00+00:00,227.65000000000006,227.67000000000007,226.83000000000007,226.89000000000007,1621
2026-05-15T18:35:00+00:00,226.89000000000007,227.33000000000007,226.78000000000006,227.25000000000006,1402
2026-05-15T18:40:00+00:00,227.25000000000006,227.30000000000007,226.45000000000007,226.49000000000007,1228
2026-05-15T18:45:00+00:00,226.49000000000007,226.53000000000006,225.96000000000006,226.31000000000006,1211
2026-05-15T18:50:00+00:00,226.31000000000006,226.79000000000008,226.12000000000006,226.71000000000006,1100
2026-05-15T18:55:00+00:00,226.71000000000006,226.94000000000005,226.47000000000006,226.79000000000008,1102
2026-05-15T19:00:00+00:00,226.79000000000008,226.92000000000007,226.16000000000005,226.21000000000006,1170
2026-05-15T19:05:00+00:00,226.21000000000006,226.48000000000008,225.44000000000005,225.57000000000008,1274
2026-05-15T19:10:00+00:00,225.57000000000008,225.83000000000007,225.22000000000006,225.79000000000008,1459
2026-05-15T19:15:00+00:00,225.79000000000008,225.94000000000005,224.90000000000006,225.33000000000007,1469
2026-05-15T19:20:00+00:00,225.33000000000007,225.33000000000007,224.59000000000006,224.61000000000007,1408
2026-05-15T19:25:00+00:00,224.61000000000007,225.00000000000006,224.53000000000006,224.84000000000006,1381
2026-05-15T19:30:00+00:00,224.84000000000006,225.20000000000007,224.72000000000006,225.01000000000008,1428
2026-05-15T19:35:00+00:00,225.01000000000008,225.28000000000006,224.85000000000008,225.23000000000008,1166
2026-05-15T19:40:00+00:00,225.23000000000008,225.37000000000006,224.92000000000007,224.95000000000007,1375
2026-05-15T19:45:00+00:00,224.95000000000007,225.01000000000008,224.22000000000006,224.49000000000007,1821
2026-05-15T19:50:00+00:00,224.49000000000007,224.53000000000006,222.98000000000008,223.05000000000007,2719
2026-05-15T19:55:00+00:00,223.05000000000007,223.43000000000006,222.75000000000006,223.15000000000006,2893
2026-05-18T13:30:00+00:00,223.15000000000006,227.78000000000006,223.15000000000006,225.31000000000006,2397
2026-05-18T13:35:00+00:00,225.31000000000006,225.42000000000007,223.71000000000006,224.16000000000005,3056
2026-05-18T13:40:00+00:00,224.16000000000005,224.17000000000007,222.10000000000008,222.10000000000008,3135
2026-05-18T13:45:00+00:00,222.10000000000008,222.96000000000006,221.39000000000007,221.94000000000005,3568
2026-05-18T13:50:00+00:00,221.94000000000005,223.74000000000007,221.85000000000008,223.64000000000007,3437
2026-05-18T13:55:00+00:00,223.64000000000007,224.28000000000006,222.84000000000006,223.29000000000008,3096
2026-05-18T14:00:00+00:00,223.29000000000008,223.31000000000006,222.02000000000007,223.13000000000005,2836
2026-05-18T14:05:00+00:00,223.13000000000005,224.08000000000007,222.49000000000007,223.47000000000006,2694
2026-05-18T14:10:00+00:00,223.47000000000006,223.47000000000006,222.06000000000006,222.60000000000008,2632
2026-05-18T14:15:00+00:00,222.60000000000008,223.22000000000006,222.20000000000007,222.88000000000005,2337
2026-05-18T14:20:00+00:00,222.88000000000005,223.18000000000006,221.83000000000007,221.83000000000007,2357
2026-05-18T14:25:00+00:00,221.83000000000007,222.06000000000006,220.24000000000007,220.64000000000007,2691
2026-05-18T14:30:00+00:00,220.64000000000007,221.02000000000007,219.07000000000008,219.09000000000006,3228
2026-05-18T14:35:00+00:00,219.09000000000006,219.92000000000007,218.66000000000005,219.36000000000007,3115
2026-05-18T14:40:00+00:00,219.36000000000007,220.35000000000008,218.47000000000006,219.93000000000006,2962
2026-05-18T14:45:00+00:00,219.93000000000006,220.05000000000007,218.23000000000008,218.56000000000006,2732
2026-05-18T14:50:00+00:00,218.56000000000006,220.08000000000007,218.40000000000006,219.37000000000006,2904
2026-05-18T14:55:00+00:00,219.37000000000006,220.35000000000008,219.13000000000005,219.97000000000006,2400
2026-05-18T15:00:00+00:00,219.97000000000006,221.00000000000006,219.78000000000006,220.93000000000006,2446
2026-05-18T15:05:00+00:00,220.93000000000006,221.10000000000008,220.19000000000005,220.37000000000006,2056
2026-05-18T15:10:00+00:00,220.37000000000006,221.21000000000006,220.03000000000006,221.00000000000006,2112
2026-05-18T15:15:00+00:00,221.00000000000006,221.00000000000006,219.99000000000007,220.06000000000006,1893
2026-05-18T15:20:00+00:00,220.06000000000006,220.43000000000006,219.65000000000006,220.00000000000006,2001
2026-05-18T15:25:00+00:00,220.00000000000006,220.83000000000007,219.49000000000007,219.52000000000007,1928
2026-05-18T15:30:00+00:00,219.52000000000007,220.33000000000007,219.35000000000008,220.28000000000006,2052
2026-05-18T15:35:00+00:00,220.28000000000006,221.16000000000005,220.20000000000007,220.83000000000007,1823
2026-05-18T15:40:00+00:00,220.83000000000007,221.09000000000006,220.07000000000008,220.11000000000007,1597
2026-05-18T15:45:00+00:00,220.11000000000007,220.62000000000006,220.00000000000006,220.30000000000007,1450
2026-05-18T15:50:00+00:00,220.30000000000007,220.75000000000006,219.70000000000007,220.65000000000006,1481
2026-05-18T15:55:00+00:00,220.65000000000006,220.84000000000006,220.17000000000007,220.36000000000007,1535
2026-05-18T16:00:00+00:00,220.36000000000007,220.50000000000006,219.37000000000006,219.45000000000007,1371
2026-05-18T16:05:00+00:00,219.45000000000007,219.97000000000006,219.32000000000008,219.84000000000006,1603
2026-05-18T16:10:00+00:00,219.84000000000006,220.41000000000005,219.77000000000007,220.25000000000006,1375
2026-05-18T16:15:00+00:00,220.25000000000006,220.53000000000006,220.12000000000006,220.35000000000008,1266
2026-05-18T16:20:00+00:00,220.35000000000008,220.98000000000008,219.86000000000007,219.93000000000006,1627
2026-05-18T16:25:00+00:00,219.93000000000006,220.08000000000007,218.07000000000008,218.21000000000006,2345
2026-05-18T16:30:00+00:00,218.21000000000006,218.23000000000008,217.58000000000007,217.64000000000007,2354
2026-05-18T16:35:00+00:00,217.64000000000007,219.05000000000007,217.44000000000005,218.86000000000007,1696
2026-05-18T16:40:00+00:00,218.86000000000007,218.99000000000007,218.67000000000007,218.75000000000006,1444
2026-05-18T16:45:00+00:00,218.75000000000006,219.10000000000008,218.18000000000006,218.49000000000007,1493
2026-05-18T16:50:00+00:00,218.49000000000007,219.95000000000007,218.35000000000008,219.92000000000007,1525
2026-05-18T16:55:00+00:00,219.92000000000007,220.27000000000007,219.66000000000005,219.92000000000007,1693
2026-05-18T17:00:00+00:00,219.92000000000007,220.25000000000006,219.72000000000006,220.08000000000007,1531
2026-05-18T17:05:00+00:00,220.08000000000007,220.35000000000008,219.57000000000008,219.64000000000007,1259
2026-05-18T17:10:00+00:00,219.64000000000007,219.90000000000006,219.08000000000007,219.10000000000008,1178
2026-05-18T17:15:00+00:00,219.10000000000008,219.30000000000007,218.87000000000006,219.08000000000007,1315
2026-05-18T17:20:00+00:00,219.08000000000007,219.20000000000007,218.55000000000007,218.72000000000006,1357
2026-05-18T17:25:00+00:00,218.72000000000006,219.29000000000008,218.56000000000006,219.26000000000008,1419
2026-05-18T17:30:00+00:00,219.26000000000008,219.49000000000007,218.85000000000008,219.13000000000005,1353
2026-05-18T17:35:00+00:00,219.13000000000005,219.17000000000007,218.84000000000006,219.05000000000007,1302
2026-05-18T17:40:00+00:00,219.05000000000007,219.67000000000007,218.93000000000006,219.48000000000008,1341
2026-05-18T17:45:00+00:00,219.48000000000008,219.57000000000008,218.73000000000008,218.75000000000006,1268
2026-05-18T17:50:00+00:00,218.75000000000006,219.16000000000005,218.68000000000006,219.13000000000005,1154
2026-05-18T17:55:00+00:00,219.13000000000005,219.49000000000007,218.86000000000007,219.32000000000008,1217
2026-05-18T18:00:00+00:00,219.32000000000008,219.33000000000007,218.28000000000006,218.46000000000006,1596
2026-05-18T18:05:00+00:00,218.46000000000006,218.59000000000006,217.99000000000007,218.02000000000007,1510
2026-05-18T18:10:00+00:00,218.02000000000007,218.28000000000006,217.82000000000008,217.84000000000006,1387
2026-05-18T18:15:00+00:00,217.84000000000006,217.96000000000006,217.27000000000007,217.59000000000006,1615
2026-05-18T18:20:00+00:00,217.59000000000006,217.76000000000008,217.38000000000005,217.56000000000006,1592
2026-05-18T18:25:00+00:00,217.56000000000006,217.81000000000006,217.04000000000008,217.75000000000006,1883
2026-05-18T18:30:00+00:00,217.75000000000006,218.28000000000006,217.53000000000006,217.99000000000007,1554
2026-05-18T18:35:00+00:00,217.99000000000007,218.10000000000008,217.22000000000006,217.22000000000006,1552
2026-05-18T18:40:00+00:00,217.22000000000006,217.41000000000005,216.93000000000006,217.32000000000008,1578
2026-05-18T18:45:00+00:00,217.32000000000008,217.37000000000006,216.59000000000006,216.68000000000006,1496
2026-05-18T18:50:00+00:00,216.68000000000006,217.03000000000006,216.21000000000006,216.94000000000005,1719
2026-05-18T18:55:00+00:00,216.94000000000005,217.62000000000006,216.83000000000007,217.41000000000005,1613
2026-05-18T19:00:00+00:00,217.41000000000005,219.46000000000006,217.36000000000007,218.63000000000005,2508
2026-05-18T19:05:00+00:00,218.63000000000005,218.93000000000006,217.69000000000005,218.34000000000006,2076
2026-05-18T19:10:00+00:00,218.34000000000006,218.66000000000005,218.06000000000006,218.18000000000006,1806
2026-05-18T19:15:00+00:00,218.18000000000006,218.45000000000007,217.91000000000005,218.19000000000005,1655
2026-05-18T19:20:00+00:00,218.19000000000005,218.40000000000006,217.82000000000008,217.97000000000006,1566
2026-05-18T19:25:00+00:00,217.97000000000006,218.07000000000008,217.59000000000006,217.99000000000007,1712
2026-05-18T19:30:00+00:00,217.99000000000007,218.80000000000007,217.94000000000005,218.58000000000007,1656
2026-05-18T19:35:00+00:00,218.58000000000007,219.40000000000006,218.54000000000008,219.36000000000007,1623
2026-05-18T19:40:00+00:00,219.36000000000007,219.60000000000008,219.15000000000006,219.57000000000008,2083
2026-05-18T19:45:00+00:00,219.57000000000008,219.77000000000007,219.32000000000008,219.67000000000007,1827
2026-05-18T19:50:00+00:00,219.67000000000007,220.10000000000008,219.53000000000006,220.02000000000007,2143
2026-05-18T19:55:00+00:00,220.02000000000007,220.22000000000006,219.64000000000007,220.20000000000007,2171
2026-05-19T13:30:00+00:00,220.20000000000007,220.20000000000007,217.32000000000008,218.95000000000007,2137
2026-05-19T13:35:00+00:00,218.95000000000007,221.13000000000005,218.18000000000006,219.71000000000006,2928
2026-05-19T13:40:00+00:00,219.71000000000006,219.94000000000005,218.46000000000006,219.46000000000006,2406
2026-05-19T13:45:00+00:00,219.46000000000006,219.84000000000006,217.99000000000007,218.87000000000006,2666
2026-05-19T13:50:00+00:00,218.87000000000006,220.31000000000006,218.42000000000007,220.15000000000006,2449
2026-05-19T13:55:00+00:00,220.15000000000006,220.59000000000006,218.48000000000008,218.66000000000005,2479
2026-05-19T14:00:00+00:00,218.66000000000005,218.69000000000005,217.57000000000008,218.15000000000006,2521
2026-05-19T14:05:00+00:00,218.15000000000006,218.31000000000006,216.36000000000007,216.83000000000007,2828
2026-05-19T14:10:00+00:00,216.83000000000007,217.54000000000008,216.33000000000007,216.48000000000008,2848
2026-05-19T14:15:00+00:00,216.48000000000008,216.90000000000006,215.74000000000007,216.39000000000007,2700
2026-05-19T14:20:00+00:00,216.39000000000007,216.79000000000008,215.89000000000007,216.66000000000005,2630
2026-05-19T14:25:00+00:00,216.66000000000005,217.07000000000008,216.12000000000006,216.36000000000007,2507
2026-05-19T14:30:00+00:00,216.36000000000007,217.13000000000005,215.97000000000006,216.25000000000006,2277
2026-05-19T14:35:00+00:00,216.25000000000006,217.72000000000006,216.01000000000008,217.59000000000006,2174
2026-05-19T14:40:00+00:00,217.59000000000006,217.94000000000005,216.78000000000006,216.89000000000007,2208
2026-05-19T14:45:00+00:00,216.89000000000007,217.32000000000008,216.53000000000006,217.21000000000006,2158
2026-05-19T14:50:00+00:00,217.21000000000006,218.37000000000006,217.07000000000008,217.60000000000008,2177
2026-05-19T14:55:00+00:00,217.60000000000008,218.85000000000008,217.45000000000007,218.78000000000006,1946
2026-05-19T15:00:00+00:00,218.78000000000006,219.30000000000007,218.62000000000006,218.79000000000008,2015
2026-05-19T15:05:00+00:00,218.79000000000008,218.86000000000007,217.84000000000006,218.28000000000006,1939
2026-05-19T15:10:00+00:00,218.28000000000006,219.10000000000008,218.28000000000006,218.83000000000007,1856
2026-05-19T15:15:00+00:00,218.83000000000007,219.41000000000005,218.51000000000008,218.52000000000007,1713
2026-05-19T15:20:00+00:00,218.52000000000007,219.03000000000006,218.05000000000007,218.05000000000007,1818
2026-05-19T15:25:00+00:00,218.05000000000007,218.79000000000008,217.85000000000008,218.32000000000008,1847
2026-05-19T15:30:00+00:00,218.32000000000008,219.11000000000007,218.14000000000007,218.54000000000008,1782
2026-05-19T15:35:00+00:00,218.54000000000008,219.40000000000006,218.31000000000006,219.20000000000007,1716
2026-05-19T15:40:00+00:00,219.20000000000007,219.82000000000008,219.06000000000006,219.50000000000006,1714
2026-05-19T15:45:00+00:00,219.50000000000006,219.61000000000007,218.54000000000008,218.84000000000006,1703
2026-05-19T15:50:00+00:00,218.84000000000006,219.00000000000006,218.22000000000006,218.53000000000006,1716
2026-05-19T15:55:00+00:00,218.53000000000006,218.57000000000008,218.02000000000007,218.49000000000007,1636
2026-05-19T16:00:00+00:00,218.49000000000007,219.13000000000005,218.43000000000006,219.00000000000006,1654
2026-05-19T16:05:00+00:00,219.00000000000006,219.05000000000007,218.38000000000005,218.41000000000005,1506
2026-05-19T16:10:00+00:00,218.41000000000005,218.67000000000007,218.11000000000007,218.24000000000007,1567
2026-05-19T16:15:00+00:00,218.24000000000007,218.75000000000006,218.13000000000005,218.67000000000007,1528
2026-05-19T16:20:00+00:00,218.67000000000007,218.97000000000006,218.50000000000006,218.94000000000005,1270
2026-05-19T16:25:00+00:00,218.94000000000005,219.81000000000006,218.89000000000007,219.72000000000006,1501
2026-05-19T16:30:00+00:00,219.72000000000006,220.60000000000008,219.56000000000006,220.49000000000007,1787
2026-05-19T16:35:00+00:00,220.49000000000007,220.80000000000007,220.19000000000005,220.66000000000005,1536
2026-05-19T16:40:00+00:00,220.66000000000005,220.95000000000007,220.52000000000007,220.94000000000005,1513
2026-05-19T16:45:00+00:00,220.94000000000005,221.16000000000005,220.28000000000006,220.51000000000008,1475
2026-05-19T16:50:00+00:00,220.51000000000008,220.93000000000006,220.28000000000006,220.89000000000007,1324
2026-05-19T16:55:00+00:00,220.89000000000007,221.22000000000006,220.62000000000006,220.91000000000005,1443
2026-05-19T17:00:00+00:00,220.91000000000005,221.37000000000006,220.82000000000008,221.21000000000006,1410
2026-05-19T17:05:00+00:00,221.21000000000006,221.34000000000006,220.83000000000007,221.33000000000007,1329
2026-05-19T17:10:00+00:00,221.33000000000007,221.72000000000006,221.32000000000008,221.63000000000005,1315
2026-05-19T17:15:00+00:00,221.63000000000005,222.08000000000007,221.60000000000008,221.96000000000006,1419
2026-05-19T17:20:00+00:00,221.96000000000006,222.31000000000006,221.68000000000006,221.95000000000007,1475
2026-05-19T17:25:00+00:00,221.95000000000007,222.01000000000008,220.92000000000007,221.17000000000007,1512
2026-05-19T17:30:00+00:00,221.17000000000007,221.89000000000007,221.13000000000005,221.43000000000006,1451
2026-05-19T17:35:00+00:00,221.43000000000006,221.80000000000007,221.37000000000006,221.61000000000007,1304
2026-05-19T17:40:00+00:00,221.61000000000007,221.95000000000007,221.42000000000007,221.58000000000007,1337
2026-05-19T17:45:00+00:00,221.58000000000007,221.63000000000005,220.75000000000006,220.88000000000005,1508
2026-05-19T17:50:00+00:00,220.88000000000005,220.89000000000007,219.88000000000005,220.26000000000008,1429
2026-05-19T17:55:00+00:00,220.26000000000008,220.99000000000007,220.25000000000006,220.92000000000007,1399
2026-05-19T18:00:00+00:00,220.92000000000007,221.14000000000007,220.77000000000007,221.14000000000007,1313
2026-05-19T18:05:00+00:00,221.14000000000007,221.47000000000006,221.08000000000007,221.39000000000007,1164
2026-05-19T18:10:00+00:00,221.39000000000007,221.48000000000008,221.11000000000007,221.14000000000007,1042
2026-05-19T18:15:00+00:00,221.14000000000007,221.28000000000006,220.65000000000006,220.74000000000007,1235
2026-05-19T18:20:00+00:00,220.74000000000007,220.75000000000006,220.05000000000007,220.53000000000006,1464
2026-05-19T18:25:00+00:00,220.53000000000006,220.99000000000007,220.29000000000008,220.47000000000006,1526
2026-05-19T18:30:00+00:00,220.47000000000006,220.84000000000006,220.32000000000008,220.73000000000008,1475
2026-05-19T18:35:00+00:00,220.73000000000008,220.89000000000007,220.32000000000008,220.34000000000006,999
2026-05-19T18:40:00+00:00,220.34000000000006,220.59000000000006,220.12000000000006,220.48000000000008,1153
2026-05-19T18:45:00+00:00,220.48000000000008,220.79000000000008,220.19000000000005,220.75000000000006,1272
2026-05-19T18:50:00+00:00,220.75000000000006,220.95000000000007,220.44000000000005,220.51000000000008,1295
2026-05-19T18:55:00+00:00,220.51000000000008,220.51000000000008,220.00000000000006,220.30000000000007,1830
2026-05-19T19:00:00+00:00,220.30000000000007,220.52000000000007,219.99000000000007,220.16000000000005,1607
2026-05-19T19:05:00+00:00,220.16000000000005,220.26000000000008,219.68000000000006,220.19000000000005,1450
2026-05-19T19:10:00+00:00,220.19000000000005,220.59000000000006,220.13000000000005,220.40000000000006,1492
2026-05-19T19:15:00+00:00,220.40000000000006,220.49000000000007,219.67000000000007,219.68000000000006,1405
2026-05-19T19:20:00+00:00,219.68000000000006,219.91000000000005,219.15000000000006,219.16000000000005,1720
2026-05-19T19:25:00+00:00,219.16000000000005,219.78000000000006,218.98000000000008,219.72000000000006,1916
2026-05-19T19:30:00+00:00,219.72000000000006,220.32000000000008,219.68000000000006,219.74000000000007,1580
2026-05-19T19:35:00+00:00,219.74000000000007,219.89000000000007,219.28000000000006,219.48000000000008,1561
2026-05-19T19:40:00+00:00,219.48000000000008,219.54000000000008,219.18000000000006,219.26000000000008,1716
2026-05-19T19:45:00+00:00,219.26000000000008,219.41000000000005,218.74000000000007,218.77000000000007,1725
2026-05-19T19:50:00+00:00,218.77000000000007,219.04000000000008,217.36000000000007,217.47000000000006,2234
2026-05-19T19:55:00+00:00,217.47000000000006,218.63000000000005,216.83000000000007,218.52000000000007,2918
2026-05-20T13:30:00+00:00,218.52000000000007,220.99000000000007,218.52000000000007,219.98000000000008,2392
2026-05-20T13:35:00+00:00,219.98000000000008,220.26000000000008,218.32000000000008,218.86000000000007,2858
2026-05-20T13:40:00+00:00,218.86000000000007,219.90000000000006,218.64000000000007,219.75000000000006,2692
2026-05-20T13:45:00+00:00,219.75000000000006,220.15000000000006,219.22000000000006,219.59000000000006,2682
2026-05-20T13:50:00+00:00,219.59000000000006,220.13000000000005,218.85000000000008,219.10000000000008,2380
2026-05-20T13:55:00+00:00,219.10000000000008,219.93000000000006,218.60000000000008,219.77000000000007,2244
2026-05-20T14:00:00+00:00,219.77000000000007,220.29000000000008,219.55000000000007,220.03000000000006,2202
2026-05-20T14:05:00+00:00,220.03000000000006,221.11000000000007,219.93000000000006,220.92000000000007,2326
2026-05-20T14:10:00+00:00,220.92000000000007,221.88000000000005,220.29000000000008,221.46000000000006,2854
2026-05-20T14:15:00+00:00,221.46000000000006,222.44000000000005,221.34000000000006,222.07000000000008,3241
2026-05-20T14:20:00+00:00,222.07000000000008,222.88000000000005,221.05000000000007,221.21000000000006,2960
2026-05-20T14:25:00+00:00,221.21000000000006,222.15000000000006,221.05000000000007,222.15000000000006,2431
2026-05-20T14:30:00+00:00,222.15000000000006,222.87000000000006,222.07000000000008,222.46000000000006,2410
2026-05-20T14:35:00+00:00,222.46000000000006,222.89000000000007,221.99000000000007,222.60000000000008,2181
2026-05-20T14:40:00+00:00,222.60000000000008,223.12000000000006,222.20000000000007,222.70000000000007,1792
2026-05-20T14:45:00+00:00,222.70000000000007,222.82000000000008,221.69000000000005,221.97000000000006,1784
2026-05-20T14:50:00+00:00,221.97000000000006,222.57000000000008,221.80000000000007,222.53000000000006,1628
2026-05-20T14:55:00+00:00,222.53000000000006,223.02000000000007,222.46000000000006,222.50000000000006,1701.4024619236386
2026-05-20T15:00:00+00:00,222.50000000000006,222.65000000000006,222.00000000000006,222.31000000000006,1485
2026-05-20T15:05:00+00:00,222.31000000000006,222.81000000000006,222.19000000000005,222.78000000000006,1393
2026-05-20T15:10:00+00:00,222.78000000000006,223.05000000000007,222.71000000000006,223.02000000000007,1363
2026-05-20T15:15:00+00:00,223.02000000000007,223.88000000000005,222.73000000000005,223.38000000000005,3126
2026-05-20T15:20:00+00:00,223.38000000000005,223.64000000000004,223.24000000000007,223.41000000000005,1793
2026-05-20T15:25:00+00:00,223.41000000000005,223.62000000000006,222.94000000000005,223.00000000000006,1704
2026-05-20T15:30:00+00:00,223.00000000000006,223.29000000000005,222.87000000000006,223.12000000000006,1425
2026-05-20T15:35:00+00:00,223.12000000000006,223.39000000000004,222.59000000000006,222.63000000000005,1232
2026-05-20T15:40:00+00:00,222.63000000000005,223.02000000000007,222.44000000000005,222.94000000000005,1163
2026-05-20T15:45:00+00:00,222.94000000000005,223.01000000000005,222.74000000000007,222.98000000000005,963
2026-05-20T15:50:00+00:00,222.98000000000005,223.10000000000005,222.31000000000006,222.56000000000006,1144
2026-05-20T15:55:00+00:00,222.56000000000006,222.79000000000005,222.37000000000006,222.71000000000006,1093
2026-05-20T16:00:00+00:00,222.71000000000006,223.05000000000007,222.67000000000004,222.80000000000007,1069
2026-05-20T16:05:00+00:00,222.80000000000007,223.06000000000006,222.63000000000005,222.83000000000004,942
2026-05-20T16:10:00+00:00,222.83000000000004,223.06000000000006,222.49000000000007,222.51000000000005,1094
2026-05-20T16:15:00+00:00,222.51000000000005,222.53000000000006,221.78000000000006,221.99000000000007,1278
2026-05-20T16:20:00+00:00,221.99000000000007,222.20000000000005,221.62000000000006,221.94000000000005,1864
2026-05-20T16:25:00+00:00,221.94000000000005,222.06000000000006,221.59000000000006,222.00000000000006,1556
2026-05-20T16:30:00+00:00,222.00000000000006,222.46000000000006,221.95000000000005,222.19000000000005,1528
2026-05-20T16:35:00+00:00,222.19000000000005,222.43000000000006,222.01000000000005,222.24000000000007,1162
2026-05-20T16:40:00+00:00,222.24000000000007,222.78000000000006,222.15000000000006,222.66000000000005,1409
2026-05-20T16:45:00+00:00,222.66000000000005,222.67000000000004,221.85000000000005,222.16000000000005,1488
2026-05-20T16:50:00+00:00,222.16000000000005,222.54000000000005,222.08000000000004,222.51000000000005,1024
2026-05-20T16:55:00+00:00,222.51000000000005,222.55000000000007,221.92000000000004,222.38000000000005,958
2026-05-20T17:00:00+00:00,222.38000000000005,222.54000000000005,222.20000000000005,222.22000000000006,1062
2026-05-20T17:05:00+00:00,222.22000000000006,222.47000000000006,222.22000000000006,222.35000000000005,969
2026-05-20T17:10:00+00:00,222.35000000000005,222.76000000000005,222.20000000000005,222.67000000000004,1265
2026-05-20T17:15:00+00:00,222.67000000000004,222.85000000000005,222.33000000000004,222.72000000000006,1214
2026-05-20T17:20:00+00:00,222.72000000000006,222.85000000000005,222.58000000000004,222.75000000000006,943
2026-05-20T17:25:00+00:00,222.75000000000006,222.88000000000005,222.58000000000004,222.70000000000005,984
2026-05-20T17:30:00+00:00,222.70000000000005,222.82000000000005,222.52000000000007,222.58000000000004,1064
2026-05-20T17:35:00+00:00,222.58000000000004,222.92000000000004,222.44000000000005,222.52000000000007,1052
2026-05-20T17:40:00+00:00,222.52000000000007,222.53000000000006,222.25000000000006,222.30000000000007,786
2026-05-20T17:45:00+00:00,222.30000000000007,222.36000000000004,222.11000000000004,222.23000000000005,822
2026-05-20T17:50:00+00:00,222.23000000000005,222.31000000000006,221.96000000000006,222.01000000000005,792
2026-05-20T17:55:00+00:00,222.01000000000005,222.40000000000006,221.99000000000007,222.26000000000005,651
2026-05-20T18:00:00+00:00,222.26000000000005,222.55000000000007,222.01000000000005,222.52000000000007,989
2026-05-20T18:05:00+00:00,222.52000000000007,222.66000000000005,222.35000000000005,222.46000000000006,965
2026-05-20T18:10:00+00:00,222.46000000000006,222.52000000000007,222.00000000000006,222.09000000000006,834
2026-05-20T18:15:00+00:00,222.09000000000006,222.24000000000007,222.05000000000007,222.22000000000006,776
2026-05-20T18:20:00+00:00,222.22000000000006,222.26000000000005,221.65000000000006,221.68000000000006,809
2026-05-20T18:25:00+00:00,221.68000000000006,222.07000000000005,221.62000000000006,222.03000000000006,871
2026-05-20T18:30:00+00:00,222.03000000000006,222.09000000000006,221.69000000000005,221.90000000000006,715
2026-05-20T18:35:00+00:00,221.90000000000006,221.94000000000005,221.59000000000006,221.61000000000004,796
2026-05-20T18:40:00+00:00,221.61000000000004,221.71000000000006,220.57000000000005,220.58000000000004,1097
2026-05-20T18:45:00+00:00,220.58000000000004,220.81000000000006,220.41000000000005,220.50000000000006,1147
2026-05-20T18:50:00+00:00,220.50000000000006,220.52000000000007,219.80000000000007,220.16000000000005,1057
2026-05-20T18:55:00+00:00,220.16000000000005,220.64000000000004,220.14000000000004,220.52000000000007,1143
2026-05-20T19:00:00+00:00,220.52000000000007,220.62000000000006,220.10000000000005,220.27000000000007,1077
2026-05-20T19:05:00+00:00,220.27000000000007,220.68000000000006,220.24000000000007,220.49000000000007,1153
2026-05-20T19:10:00+00:00,220.49000000000007,220.71000000000006,220.37000000000006,220.59000000000006,1014
2026-05-20T19:15:00+00:00,220.59000000000006,220.65000000000006,220.18000000000006,220.49000000000007,988
2026-05-20T19:20:00+00:00,220.49000000000007,220.69000000000005,220.44000000000005,220.62000000000006,896
2026-05-20T19:25:00+00:00,220.62000000000006,220.68000000000006,220.39000000000004,220.64000000000004,892
2026-05-20T19:30:00+00:00,220.64000000000004,220.78000000000006,220.38000000000005,220.69000000000005,974
2026-05-20T19:35:00+00:00,220.69000000000005,221.24000000000007,220.59000000000006,221.10000000000005,1380
2026-05-20T19:40:00+00:00,221.10000000000005,221.24000000000007,220.94000000000005,221.21000000000006,1127
2026-05-20T19:45:00+00:00,221.21000000000006,221.33000000000004,220.81000000000006,220.84000000000006,1224
2026-05-20T19:50:00+00:00,220.84000000000006,221.43000000000006,220.63000000000005,221.02000000000007,1810
2026-05-20T19:55:00+00:00,221.02000000000007,221.33000000000004,220.65000000000006,221.19000000000005,1636
2026-05-21T13:30:00+00:00,221.19000000000005,224.89000000000004,218.13000000000005,224.83000000000004,3319
2026-05-21T13:35:00+00:00,224.83000000000004,225.10000000000005,220.40000000000006,220.91000000000005,3784
2026-05-21T13:40:00+00:00,220.91000000000005,222.21000000000006,220.84000000000006,221.64000000000004,2476
2026-05-21T13:45:00+00:00,221.64000000000004,222.41000000000005,219.52000000000007,219.69000000000005,2589
2026-05-21T13:50:00+00:00,219.69000000000005,220.61000000000004,219.20000000000005,220.44000000000005,2609
2026-05-21T13:55:00+00:00,220.44000000000005,220.67000000000004,219.08000000000004,220.01000000000005,2580
2026-05-21T14:00:00+00:00,220.01000000000005,222.34000000000006,219.89000000000004,221.86000000000004,2858
2026-05-21T14:05:00+00:00,221.86000000000004,222.51000000000005,220.97000000000006,222.25000000000006,2443
2026-05-21T14:10:00+00:00,222.25000000000006,222.39000000000004,220.13000000000005,220.50000000000006,2299
2026-05-21T14:15:00+00:00,220.50000000000006,220.51000000000005,217.01000000000005,217.08000000000004,3238
2026-05-21T14:20:00+00:00,217.08000000000004,217.20000000000005,216.34000000000006,216.46000000000006,3437
2026-05-21T14:25:00+00:00,216.46000000000006,216.98000000000005,216.13000000000005,216.70000000000005,2868
2026-05-21T14:30:00+00:00,216.70000000000005,217.32000000000005,215.70000000000005,216.04000000000005,2883
2026-05-21T14:35:00+00:00,216.04000000000005,217.64000000000004,215.96000000000006,217.59000000000006,2817
2026-05-21T14:40:00+00:00,217.59000000000006,217.64000000000004,216.84000000000006,217.17000000000004,2474
2026-05-21T14:45:00+00:00,217.17000000000004,217.50000000000006,216.59000000000006,216.68000000000006,2296
2026-05-21T14:50:00+00:00,216.68000000000006,217.34000000000006,216.22000000000006,217.30000000000007,2184
2026-05-21T14:55:00+00:00,217.30000000000007,217.37000000000006,216.62000000000006,217.13000000000005,1890
2026-05-21T15:00:00+00:00,217.13000000000005,217.86000000000004,216.79000000000005,217.28000000000006,1953
2026-05-21T15:05:00+00:00,217.28000000000006,217.38000000000005,216.14000000000004,216.26000000000005,2262
2026-05-21T15:10:00+00:00,216.26000000000005,217.27000000000007,215.83000000000004,217.03000000000006,2471
2026-05-21T15:15:00+00:00,217.03000000000006,217.23000000000005,216.76000000000005,217.07000000000005,1763
2026-05-21T15:20:00+00:00,217.07000000000005,217.28000000000006,216.64000000000004,216.77000000000007,1721
2026-05-21T15:25:00+00:00,216.77000000000007,216.89000000000004,216.48000000000005,216.63000000000005,1777
2026-05-21T15:30:00+00:00,216.63000000000005,216.71000000000006,216.11000000000004,216.24000000000007,1883
2026-05-21T15:35:00+00:00,216.24000000000007,217.31000000000006,216.14000000000004,217.16000000000005,1738
2026-05-21T15:40:00+00:00,217.16000000000005,217.48000000000005,217.07000000000005,217.36000000000004,1480
2026-05-21T15:45:00+00:00,217.36000000000004,218.10000000000005,217.25000000000006,217.85000000000005,1618
2026-05-21T15:50:00+00:00,217.85000000000005,218.02000000000007,217.54000000000005,217.63000000000005,1195
2026-05-21T15:55:00+00:00,217.63000000000005,217.89000000000004,217.13000000000005,217.18000000000006,1352
2026-05-21T16:00:00+00:00,217.18000000000006,217.68000000000006,217.15000000000006,217.51000000000005,1463
2026-05-21T16:05:00+00:00,217.51000000000005,217.73000000000005,217.42000000000004,217.67000000000004,1231
2026-05-21T16:10:00+00:00,217.67000000000004,217.85000000000005,217.12000000000006,217.21000000000006,1482
2026-05-21T16:15:00+00:00,217.21000000000006,217.50000000000006,217.12000000000006,217.34000000000006,1347
2026-05-21T16:20:00+00:00,217.34000000000006,217.45000000000005,216.64000000000004,217.06000000000006,1242
2026-05-21T16:25:00+00:00,217.06000000000006,217.33000000000004,216.78000000000006,217.31000000000006,1241
2026-05-21T16:30:00+00:00,217.31000000000006,217.61000000000004,217.20000000000005,217.38000000000005,1251
2026-05-21T16:35:00+00:00,217.38000000000005,217.51000000000005,216.99000000000007,217.21000000000006,1151
2026-05-21T16:40:00+00:00,217.21000000000006,217.44000000000005,217.11000000000004,217.23000000000005,985
2026-05-21T16:45:00+00:00,217.23000000000005,217.30000000000007,216.75000000000006,217.08000000000004,1036
2026-05-21T16:50:00+00:00,217.08000000000004,217.25000000000006,216.70000000000005,217.21000000000006,1004
2026-05-21T16:55:00+00:00,217.21000000000006,217.96000000000006,217.16000000000005,217.91000000000005,986
2026-05-21T17:00:00+00:00,217.91000000000005,218.34000000000006,217.71000000000006,217.81000000000006,1119
2026-05-21T17:05:00+00:00,217.81000000000006,218.12000000000006,217.77000000000007,217.89000000000004,827
2026-05-21T17:10:00+00:00,217.89000000000004,218.68000000000006,217.87000000000006,218.44000000000005,2312
2026-05-21T17:15:00+00:00,218.44000000000005,219.46000000000006,218.36000000000004,219.32000000000005,2423
2026-05-21T17:20:00+00:00,219.32000000000005,220.14000000000004,219.11000000000004,219.38000000000005,2167
2026-05-21T17:25:00+00:00,219.38000000000005,219.59000000000006,218.87000000000006,218.87000000000006,1623
2026-05-21T17:30:00+00:00,218.87000000000006,219.45000000000005,218.87000000000006,219.23000000000005,1455
2026-05-21T17:35:00+00:00,219.23000000000005,219.60000000000005,219.12000000000006,219.23000000000005,1270
2026-05-21T17:40:00+00:00,219.23000000000005,219.60000000000005,218.83000000000004,219.48000000000005,1345
2026-05-21T17:45:00+00:00,219.48000000000005,219.48000000000005,218.94000000000005,219.21000000000006,1282
2026-05-21T17:50:00+00:00,219.21000000000006,219.60000000000005,219.00000000000006,219.52000000000007,1187
2026-05-21T17:55:00+00:00,219.52000000000007,219.62000000000006,218.64000000000004,218.68000000000006,1456
2026-05-21T18:00:00+00:00,218.68000000000006,219.24000000000007,218.64000000000004,218.86000000000004,1634
2026-05-21T18:05:00+00:00,218.86000000000004,219.14000000000004,218.77000000000007,218.80000000000007,1416
2026-05-21T18:10:00+00:00,218.80000000000007,218.85000000000005,217.83000000000004,217.86000000000004,1508
2026-05-21T18:15:00+00:00,217.86000000000004,218.00000000000006,217.55000000000007,217.92000000000004,1411
2026-05-21T18:20:00+00:00,217.92000000000004,218.11000000000004,217.62000000000006,218.08000000000004,1289
2026-05-21T18:25:00+00:00,218.08000000000004,218.25000000000006,217.97000000000006,218.00000000000006,1253
2026-05-21T18:30:00+00:00,218.00000000000006,218.12000000000006,217.53000000000006,217.69000000000005,1144
2026-05-21T18:35:00+00:00,217.69000000000005,217.72000000000006,217.46000000000006,217.55000000000007,968
2026-05-21T18:40:00+00:00,217.55000000000007,218.02000000000007,217.54000000000005,217.67000000000004,1024
2026-05-21T18:45:00+00:00,217.67000000000004,217.89000000000004,217.12000000000006,217.39000000000004,1523
2026-05-21T18:50:00+00:00,217.39000000000004,217.51000000000005,216.43000000000006,216.43000000000006,2148
2026-05-21T18:55:00+00:00,216.43000000000006,216.94000000000005,216.39000000000004,216.84000000000006,2254
2026-05-21T19:00:00+00:00,216.84000000000006,217.24000000000007,216.81000000000006,217.22000000000006,1720
2026-05-21T19:05:00+00:00,217.22000000000006,217.40000000000006,216.65000000000006,217.39000000000004,1479
2026-05-21T19:10:00+00:00,217.39000000000004,217.65000000000006,217.14000000000004,217.64000000000004,1339
2026-05-21T19:15:00+00:00,217.64000000000004,217.95000000000005,217.49000000000007,217.79000000000005,1177
2026-05-21T19:20:00+00:00,217.79000000000005,217.97000000000006,217.62000000000006,217.91000000000005,1087
2026-05-21T19:25:00+00:00,217.91000000000005,218.22000000000006,217.81000000000006,218.10000000000005,1022
2026-05-21T19:30:00+00:00,218.10000000000005,218.40000000000006,217.89000000000004,217.99000000000007,1085
2026-05-21T19:35:00+00:00,217.99000000000007,218.31000000000006,217.96000000000006,218.03000000000006,973
2026-05-21T19:40:00+00:00,218.03000000000006,218.24000000000007,217.74000000000007,217.78000000000006,1457
2026-05-21T19:45:00+00:00,217.78000000000006,217.84000000000006,217.37000000000006,217.61000000000004,1339
2026-05-21T19:50:00+00:00,217.61000000000004,218.02000000000007,217.23000000000005,217.59000000000006,1959
2026-05-21T19:55:00+00:00,217.59000000000006,217.59000000000006,216.96000000000006,217.26000000000005,2696
2026-05-22T13:30:00+00:00,217.26000000000005,218.68000000000006,216.05000000000007,217.64000000000004,2703
2026-05-22T13:35:00+00:00,217.64000000000004,218.29000000000005,216.99000000000007,218.26000000000005,2638
2026-05-22T13:40:00+00:00,218.26000000000005,218.52000000000007,216.56000000000006,216.95000000000005,2757
2026-05-22T13:45:00+00:00,216.95000000000005,217.24000000000007,215.57000000000005,215.97000000000006,2658
2026-05-22T13:50:00+00:00,215.97000000000006,216.33000000000004,215.30000000000007,216.11000000000004,2681
2026-05-22T13:55:00+00:00,216.11000000000004,216.20000000000005,214.97000000000006,215.66000000000005,2144
2026-05-22T14:00:00+00:00,215.66000000000005,215.66000000000005,214.09000000000006,214.14000000000004,2718
2026-05-22T14:05:00+00:00,214.14000000000004,214.63000000000005,213.25000000000006,214.54000000000005,2976
2026-05-22T14:10:00+00:00,214.54000000000005,214.94000000000005,214.08000000000004,214.32000000000005,2407
2026-05-22T14:15:00+00:00,214.32000000000005,214.60000000000005,213.68000000000006,213.87000000000006,2313
2026-05-22T14:20:00+00:00,213.87000000000006,214.03000000000006,212.93000000000006,213.78000000000006,2398
2026-05-22T14:25:00+00:00,213.78000000000006,214.36000000000004,213.64000000000004,214.09000000000006,2189
2026-05-22T14:30:00+00:00,214.09000000000006,214.54000000000005,213.78000000000006,214.23000000000005,1793
2026-05-22T14:35:00+00:00,214.23000000000005,214.62000000000006,213.90000000000006,214.51000000000005,1678
2026-05-22T14:40:00+00:00,214.51000000000005,214.89000000000004,214.51000000000005,214.61000000000004,1601
2026-05-22T14:45:00+00:00,214.61000000000004,215.13000000000005,214.17000000000004,214.87000000000006,1610
2026-05-22T14:50:00+00:00,214.87000000000006,215.19000000000005,214.66000000000005,215.08000000000004,1444
2026-05-22T14:55:00+00:00,215.08000000000004,215.18000000000006,214.65000000000006,214.95000000000005,1506.844044746655
2026-05-22T15:00:00+00:00,214.95000000000005,215.46000000000004,214.83000000000004,215.10000000000005,1398
2026-05-22T15:05:00+00:00,215.10000000000005,215.28000000000006,214.82000000000005,215.17000000000004,1278
2026-05-22T15:10:00+00:00,215.17000000000004,215.35000000000005,214.82000000000005,215.22000000000006,1291
2026-05-22T15:15:00+00:00,215.22000000000006,215.55000000000004,215.10000000000005,215.21000000000004,1126
2026-05-22T15:20:00+00:00,215.21000000000004,215.73000000000005,215.11000000000004,215.71000000000004,1125
2026-05-22T15:25:00+00:00,215.71000000000004,216.05000000000004,215.58000000000004,215.91000000000005,1230
2026-05-22T15:30:00+00:00,215.91000000000005,215.99000000000004,215.60000000000005,215.71000000000004,1226
2026-05-22T15:35:00+00:00,215.71000000000004,216.08000000000004,215.64000000000004,215.69000000000005,956
2026-05-22T15:40:00+00:00,215.69000000000005,215.73000000000005,215.20000000000005,215.26000000000005,941
2026-05-22T15:45:00+00:00,215.26000000000005,215.27000000000004,214.60000000000005,214.68000000000004,991
2026-05-22T15:50:00+00:00,214.68000000000004,215.37000000000003,214.62000000000003,215.25000000000006,909
2026-05-22T15:55:00+00:00,215.25000000000006,215.46000000000004,215.03000000000006,215.06000000000003,835
2026-05-22T16:00:00+00:00,215.06000000000003,215.32000000000005,214.70000000000005,214.74000000000004,1005
2026-05-22T16:05:00+00:00,214.74000000000004,214.86000000000004,214.47000000000006,214.85000000000005,1013
2026-05-22T16:10:00+00:00,214.85000000000005,215.16000000000005,214.73000000000005,214.99000000000004,842
2026-05-22T16:15:00+00:00,214.99000000000004,215.02000000000004,214.54000000000005,214.60000000000005,1054
2026-05-22T16:20:00+00:00,214.60000000000005,214.89000000000004,214.57000000000005,214.69000000000005,900
2026-05-22T16:25:00+00:00,214.69000000000005,214.96000000000004,214.66000000000005,214.87000000000003,817
2026-05-22T16:30:00+00:00,214.87000000000003,214.96000000000004,214.61000000000004,214.66000000000005,832
2026-05-22T16:35:00+00:00,214.66000000000005,214.78000000000006,214.26000000000005,214.32000000000005,859
2026-05-22T16:40:00+00:00,214.32000000000005,214.45000000000005,214.16000000000005,214.31000000000003,911
2026-05-22T16:45:00+00:00,214.31000000000003,214.63000000000005,214.29000000000005,214.37000000000003,818
2026-05-22T16:50:00+00:00,214.37000000000003,214.64000000000004,214.29000000000005,214.56000000000003,709
2026-05-22T16:55:00+00:00,214.56000000000003,214.89000000000004,214.49000000000004,214.85000000000005,720
2026-05-22T17:00:00+00:00,214.85000000000005,215.23000000000005,214.85000000000005,215.12000000000003,697
2026-05-22T17:05:00+00:00,215.12000000000003,215.58000000000004,215.12000000000003,215.48000000000005,769
2026-05-22T17:10:00+00:00,215.48000000000005,215.52000000000004,215.23000000000005,215.38000000000005,752
2026-05-22T17:15:00+00:00,215.38000000000005,215.74000000000004,215.19000000000005,215.24000000000004,780
2026-05-22T17:20:00+00:00,215.24000000000004,215.98000000000005,215.18000000000004,215.96000000000004,1024
2026-05-22T17:25:00+00:00,215.96000000000004,216.24000000000004,215.67000000000004,215.97000000000006,1365
2026-05-22T17:30:00+00:00,215.97000000000006,216.03000000000006,215.08000000000004,215.11000000000004,1408
2026-05-22T17:35:00+00:00,215.11000000000004,215.16000000000005,214.71000000000004,214.80000000000004,1018
2026-05-22T17:40:00+00:00,214.80000000000004,214.81000000000003,214.53000000000006,214.57000000000005,786
2026-05-22T17:45:00+00:00,214.57000000000005,214.66000000000005,214.20000000000005,214.34000000000003,836
2026-05-22T17:50:00+00:00,214.34000000000003,214.40000000000003,213.48000000000005,213.59000000000003,1186
2026-05-22T17:55:00+00:00,213.59000000000003,214.08000000000004,213.55000000000004,213.94000000000005,974
2026-05-22T18:00:00+00:00,213.94000000000005,214.03000000000006,213.51000000000005,213.70000000000005,953
2026-05-22T18:05:00+00:00,213.70000000000005,214.09000000000003,213.63000000000005,214.03000000000006,801
2026-05-22T18:10:00+00:00,214.03000000000006,214.15000000000003,213.79000000000005,213.99000000000004,595
2026-05-22T18:15:00+00:00,213.99000000000004,214.01000000000005,213.46000000000004,213.46000000000004,738
2026-05-22T18:20:00+00:00,213.46000000000004,213.58000000000004,213.20000000000005,213.58000000000004,833
2026-05-22T18:25:00+00:00,213.58000000000004,213.85000000000005,213.49000000000004,213.79000000000005,669
2026-05-22T18:30:00+00:00,213.79000000000005,213.83000000000004,213.47000000000006,213.53000000000006,643
2026-05-22T18:35:00+00:00,213.53000000000006,213.53000000000006,213.18000000000004,213.35000000000005,909
2026-05-22T18:40:00+00:00,213.35000000000005,213.85000000000005,213.33000000000004,213.74000000000004,797
2026-05-22T18:45:00+00:00,213.74000000000004,213.89000000000004,213.64000000000004,213.65000000000003,627
2026-05-22T18:50:00+00:00,213.65000000000003,213.96000000000004,213.49000000000004,213.74000000000004,826
2026-05-22T18:55:00+00:00,213.74000000000004,213.85000000000005,213.55000000000004,213.73000000000005,726
2026-05-22T19:00:00+00:00,213.73000000000005,214.07000000000005,213.39000000000004,213.55000000000004,1091
2026-05-22T19:05:00+00:00,213.55000000000004,213.77000000000004,213.30000000000004,213.39000000000004,1112
2026-05-22T19:10:00+00:00,213.39000000000004,213.40000000000003,212.91000000000005,212.95000000000005,1036
2026-05-22T19:15:00+00:00,212.95000000000005,213.05000000000004,212.59000000000003,212.90000000000003,1130
2026-05-22T19:20:00+00:00,212.90000000000003,213.25000000000006,212.72000000000006,213.11000000000004,1097
2026-05-22T19:25:00+00:00,213.11000000000004,213.34000000000003,212.97000000000006,213.07000000000005,1136
2026-05-22T19:30:00+00:00,213.07000000000005,213.38000000000005,212.87000000000003,213.34000000000003,1245
2026-05-22T19:35:00+00:00,213.34000000000003,213.51000000000005,213.17000000000004,213.22000000000006,988
2026-05-22T19:40:00+00:00,213.22000000000006,213.34000000000003,213.08000000000004,213.25000000000006,1062
2026-05-22T19:45:00+00:00,213.25000000000006,213.34000000000003,213.00000000000006,213.32000000000005,1260
2026-05-22T19:50:00+00:00,213.32000000000005,213.69000000000005,213.22000000000006,213.31000000000003,1673
2026-05-22T19:55:00+00:00,213.31000000000003,213.39000000000004,212.95000000000005,212.99000000000004,1679
2026-05-26T13:30:00+00:00,212.99000000000004,215.20000000000005,212.58000000000004,214.01000000000005,2649
2026-05-26T13:35:00+00:00,214.01000000000005,214.34000000000003,213.08000000000004,213.16000000000005,2769
2026-05-26T13:40:00+00:00,213.16000000000005,214.22000000000006,212.97000000000006,214.17000000000004,2656
2026-05-26T13:45:00+00:00,214.17000000000004,214.77000000000004,213.56000000000003,214.71000000000004,2599
2026-05-26T13:50:00+00:00,214.71000000000004,214.74000000000004,212.63000000000005,213.49000000000004,2712
2026-05-26T13:55:00+00:00,213.49000000000004,213.52000000000004,212.92000000000004,213.08000000000004,1703
2026-05-26T14:00:00+00:00,213.08000000000004,213.53000000000006,212.02000000000004,213.12000000000003,2018
2026-05-26T14:05:00+00:00,213.12000000000003,213.35000000000005,212.60000000000005,212.64000000000004,1820
2026-05-26T14:10:00+00:00,212.64000000000004,214.03000000000006,212.58000000000004,213.95000000000005,1879
2026-05-26T14:15:00+00:00,213.95000000000005,214.09000000000003,213.34000000000003,213.87000000000003,1705
2026-05-26T14:20:00+00:00,213.87000000000003,214.63000000000005,213.76000000000005,214.54000000000005,1803
2026-05-26T14:25:00+00:00,214.54000000000005,215.46000000000004,214.47000000000006,215.34000000000003,1744
2026-05-26T14:30:00+00:00,215.34000000000003,215.92000000000004,214.65000000000003,214.65000000000003,2043
2026-05-26T14:35:00+00:00,214.65000000000003,215.00000000000006,214.21000000000004,214.44000000000005,1681
2026-05-26T14:40:00+00:00,214.44000000000005,215.04000000000005,214.27000000000004,214.88000000000005,1573
2026-05-26T14:45:00+00:00,214.88000000000005,215.47000000000006,214.58000000000004,215.33000000000004,1576
2026-05-26T14:50:00+00:00,215.33000000000004,215.52000000000004,214.10000000000005,214.11000000000004,1426
2026-05-26T14:55:00+00:00,214.11000000000004,214.21000000000004,213.23000000000005,213.28000000000006,1428
2026-05-26T15:00:00+00:00,213.28000000000006,213.64000000000004,212.50000000000006,212.54000000000005,1665
2026-05-26T15:05:00+00:00,212.54000000000005,212.72000000000006,211.82000000000005,211.92000000000004,1933
2026-05-26T15:10:00+00:00,211.92000000000004,212.21000000000004,211.35000000000005,212.16000000000005,1597
2026-05-26T15:15:00+00:00,212.16000000000005,212.43000000000004,211.60000000000005,212.38000000000005,1543
2026-05-26T15:20:00+00:00,212.38000000000005,212.41000000000005,211.92000000000004,212.11000000000004,1502
2026-05-26T15:25:00+00:00,212.11000000000004,212.49000000000004,211.98000000000005,212.17000000000004,1406
2026-05-26T15:30:00+00:00,212.17000000000004,212.48000000000005,211.78000000000006,212.33000000000004,1391
2026-05-26T15:35:00+00:00,212.33000000000004,212.51000000000005,211.79000000000005,212.08000000000004,1349
2026-05-26T15:40:00+00:00,212.08000000000004,212.08000000000004,211.17000000000004,211.22000000000006,1547
2026-05-26T15:45:00+00:00,211.22000000000006,211.54000000000005,211.07000000000005,211.33000000000004,1403
2026-05-26T15:50:00+00:00,211.33000000000004,211.48000000000005,210.40000000000003,210.56000000000003,1641
2026-05-26T15:55:00+00:00,210.56000000000003,211.07000000000005,210.27000000000004,210.94000000000005,1652
2026-05-26T16:00:00+00:00,210.94000000000005,211.40000000000003,210.87000000000003,211.33000000000004,1138
2026-05-26T16:05:00+00:00,211.33000000000004,211.37000000000003,210.57000000000005,210.67000000000004,1130
2026-05-26T16:10:00+00:00,210.67000000000004,210.73000000000005,210.12000000000003,210.15000000000003,1280
2026-05-26T16:15:00+00:00,210.15000000000003,210.40000000000003,209.75000000000006,210.34000000000003,1220
2026-05-26T16:20:00+00:00,210.34000000000003,210.42000000000004,210.10000000000005,210.36000000000004,889
2026-05-26T16:25:00+00:00,210.36000000000004,210.90000000000003,210.34000000000003,210.86000000000004,968
2026-05-26T16:30:00+00:00,210.86000000000004,211.12000000000003,210.82000000000005,211.06000000000003,846
2026-05-26T16:35:00+00:00,211.06000000000003,211.19000000000005,210.87000000000003,211.04000000000005,809
2026-05-26T16:40:00+00:00,211.04000000000005,211.06000000000003,210.63000000000005,210.94000000000005,1024
2026-05-26T16:45:00+00:00,210.94000000000005,211.34000000000003,210.88000000000005,210.91000000000005,1080
2026-05-26T16:50:00+00:00,210.91000000000005,211.62000000000003,210.90000000000003,211.60000000000005,945
2026-05-26T16:55:00+00:00,211.60000000000005,211.69000000000005,211.20000000000005,211.37000000000003,761
2026-05-26T17:00:00+00:00,211.37000000000003,211.87000000000003,211.33000000000004,211.69000000000005,689
2026-05-26T17:05:00+00:00,211.69000000000005,211.80000000000004,211.37000000000003,211.63000000000005,724
2026-05-26T17:10:00+00:00,211.63000000000005,211.66000000000005,211.47000000000006,211.60000000000005,571
2026-05-26T17:15:00+00:00,211.60000000000005,211.63000000000005,211.16000000000005,211.18000000000004,747
2026-05-26T17:20:00+00:00,211.18000000000004,211.51000000000005,211.02000000000004,211.22000000000006,914
2026-05-26T17:25:00+00:00,211.22000000000006,211.58000000000004,211.15000000000003,211.37000000000003,734
2026-05-26T17:30:00+00:00,211.37000000000003,211.54000000000005,211.16000000000005,211.44000000000005,680
2026-05-26T17:35:00+00:00,211.44000000000005,211.46000000000004,210.72000000000006,210.74000000000004,797
2026-05-26T17:40:00+00:00,210.74000000000004,211.23000000000005,210.65000000000003,211.17000000000004,668
2026-05-26T17:45:00+00:00,211.17000000000004,211.54000000000005,211.15000000000003,211.48000000000005,547
2026-05-26T17:50:00+00:00,211.48000000000005,211.63000000000005,211.28000000000006,211.30000000000004,508
2026-05-26T17:55:00+00:00,211.30000000000004,211.38000000000005,210.71000000000004,210.84000000000003,678
2026-05-26T18:00:00+00:00,210.84000000000003,211.08000000000004,210.65000000000003,210.95000000000005,857
2026-05-26T18:05:00+00:00,210.95000000000005,211.43000000000004,210.89000000000004,211.35000000000005,630
2026-05-26T18:10:00+00:00,211.35000000000005,211.66000000000005,211.34000000000003,211.50000000000006,667
2026-05-26T18:15:00+00:00,211.50000000000006,212.17000000000004,211.44000000000005,212.15000000000003,708
2026-05-26T18:20:00+00:00,212.15000000000003,212.20000000000005,211.77000000000004,211.87000000000003,693
2026-05-26T18:25:00+00:00,211.87000000000003,212.05000000000004,211.52000000000004,211.65000000000003,701
2026-05-26T18:30:00+00:00,211.65000000000003,211.78000000000006,211.25000000000006,211.40000000000003,680
2026-05-26T18:35:00+00:00,211.40000000000003,211.54000000000005,211.29000000000005,211.41000000000005,720
2026-05-26T18:40:00+00:00,211.41000000000005,211.43000000000004,211.05000000000004,211.13000000000005,800
2026-05-26T18:45:00+00:00,211.13000000000005,211.33000000000004,210.95000000000005,211.06000000000003,723
2026-05-26T18:50:00+00:00,211.06000000000003,211.41000000000005,210.96000000000004,211.18000000000004,753
2026-05-26T18:55:00+00:00,211.18000000000004,211.36000000000004,210.88000000000005,211.01000000000005,755
2026-05-26T19:00:00+00:00,211.01000000000005,211.41000000000005,210.89000000000004,211.37000000000003,881
2026-05-26T19:05:00+00:00,211.37000000000003,211.38000000000005,210.89000000000004,210.92000000000004,796
2026-05-26T19:10:00+00:00,210.92000000000004,211.10000000000005,210.59000000000003,210.76000000000005,953
2026-05-26T19:15:00+00:00,210.76000000000005,211.12000000000003,210.70000000000005,210.94000000000005,844
2026-05-26T19:20:00+00:00,210.94000000000005,211.19000000000005,210.90000000000003,211.13000000000005,739
2026-05-26T19:25:00+00:00,211.13000000000005,211.44000000000005,211.10000000000005,211.39000000000004,851
2026-05-26T19:30:00+00:00,211.39000000000004,211.50000000000006,211.26000000000005,211.43000000000004,877
2026-05-26T19:35:00+00:00,211.43000000000004,211.68000000000004,211.20000000000005,211.66000000000005,705
2026-05-26T19:40:00+00:00,211.66000000000005,212.31000000000003,211.61000000000004,212.01000000000005,1080
2026-05-26T19:45:00+00:00,212.01000000000005,212.15000000000003,211.78000000000006,211.89000000000004,1097
2026-05-26T19:50:00+00:00,211.89000000000004,212.20000000000005,211.77000000000004,212.10000000000005,1314
2026-05-26T19:55:00+00:00,212.10000000000005,212.63000000000005,212.10000000000005,212.59000000000003,1339
2026-05-27T13:30:00+00:00,212.59000000000003,212.59000000000003,208.60000000000005,209.66000000000005,2733
2026-05-27T13:35:00+00:00,209.66000000000005,210.50000000000006,209.66000000000005,209.70000000000005,3538
2026-05-27T13:40:00+00:00,209.70000000000005,210.04000000000005,208.46000000000004,208.64000000000004,2936
2026-05-27T13:45:00+00:00,208.64000000000004,209.48000000000005,208.28000000000006,208.62000000000003,3005
2026-05-27T13:50:00+00:00,208.62000000000003,209.73000000000005,208.50000000000006,208.71000000000004,2568
2026-05-27T13:55:00+00:00,208.71000000000004,209.46000000000004,208.04000000000005,209.07000000000005,2501
2026-05-27T14:00:00+00:00,209.07000000000005,209.36000000000004,208.49000000000004,208.88000000000005,2260
2026-05-27T14:05:00+00:00,208.88000000000005,208.94000000000005,208.11000000000004,208.65000000000003,1970
2026-05-27T14:10:00+00:00,208.65000000000003,208.79000000000005,208.05000000000004,208.49000000000004,1982
2026-05-27T14:15:00+00:00,208.49000000000004,208.54000000000005,207.91000000000005,208.03000000000006,1984
2026-05-27T14:20:00+00:00,208.03000000000006,208.38000000000005,207.60000000000005,208.06000000000003,2565
2026-05-27T14:25:00+00:00,208.06000000000003,208.06000000000003,207.23000000000005,207.66000000000005,2532
2026-05-27T14:30:00+00:00,207.66000000000005,207.91000000000005,207.08000000000004,207.57000000000005,2364
2026-05-27T14:35:00+00:00,207.57000000000005,207.91000000000005,207.35000000000005,207.47000000000006,1844
2026-05-27T14:40:00+00:00,207.47000000000006,207.77000000000004,207.08000000000004,207.18000000000004,1765
2026-05-27T14:45:00+00:00,207.18000000000004,207.65000000000003,207.05000000000004,207.46000000000004,1658
2026-05-27T14:50:00+00:00,207.46000000000004,208.14000000000004,207.44000000000005,207.87000000000003,1679
2026-05-27T14:55:00+00:00,207.87000000000003,207.95000000000005,206.71000000000004,206.73000000000002,1871.332010273173
2026-05-27T15:00:00+00:00,206.73000000000002,207.26000000000002,206.52000000000004,206.99000000000004,1850
2026-05-27T15:05:00+00:00,206.99000000000004,207.39000000000001,206.87000000000003,207.33,1458
2026-05-27T15:10:00+00:00,207.33,207.51000000000002,207.13000000000002,207.23000000000002,1311
2026-05-27T15:15:00+00:00,207.23000000000002,207.25000000000003,206.82000000000002,206.91000000000003,1514
2026-05-27T15:20:00+00:00,206.91000000000003,207.20000000000002,206.78000000000003,207.11,1532
2026-05-27T15:25:00+00:00,207.11,207.58,207.08,207.53000000000003,1421
2026-05-27T15:30:00+00:00,207.53000000000003,207.94000000000003,207.49000000000004,207.85000000000002,1417
2026-05-27T15:35:00+00:00,207.85000000000002,207.96000000000004,207.20000000000002,207.23000000000002,1327
2026-05-27T15:40:00+00:00,207.23000000000002,207.45000000000002,207.07000000000002,207.36,1283
2026-05-27T15:45:00+00:00,207.36,207.72000000000003,207.09000000000003,207.25000000000003,1361
2026-05-27T15:50:00+00:00,207.25000000000003,207.69000000000003,207.16000000000003,207.47000000000003,1186
2026-05-27T15:55:00+00:00,207.47000000000003,207.83,207.44000000000003,207.56000000000003,1149
2026-05-27T16:00:00+00:00,207.56000000000003,207.89000000000001,207.31000000000003,207.79000000000002,1161
2026-05-27T16:05:00+00:00,207.79000000000002,208.53000000000003,207.79000000000002,208.52000000000004,1128
2026-05-27T16:10:00+00:00,208.52000000000004,208.81000000000003,208.49000000000004,208.65000000000003,1094
2026-05-27T16:15:00+00:00,208.65000000000003,208.77000000000004,208.13000000000002,208.33,940
2026-05-27T16:20:00+00:00,208.33,208.82000000000002,208.27000000000004,208.61,894
2026-05-27T16:25:00+00:00,208.61,208.64000000000001,208.34000000000003,208.43000000000004,870
2026-05-27T16:30:00+00:00,208.43000000000004,208.46000000000004,208.05,208.15000000000003,830
2026-05-27T16:35:00+00:00,208.15000000000003,208.8,208.08,208.8,812
2026-05-27T16:40:00+00:00,208.8,209.37000000000003,208.69000000000003,209.33,990
2026-05-27T16:45:00+00:00,209.33,209.79000000000002,209.33,209.79000000000002,1045
2026-05-27T16:50:00+00:00,209.79000000000002,209.86,209.10000000000002,209.22000000000003,943
2026-05-27T16:55:00+00:00,209.22000000000003,209.39000000000001,208.98000000000002,209.35000000000002,825
2026-05-27T17:00:00+00:00,209.35000000000002,209.46000000000004,209.05,209.07000000000002,749
2026-05-27T17:05:00+00:00,209.07000000000002,209.23000000000002,208.47000000000003,208.51000000000002,1210
2026-05-27T17:10:00+00:00,208.51000000000002,208.99000000000004,208.51000000000002,208.75000000000003,1082
2026-05-27T17:15:00+00:00,208.75000000000003,209.22000000000003,208.71000000000004,209.17000000000002,812
2026-05-27T17:20:00+00:00,209.17000000000002,209.55,209.06000000000003,209.49000000000004,723
2026-05-27T17:25:00+00:00,209.49000000000004,209.81000000000003,209.46000000000004,209.73000000000002,776
2026-05-27T17:30:00+00:00,209.73000000000002,210.32000000000002,209.69000000000003,210.25000000000003,845
2026-05-27T17:35:00+00:00,210.25000000000003,210.3,209.96000000000004,210.09000000000003,919
2026-05-27T17:40:00+00:00,210.09000000000003,210.25000000000003,209.54000000000002,209.57000000000002,993
2026-05-27T17:45:00+00:00,209.57000000000002,210.41000000000003,209.52000000000004,210.14000000000001,913
2026-05-27T17:50:00+00:00,210.14000000000001,210.32000000000002,210.06000000000003,210.17000000000002,743
2026-05-27T17:55:00+00:00,210.17000000000002,210.38000000000002,210.01000000000002,210.01000000000002,842
2026-05-27T18:00:00+00:00,210.01000000000002,210.34000000000003,209.86,210.27000000000004,855
2026-05-27T18:05:00+00:00,210.27000000000004,210.74000000000004,210.02000000000004,210.56000000000003,873
2026-05-27T18:10:00+00:00,210.56000000000003,210.63000000000002,210.35000000000002,210.60000000000002,691
2026-05-27T18:15:00+00:00,210.60000000000002,210.68000000000004,210.44000000000003,210.54000000000002,693
2026-05-27T18:20:00+00:00,210.54000000000002,210.82000000000002,210.44000000000003,210.75000000000003,799
2026-05-27T18:25:00+00:00,210.75000000000003,211.03000000000003,210.64000000000001,210.92000000000002,766
2026-05-27T18:30:00+00:00,210.92000000000002,211.06000000000003,210.67000000000002,210.94000000000003,772
2026-05-27T18:35:00+00:00,210.94000000000003,210.99000000000004,210.45000000000002,210.74000000000004,858
2026-05-27T18:40:00+00:00,210.74000000000004,210.85000000000002,210.64000000000001,210.68000000000004,613
2026-05-27T18:45:00+00:00,210.68000000000004,210.99000000000004,210.64000000000001,210.74000000000004,663
2026-05-27T18:50:00+00:00,210.74000000000004,210.93000000000004,210.62000000000003,210.77000000000004,611
2026-05-27T18:55:00+00:00,210.77000000000004,210.90000000000003,210.49000000000004,210.55,800
2026-05-27T19:00:00+00:00,210.55,210.87000000000003,210.29000000000002,210.77000000000004,831
2026-05-27T19:05:00+00:00,210.77000000000004,211.03000000000003,210.60000000000002,210.72000000000003,771
2026-05-27T19:10:00+00:00,210.72000000000003,210.73000000000002,210.50000000000003,210.64000000000001,712
2026-05-27T19:15:00+00:00,210.64000000000001,210.66000000000003,210.12000000000003,210.16000000000003,845
2026-05-27T19:20:00+00:00,210.16000000000003,210.21000000000004,209.90000000000003,210.08,783
2026-05-27T19:25:00+00:00,210.08,210.25000000000003,209.86,210.20000000000002,828
2026-05-27T19:30:00+00:00,210.20000000000002,210.25000000000003,209.90000000000003,209.90000000000003,930
2026-05-27T19:35:00+00:00,209.90000000000003,210.55,209.90000000000003,210.45000000000002,729
2026-05-27T19:40:00+00:00,210.45000000000002,210.82000000000002,210.38000000000002,210.8,776
2026-05-27T19:45:00+00:00,210.8,210.99000000000004,210.61,210.61,808
2026-05-27T19:50:00+00:00,210.61,210.61,209.92000000000002,210.07000000000002,1282
2026-05-27T19:55:00+00:00,210.07000000000002,210.51000000000002,209.98000000000002,210.37000000000003,2020
2026-05-28T13:30:00+00:00,210.37000000000003,211.52000000000004,208.94000000000003,210.98000000000002,2225
2026-05-28T13:35:00+00:00,210.98000000000002,211.97000000000003,209.93000000000004,211.83,2883
2026-05-28T13:40:00+00:00,211.83,212.00000000000003,210.66000000000003,210.96000000000004,2707
2026-05-28T13:45:00+00:00,210.96000000000004,211.14000000000001,209.44000000000003,209.64000000000001,2441
2026-05-28T13:50:00+00:00,209.64000000000001,210.49000000000004,209.54000000000002,210.06000000000003,2260
2026-05-28T13:55:00+00:00,210.06000000000003,210.65000000000003,209.95000000000002,210.55,1597
2026-05-28T14:00:00+00:00,210.55,211.17000000000002,210.44000000000003,211.06000000000003,1943
2026-05-28T14:05:00+00:00,211.06000000000003,211.21000000000004,210.61,210.69000000000003,1650
2026-05-28T14:10:00+00:00,210.69000000000003,211.26000000000002,209.87000000000003,211.08,2918
2026-05-28T14:15:00+00:00,211.08,212.02000000000004,210.49000000000004,211.42000000000002,2163
2026-05-28T14:20:00+00:00,211.42000000000002,211.49000000000004,209.91000000000003,210.19000000000003,1824
2026-05-28T14:25:00+00:00,210.19000000000003,210.50000000000003,210.05,210.17000000000002,1543
2026-05-28T14:30:00+00:00,210.17000000000002,210.39000000000001,209.44000000000003,209.49000000000004,1616
2026-05-28T14:35:00+00:00,209.49000000000004,209.86,209.44000000000003,209.70000000000002,1507
2026-05-28T14:40:00+00:00,209.70000000000002,209.95000000000002,209.45000000000002,209.77000000000004,1282
2026-05-28T14:45:00+00:00,209.77000000000004,209.87000000000003,209.25000000000003,209.64000000000001,1709
2026-05-28T14:50:00+00:00,209.64000000000001,210.16000000000003,209.52000000000004,210.06000000000003,1043
2026-05-28T14:55:00+00:00,210.06000000000003,210.12000000000003,209.69000000000003,210.01000000000002,1006
2026-05-28T15:00:00+00:00,210.01000000000002,210.51000000000002,209.96000000000004,210.19000000000003,1100
2026-05-28T15:05:00+00:00,210.19000000000003,210.32000000000002,209.82000000000002,210.21000000000004,1175
2026-05-28T15:10:00+00:00,210.21000000000004,210.37000000000003,209.98000000000002,210.04000000000002,952
2026-05-28T15:15:00+00:00,210.04000000000002,210.21000000000004,209.89000000000001,210.10000000000002,960
2026-05-28T15:20:00+00:00,210.10000000000002,210.83,210.04000000000002,210.52000000000004,949
2026-05-28T15:25:00+00:00,210.52000000000004,210.87000000000003,210.40000000000003,210.40000000000003,998
2026-05-28T15:30:00+00:00,210.40000000000003,210.74000000000004,210.33,210.62000000000003,920
2026-05-28T15:35:00+00:00,210.62000000000003,210.63000000000002,210.17000000000002,210.44000000000003,946
2026-05-28T15:40:00+00:00,210.44000000000003,210.89000000000001,210.39000000000001,210.71000000000004,805
2026-05-28T15:45:00+00:00,210.71000000000004,210.71000000000004,210.40000000000003,210.54000000000002,798
2026-05-28T15:50:00+00:00,210.54000000000002,211.05,210.36,210.36,809
2026-05-28T15:55:00+00:00,210.36,210.36,210.00000000000003,210.00000000000003,727
2026-05-28T16:00:00+00:00,210.00000000000003,210.26000000000002,209.84000000000003,210.13000000000002,842
2026-05-28T16:05:00+00:00,210.13000000000002,210.32000000000002,209.93000000000004,210.00000000000003,746
2026-05-28T16:10:00+00:00,210.00000000000003,210.45000000000002,209.93000000000004,210.40000000000003,655
2026-05-28T16:15:00+00:00,210.40000000000003,210.90000000000003,210.22000000000003,210.81000000000003,776
2026-05-28T16:20:00+00:00,210.81000000000003,211.05,210.72000000000003,211.00000000000003,798
2026-05-28T16:25:00+00:00,211.00000000000003,211.04000000000002,210.70000000000002,210.74000000000004,626
2026-05-28T16:30:00+00:00,210.74000000000004,210.78000000000003,210.18000000000004,210.35000000000002,736
2026-05-28T16:35:00+00:00,210.35000000000002,210.86,210.33,210.75000000000003,567
2026-05-28T16:40:00+00:00,210.75000000000003,211.43000000000004,210.64000000000001,211.35000000000002,745
2026-05-28T16:45:00+00:00,211.35000000000002,211.64000000000001,210.95000000000002,210.98000000000002,788
2026-05-28T16:50:00+00:00,210.98000000000002,211.56000000000003,210.88000000000002,211.28000000000003,724
2026-05-28T16:55:00+00:00,211.28000000000003,211.41000000000003,211.24000000000004,211.36,458
2026-05-28T17:00:00+00:00,211.36,211.69000000000003,211.32000000000002,211.47000000000003,685
2026-05-28T17:05:00+00:00,211.47000000000003,211.68000000000004,211.09000000000003,211.13000000000002,670
2026-05-28T17:10:00+00:00,211.13000000000002,211.40000000000003,211.00000000000003,211.28000000000003,462
2026-05-28T17:15:00+00:00,211.28000000000003,211.44000000000003,211.00000000000003,211.01000000000002,517
2026-05-28T17:20:00+00:00,211.01000000000002,211.28000000000003,211.00000000000003,211.19000000000003,573
2026-05-28T17:25:00+00:00,211.19000000000003,211.3,210.91000000000003,210.94000000000003,552
2026-05-28T17:30:00+00:00,210.94000000000003,211.26000000000002,210.78000000000003,210.79000000000002,583
2026-05-28T17:35:00+00:00,210.79000000000002,211.17000000000002,210.69000000000003,211.11,601
2026-05-28T17:40:00+00:00,211.11,211.40000000000003,210.99000000000004,211.27000000000004,599
2026-05-28T17:45:00+00:00,211.27000000000004,211.94000000000003,211.13000000000002,211.90000000000003,611
2026-05-28T17:50:00+00:00,211.90000000000003,213.25000000000003,211.88000000000002,213.12000000000003,1109
2026-05-28T17:55:00+00:00,213.12000000000003,213.20000000000002,212.55,212.82000000000002,1057
2026-05-28T18:00:00+00:00,212.82000000000002,213.09000000000003,212.65000000000003,213.04000000000002,855
2026-05-28T18:05:00+00:00,213.04000000000002,213.11,212.61,212.70000000000002,762
2026-05-28T18:10:00+00:00,212.70000000000002,212.74000000000004,211.95000000000002,212.10000000000002,988
2026-05-28T18:15:00+00:00,212.10000000000002,212.40000000000003,211.98000000000002,212.28000000000003,898
2026-05-28T18:20:00+00:00,212.28000000000003,212.42000000000002,212.04000000000002,212.41000000000003,558
2026-05-28T18:25:00+00:00,212.41000000000003,212.53000000000003,211.91000000000003,212.11,684
2026-05-28T18:30:00+00:00,212.11,212.29000000000002,211.91000000000003,212.22000000000003,734
2026-05-28T18:35:00+00:00,212.22000000000003,212.28000000000003,212.04000000000002,212.11,665
2026-05-28T18:40:00+00:00,212.11,212.60000000000002,212.07000000000002,212.49000000000004,661
2026-05-28T18:45:00+00:00,212.49000000000004,212.61,212.10000000000002,212.3,815
2026-05-28T18:50:00+00:00,212.3,212.39000000000001,212.07000000000002,212.35000000000002,739
2026-05-28T18:55:00+00:00,212.35000000000002,212.46000000000004,212.09000000000003,212.11,696
2026-05-28T19:00:00+00:00,212.11,212.17000000000002,211.59000000000003,211.83,906
2026-05-28T19:05:00+00:00,211.83,212.27000000000004,211.81000000000003,212.23000000000002,618
2026-05-28T19:10:00+00:00,212.23000000000002,212.32000000000002,211.92000000000002,211.96000000000004,593
2026-05-28T19:15:00+00:00,211.96000000000004,212.03000000000003,211.73000000000002,211.86,754
2026-05-28T19:20:00+00:00,211.86,211.89000000000001,211.65000000000003,211.68000000000004,608
2026-05-28T19:25:00+00:00,211.68000000000004,211.95000000000002,211.64000000000001,211.84000000000003,565
2026-05-28T19:30:00+00:00,211.84000000000003,212.00000000000003,211.58,211.82000000000002,689
2026-05-28T19:35:00+00:00,211.82000000000002,212.14000000000001,211.77000000000004,212.13000000000002,539
2026-05-28T19:40:00+00:00,212.13000000000002,212.18000000000004,211.8,211.96000000000004,628
2026-05-28T19:45:00+00:00,211.96000000000004,212.24000000000004,211.91000000000003,211.92000000000002,543
2026-05-28T19:50:00+00:00,211.92000000000002,212.00000000000003,211.51000000000002,211.63000000000002,1286
2026-05-28T19:55:00+00:00,211.63000000000002,212.13000000000002,211.53000000000003,212.02000000000004,1162
2026-05-29T13:30:00+00:00,212.02000000000004,212.95000000000002,210.56000000000003,211.00000000000003,2401
2026-05-29T13:35:00+00:00,211.00000000000003,211.57000000000002,210.59000000000003,211.57000000000002,2368
2026-05-29T13:40:00+00:00,211.57000000000002,213.89000000000001,211.39000000000001,213.76000000000002,2408
2026-05-29T13:45:00+00:00,213.76000000000002,214.13000000000002,212.79000000000002,214.03000000000003,2292
2026-05-29T13:50:00+00:00,214.03000000000003,214.14000000000001,213.39000000000001,213.45000000000002,1937
2026-05-29T13:55:00+00:00,213.45000000000002,214.87000000000003,213.3,214.84000000000003,2032
2026-05-29T14:00:00+00:00,214.84000000000003,215.00000000000003,213.61,213.89000000000001,2370
2026-05-29T14:05:00+00:00,213.89000000000001,214.83,213.81000000000003,213.87000000000003,1883
2026-05-29T14:10:00+00:00,213.87000000000003,214.58,213.53000000000003,213.99000000000004,1916
2026-05-29T14:15:00+00:00,213.99000000000004,214.43000000000004,213.68000000000004,214.16000000000003,2018
2026-05-29T14:20:00+00:00,214.16000000000003,215.06000000000003,213.8,213.8,2147
2026-05-29T14:25:00+00:00,213.8,213.89000000000001,212.76000000000002,213.65000000000003,2655
2026-05-29T14:30:00+00:00,213.65000000000003,214.07000000000002,213.40000000000003,214.05,1945
2026-05-29T14:35:00+00:00,214.05,214.16000000000003,212.65000000000003,212.78000000000003,2206
2026-05-29T14:40:00+00:00,212.78000000000003,213.07000000000002,212.11,212.21000000000004,2380
2026-05-29T14:45:00+00:00,212.21000000000004,213.52000000000004,212.10000000000002,213.02000000000004,2291
2026-05-29T14:50:00+00:00,213.02000000000004,213.64000000000001,212.61,212.71000000000004,2368
2026-05-29T14:55:00+00:00,212.71000000000004,213.08,212.63000000000002,212.97000000000003,1807.8043048283885
2026-05-29T15:00:00+00:00,212.97000000000003,213.34000000000003,212.85000000000002,213.09000000000003,1606
2026-05-29T15:05:00+00:00,213.09000000000003,213.8,212.68,213.70000000000002,1676
2026-05-29T15:10:00+00:00,213.70000000000002,214.81000000000003,213.51000000000002,214.76000000000002,1455
2026-05-29T15:15:00+00:00,214.76000000000002,214.79000000000002,213.24,213.27,1519
2026-05-29T15:20:00+00:00,213.27,213.28000000000003,212.71,213.18,1440
2026-05-29T15:25:00+00:00,213.18,213.52,212.81000000000003,213.20000000000002,1344
2026-05-29T15:30:00+00:00,213.20000000000002,213.58,213.16000000000003,213.17000000000002,1197
2026-05-29T15:35:00+00:00,213.17000000000002,213.51000000000002,212.94000000000003,213.38000000000002,1063
2026-05-29T15:40:00+00:00,213.38000000000002,213.43,212.75000000000003,212.85000000000002,1028
2026-05-29T15:45:00+00:00,212.85000000000002,213.03000000000003,212.59000000000003,213.01000000000002,1054
2026-05-29T15:50:00+00:00,213.01000000000002,213.41000000000003,212.88000000000002,213.15,878
2026-05-29T15:55:00+00:00,213.15,213.19000000000003,212.81000000000003,212.82000000000002,870
2026-05-29T16:00:00+00:00,212.82000000000002,213.64000000000001,212.81000000000003,213.54000000000002,909
2026-05-29T16:05:00+00:00,213.54000000000002,213.82000000000002,213.41000000000003,213.76000000000002,938
2026-05-29T16:10:00+00:00,213.76000000000002,214.92000000000002,213.71,214.46,1174
2026-05-29T16:15:00+00:00,214.46,214.58,213.89000000000001,213.99,962
2026-05-29T16:20:00+00:00,213.99,214.18,213.87,213.94000000000003,693
2026-05-29T16:25:00+00:00,213.94000000000003,213.96,213.68,213.8,692
2026-05-29T16:30:00+00:00,213.8,214.32000000000002,213.59000000000003,214.07000000000002,1087
2026-05-29T16:35:00+00:00,214.07000000000002,215.02,214.04000000000002,215.01000000000002,937
2026-05-29T16:40:00+00:00,215.01000000000002,215.32000000000002,214.82000000000002,214.88000000000002,1038
2026-05-29T16:45:00+00:00,214.88000000000002,215.05,214.51000000000002,214.58,840
2026-05-29T16:50:00+00:00,214.58,214.69000000000003,214.32000000000002,214.41000000000003,628
2026-05-29T16:55:00+00:00,214.41000000000003,214.47000000000003,214.09000000000003,214.43,686
2026-05-29T17:00:00+00:00,214.43,214.70000000000002,214.32000000000002,214.43,728
2026-05-29T17:05:00+00:00,214.43,214.69000000000003,214.12,214.58,541
2026-05-29T17:10:00+00:00,214.58,214.86,214.53000000000003,214.58,569
2026-05-29T17:15:00+00:00,214.58,214.70000000000002,214.38000000000002,214.39000000000001,582
2026-05-29T17:20:00+00:00,214.39000000000001,214.41000000000003,213.95000000000002,214.22000000000003,876
2026-05-29T17:25:00+00:00,214.22000000000003,214.3,213.94000000000003,214.08,541
2026-05-29T17:30:00+00:00,214.08,214.11,213.79000000000002,214.08,659
2026-05-29T17:35:00+00:00,214.08,214.11,213.86,213.94000000000003,575
2026-05-29T17:40:00+00:00,213.94000000000003,214.03000000000003,213.79000000000002,213.95000000000002,631
2026-05-29T17:45:00+00:00,213.95000000000002,214.02,213.8,213.92000000000002,543
2026-05-29T17:50:00+00:00,213.92000000000002,214.17000000000002,213.73000000000002,214.04000000000002,558
2026-05-29T17:55:00+00:00,214.04000000000002,214.06000000000003,213.21,213.3,947
2026-05-29T18:00:00+00:00,213.3,213.60000000000002,213.09000000000003,213.54000000000002,1100
2026-05-29T18:05:00+00:00,213.54000000000002,213.70000000000002,213.39000000000001,213.66000000000003,827
2026-05-29T18:10:00+00:00,213.66000000000003,213.87,213.32000000000002,213.4,609
2026-05-29T18:15:00+00:00,213.4,214.13000000000002,213.39000000000001,214.10000000000002,681
2026-05-29T18:20:00+00:00,214.10000000000002,214.41000000000003,213.97000000000003,214.39000000000001,711
2026-05-29T18:25:00+00:00,214.39000000000001,214.84000000000003,214.16000000000003,214.78000000000003,732
2026-05-29T18:30:00+00:00,214.78000000000003,215.28000000000003,214.67000000000002,214.75000000000003,1162
2026-05-29T18:35:00+00:00,214.75000000000003,214.77,214.25000000000003,214.50000000000003,974
2026-05-29T18:40:00+00:00,214.50000000000003,215.17000000000002,214.48000000000002,215.12,841
2026-05-29T18:45:00+00:00,215.12,215.14000000000001,214.53000000000003,214.84000000000003,1386
2026-05-29T18:50:00+00:00,214.84000000000003,214.94000000000003,214.49,214.69000000000003,965
2026-05-29T18:55:00+00:00,214.69000000000003,214.73000000000002,214.32000000000002,214.52,811
2026-05-29T19:00:00+00:00,214.52,215.02,214.47000000000003,214.9,986
2026-05-29T19:05:00+00:00,214.9,215.28000000000003,214.82000000000002,215.21,773
2026-05-29T19:10:00+00:00,215.21,215.63000000000002,215.09000000000003,215.41000000000003,895
2026-05-29T19:15:00+00:00,215.41000000000003,215.53000000000003,214.79000000000002,215.06000000000003,899
2026-05-29T19:20:00+00:00,215.06000000000003,215.19000000000003,214.87,214.92000000000002,788
2026-05-29T19:25:00+00:00,214.92000000000002,214.97000000000003,214.62,214.81000000000003,670
2026-05-29T19:30:00+00:00,214.81000000000003,214.94000000000003,214.67000000000002,214.76000000000002,693
2026-05-29T19:35:00+00:00,214.76000000000002,215.17000000000002,214.72000000000003,215.12,781
2026-05-29T19:40:00+00:00,215.12,215.26000000000002,214.88000000000002,214.91000000000003,954
2026-05-29T19:45:00+00:00,214.91000000000003,214.96,214.46,214.67000000000002,991
2026-05-29T19:50:00+00:00,214.67000000000002,214.70000000000002,210.11,210.23000000000002,3973
2026-05-29T19:55:00+00:00,210.23000000000002,210.84000000000003,208.97000000000003,209.22000000000003,3570
2026-06-01T13:30:00+00:00,209.22000000000003,217.87,209.22000000000003,215.78000000000003,3479
2026-06-01T13:35:00+00:00,215.78000000000003,218.54000000000002,215.68,217.98000000000002,3597
2026-06-01T13:40:00+00:00,217.98000000000002,218.3,216.56000000000003,216.87,2698
2026-06-01T13:45:00+00:00,216.87,218.13000000000002,216.66000000000003,217.99,2680
2026-06-01T13:50:00+00:00,217.99,218.65,217.26000000000002,217.3,2693
2026-06-01T13:55:00+00:00,217.3,217.71,216.85000000000002,216.96,1953
2026-06-01T14:00:00+00:00,216.96,217.07000000000002,216.37,216.84000000000003,2172
2026-06-01T14:05:00+00:00,216.84000000000003,218.27,216.82000000000002,218.18,2112
2026-06-01T14:10:00+00:00,218.18,218.74,217.43,218.43,2035
2026-06-01T14:15:00+00:00,218.43,219.21,218.33,218.85000000000002,2336
2026-06-01T14:20:00+00:00,218.85000000000002,219.98000000000002,218.64000000000001,219.60000000000002,2180
2026-06-01T14:25:00+00:00,219.60000000000002,219.92000000000002,219.02,219.18,1951
2026-06-01T14:30:00+00:00,219.18,219.56000000000003,218.95000000000002,219.53000000000003,1820
2026-06-01T14:35:00+00:00,219.53000000000003,219.89000000000001,218.21,218.72000000000003,1947
2026-06-01T14:40:00+00:00,218.72000000000003,218.87,218.06000000000003,218.25000000000003,1715
2026-06-01T14:45:00+00:00,218.25000000000003,218.71,218.04000000000002,218.29000000000002,1497
2026-06-01T14:50:00+00:00,218.29000000000002,218.3,217.81000000000003,217.94000000000003,1604
2026-06-01T14:55:00+00:00,217.94000000000003,218.01000000000002,217.11,217.42000000000002,1523
2026-06-01T15:00:00+00:00,217.42000000000002,217.67000000000002,216.82000000000002,217.11,1516
2026-06-01T15:05:00+00:00,217.11,217.46,216.96,217.14000000000001,1632
2026-06-01T15:10:00+00:00,217.14000000000001,217.4,216.86,216.91000000000003,1482
2026-06-01T15:15:00+00:00,216.91000000000003,217.42000000000002,216.81000000000003,217.42000000000002,1466
2026-06-01T15:20:00+00:00,217.42000000000002,218.09000000000003,217.17000000000002,217.35000000000002,1469
2026-06-01T15:25:00+00:00,217.35000000000002,217.60000000000002,217.17000000000002,217.23000000000002,1235
2026-06-01T15:30:00+00:00,217.23000000000002,217.79000000000002,217.15,217.75000000000003,2175
2026-06-01T15:35:00+00:00,217.75000000000003,218.34000000000003,217.62,218.33,1543
2026-06-01T15:40:00+00:00,218.33,218.47000000000003,217.79000000000002,217.91000000000003,1277
2026-06-01T15:45:00+00:00,217.91000000000003,218.11,217.75000000000003,217.88000000000002,934
2026-06-01T15:50:00+00:00,217.88000000000002,218.11,217.64000000000001,217.87,876
2026-06-01T15:55:00+00:00,217.87,217.91000000000003,217.37,217.47000000000003,822
2026-06-01T16:00:00+00:00,217.47000000000003,218.36,217.42000000000002,218.05,1057
2026-06-01T16:05:00+00:00,218.05,218.33,217.9,218.21,900
2026-06-01T16:10:00+00:00,218.21,218.23000000000002,217.78000000000003,218.22000000000003,1126
2026-06-01T16:15:00+00:00,218.22000000000003,218.89000000000001,218.18,218.66000000000003,1205
2026-06-01T16:20:00+00:00,218.66000000000003,219.20000000000002,218.57000000000002,219.09000000000003,1003
2026-06-01T16:25:00+00:00,219.09000000000003,220.17000000000002,219.07000000000002,219.75000000000003,1313
2026-06-01T16:30:00+00:00,219.75000000000003,220.19000000000003,219.45000000000002,219.95000000000002,1565
2026-06-01T16:35:00+00:00,219.95000000000002,219.98000000000002,218.82000000000002,219.58,1334
2026-06-01T16:40:00+00:00,219.58,219.66000000000003,218.95000000000002,219.29000000000002,854
2026-06-01T16:45:00+00:00,219.29000000000002,219.47000000000003,219.05,219.09000000000003,1003
2026-06-01T16:50:00+00:00,219.09000000000003,219.68,218.97000000000003,219.65,1198
2026-06-01T16:55:00+00:00,219.65,220.15,219.61,219.89000000000001,1124
2026-06-01T17:00:00+00:00,219.89000000000001,220.05,219.46,219.49,1241
2026-06-01T17:05:00+00:00,219.49,219.76000000000002,219.3,219.43,867
2026-06-01T17:10:00+00:00,219.43,219.72000000000003,219.37,219.50000000000003,869
2026-06-01T17:15:00+00:00,219.50000000000003,219.55,219.16000000000003,219.42000000000002,672
2026-06-01T17:20:00+00:00,219.42000000000002,219.74,219.31000000000003,219.62,624
2026-06-01T17:25:00+00:00,219.62,219.79000000000002,219.31000000000003,219.77,854
2026-06-01T17:30:00+00:00,219.77,220.02,219.34000000000003,219.53000000000003,1340
2026-06-01T17:35:00+00:00,219.53000000000003,220.67000000000002,219.49,220.50000000000003,1119
2026-06-01T17:40:00+00:00,220.50000000000003,221.18,220.46,220.93,1571
2026-06-01T17:45:00+00:00,220.93,221.10000000000002,220.67000000000002,220.78000000000003,1171
2026-06-01T17:50:00+00:00,220.78000000000003,221.72000000000003,220.71,221.72000000000003,1010
2026-06-01T17:55:00+00:00,221.72000000000003,221.84000000000003,221.23000000000002,221.35000000000002,1078
2026-06-01T18:00:00+00:00,221.35000000000002,222.23000000000002,221.21,221.79000000000002,1137
2026-06-01T18:05:00+00:00,221.79000000000002,222.26000000000002,221.61,221.82000000000002,1312
2026-06-01T18:10:00+00:00,221.82000000000002,221.91000000000003,220.89000000000001,221.02,1067
2026-06-01T18:15:00+00:00,221.02,222.14000000000001,220.95000000000002,222.09000000000003,918
2026-06-01T18:20:00+00:00,222.09000000000003,222.41000000000003,222.03000000000003,222.12,924
2026-06-01T18:25:00+00:00,222.12,222.46,222.08,222.42000000000002,813
2026-06-01T18:30:00+00:00,222.42000000000002,222.50000000000003,222.02,222.20000000000002,811
2026-06-01T18:35:00+00:00,222.20000000000002,222.60000000000002,221.96,222.05,923
2026-06-01T18:40:00+00:00,222.05,222.36,221.84000000000003,222.35000000000002,814
2026-06-01T18:45:00+00:00,222.35000000000002,222.58,221.77,221.83,892
2026-06-01T18:50:00+00:00,221.83,221.93,221.63000000000002,221.68,664
2026-06-01T18:55:00+00:00,221.68,222.08,221.58,221.8,737
2026-06-01T19:00:00+00:00,221.8,222.35000000000002,221.77,222.35000000000002,914
2026-06-01T19:05:00+00:00,222.35000000000002,222.47000000000003,222.03000000000003,222.31000000000003,823
2026-06-01T19:10:00+00:00,222.31000000000003,222.67000000000002,222.12,222.51000000000002,818
2026-06-01T19:15:00+00:00,222.51000000000002,222.53000000000003,221.71,221.73000000000002,1001
2026-06-01T19:20:00+00:00,221.73000000000002,222.12,221.67000000000002,221.72000000000003,908
2026-06-01T19:25:00+00:00,221.72000000000003,222.01000000000002,221.48000000000002,221.81000000000003,821
2026-06-01T19:30:00+00:00,221.81000000000003,221.86,221.08,221.14000000000001,1072
2026-06-01T19:35:00+00:00,221.14000000000001,221.60000000000002,220.98000000000002,221.57000000000002,983
2026-06-01T19:40:00+00:00,221.57000000000002,221.70000000000002,221.33,221.37,933
2026-06-01T19:45:00+00:00,221.37,221.51000000000002,220.67000000000002,220.73000000000002,1044
2026-06-01T19:50:00+00:00,220.73000000000002,221.45000000000002,220.20000000000002,221.35000000000002,1700
2026-06-01T19:55:00+00:00,221.35000000000002,222.24,220.94000000000003,222.20000000000002,1978
2026-06-02T13:30:00+00:00,222.20000000000002,225.28000000000003,222.20000000000002,224.19000000000003,2903
2026-06-02T13:35:00+00:00,224.19000000000003,225.23000000000002,223.06000000000003,223.99,3018
2026-06-02T13:40:00+00:00,223.99,224.57000000000002,222.86,224.37,2485
2026-06-02T13:45:00+00:00,224.37,227.72000000000003,224.23000000000002,227.69000000000003,3090
2026-06-02T13:50:00+00:00,227.69000000000003,229.33,227.68,228.55,3275
2026-06-02T13:55:00+00:00,228.55,230.08,228.05,229.18,2651
2026-06-02T14:00:00+00:00,229.18,229.45000000000002,227.84000000000003,228.18,2533
2026-06-02T14:05:00+00:00,228.18,228.37,227.04000000000002,227.19000000000003,2414
2026-06-02T14:10:00+00:00,227.19000000000003,227.98000000000002,226.88000000000002,227.56000000000003,2152
2026-06-02T14:15:00+00:00,227.56000000000003,227.89000000000001,226.97000000000003,227.39000000000001,2026
2026-06-02T14:20:00+00:00,227.39000000000001,227.46,226.59000000000003,227.17000000000002,1965
2026-06-02T14:25:00+00:00,227.17000000000002,227.18,226.14000000000001,226.27,2134
2026-06-02T14:30:00+00:00,226.27,226.77,226.03000000000003,226.09000000000003,1786
2026-06-02T14:35:00+00:00,226.09000000000003,226.12,225.17000000000002,225.50000000000003,1821
2026-06-02T14:40:00+00:00,225.50000000000003,225.50000000000003,224.65,224.81000000000003,1821
2026-06-02T14:45:00+00:00,224.81000000000003,225.16000000000003,224.15,224.52,1920
2026-06-02T14:50:00+00:00,224.52,224.76000000000002,224.10000000000002,224.76000000000002,1692
2026-06-02T14:55:00+00:00,224.76000000000002,224.81000000000003,223.16000000000003,223.93,1743
2026-06-02T15:00:00+00:00,223.93,224.33,223.8,224.31000000000003,1562
2026-06-02T15:05:00+00:00,224.31000000000003,224.78000000000003,224.10000000000002,224.60000000000002,1531
2026-06-02T15:10:00+00:00,224.60000000000002,224.94000000000003,224.03000000000003,224.53000000000003,1493
2026-06-02T15:15:00+00:00,224.53000000000003,224.72000000000003,224.16000000000003,224.43,1187
2026-06-02T15:20:00+00:00,224.43,224.61,223.60000000000002,223.84000000000003,1057
2026-06-02T15:25:00+00:00,223.84000000000003,224.01000000000002,223.47000000000003,223.71,1175
2026-06-02T15:30:00+00:00,223.71,224.03000000000003,223.50000000000003,223.76000000000002,1198
2026-06-02T15:35:00+00:00,223.76000000000002,224.68,223.63000000000002,224.36,1138
2026-06-02T15:40:00+00:00,224.36,224.4,223.17000000000002,223.34000000000003,1058
2026-06-02T15:45:00+00:00,223.34000000000003,223.81000000000003,222.99,223.07000000000002,1137
2026-06-02T15:50:00+00:00,223.07000000000002,223.42000000000002,222.53000000000003,222.73000000000002,1216
2026-06-02T15:55:00+00:00,222.73000000000002,223.33,222.73000000000002,223.26000000000002,922
2026-06-02T16:00:00+00:00,223.26000000000002,223.39000000000001,222.97000000000003,223.07000000000002,1080
2026-06-02T16:05:00+00:00,223.07000000000002,223.76000000000002,222.99,223.25000000000003,1115
2026-06-02T16:10:00+00:00,223.25000000000003,223.62,223.11,223.44000000000003,808
2026-06-02T16:15:00+00:00,223.44000000000003,223.45000000000002,222.75000000000003,222.76000000000002,931
2026-06-02T16:20:00+00:00,222.76000000000002,222.79000000000002,221.96,222.36,1273
2026-06-02T16:25:00+00:00,222.36,222.77,221.99,222.64000000000001,960
2026-06-02T16:30:00+00:00,222.64000000000001,223.37,222.48000000000002,223.24,851
2026-06-02T16:35:00+00:00,223.24,223.32000000000002,222.76000000000002,222.81000000000003,888
2026-06-02T16:40:00+00:00,222.81000000000003,223.06000000000003,222.53000000000003,222.93,799
2026-06-02T16:45:00+00:00,222.93,223.00000000000003,222.4,222.54000000000002,748
2026-06-02T16:50:00+00:00,222.54000000000002,222.98000000000002,222.33,222.8,728
2026-06-02T16:55:00+00:00,222.8,223.15,222.49,223.09000000000003,839
2026-06-02T17:00:00+00:00,223.09000000000003,223.35000000000002,222.71,223.24,942
2026-06-02T17:05:00+00:00,223.24,223.3,222.93,223.13000000000002,774
2026-06-02T17:10:00+00:00,223.13000000000002,223.43,222.96,223.25000000000003,676
2026-06-02T17:15:00+00:00,223.25000000000003,223.29000000000002,222.20000000000002,222.3,903
2026-06-02T17:20:00+00:00,222.3,222.59000000000003,221.85000000000002,221.92000000000002,1077
2026-06-02T17:25:00+00:00,221.92000000000002,222.10000000000002,221.68,221.98000000000002,983
2026-06-02T17:30:00+00:00,221.98000000000002,222.02,221.44000000000003,221.50000000000003,941
2026-06-02T17:35:00+00:00,221.50000000000003,221.57000000000002,220.72000000000003,220.78000000000003,1168
2026-06-02T17:40:00+00:00,220.78000000000003,221.10000000000002,220.69000000000003,220.8,1036
2026-06-02T17:45:00+00:00,220.8,221.00000000000003,220.65,220.75000000000003,861
2026-06-02T17:50:00+00:00,220.75000000000003,220.91000000000003,220.38000000000002,220.60000000000002,803
2026-06-02T17:55:00+00:00,220.60000000000002,221.00000000000003,220.48000000000002,220.97000000000003,821
2026-06-02T18:00:00+00:00,220.97000000000003,221.23000000000002,220.89000000000001,220.89000000000001,875
2026-06-02T18:05:00+00:00,220.89000000000001,221.44000000000003,220.86,221.39000000000001,710
2026-06-02T18:10:00+00:00,221.39000000000001,221.42000000000002,221.06000000000003,221.07000000000002,677
2026-06-02T18:15:00+00:00,221.07000000000002,221.09000000000003,220.81000000000003,220.96,620
2026-06-02T18:20:00+00:00,220.96,220.99,220.56000000000003,220.57000000000002,617
2026-06-02T18:25:00+00:00,220.57000000000002,220.87,220.38000000000002,220.76000000000002,701
2026-06-02T18:30:00+00:00,220.76000000000002,220.99,220.39000000000001,220.46,749
2026-06-02T18:35:00+00:00,220.46,220.49,219.70000000000002,219.77,902
2026-06-02T18:40:00+00:00,219.77,220.26000000000002,219.70000000000002,220.17000000000002,869
2026-06-02T18:45:00+00:00,220.17000000000002,220.33,220.09000000000003,220.25000000000003,765
2026-06-02T18:50:00+00:00,220.25000000000003,220.36,220.08,220.34000000000003,639
2026-06-02T18:55:00+00:00,220.34000000000003,220.48000000000002,220.25000000000003,220.42000000000002,569
2026-06-02T19:00:00+00:00,220.42000000000002,221.09000000000003,220.42000000000002,220.94000000000003,806
2026-06-02T19:05:00+00:00,220.94000000000003,220.99,220.63000000000002,220.69000000000003,638
2026-06-02T19:10:00+00:00,220.69000000000003,221.04000000000002,220.61,220.77,699
2026-06-02T19:15:00+00:00,220.77,220.77,220.53000000000003,220.62,591
2026-06-02T19:20:00+00:00,220.62,221.27,220.61,221.10000000000002,658
2026-06-02T19:25:00+00:00,221.10000000000002,221.14000000000001,220.39000000000001,220.45000000000002,694
2026-06-02T19:30:00+00:00,220.45000000000002,220.60000000000002,220.17000000000002,220.31000000000003,757
2026-06-02T19:35:00+00:00,220.31000000000003,220.48000000000002,220.05,220.3,735
2026-06-02T19:40:00+00:00,220.3,220.39000000000001,219.73000000000002,219.73000000000002,822
2026-06-02T19:45:00+00:00,219.73000000000002,219.8,219.16000000000003,219.75000000000003,1287
2026-06-02T19:50:00+00:00,219.75000000000003,220.32000000000002,219.64000000000001,220.31000000000003,1621
2026-06-02T19:55:00+00:00,220.31000000000003,220.74,220.19000000000003,220.64000000000001,1912
2026-06-03T13:30:00+00:00,220.64000000000001,220.64000000000001,217.81000000000003,217.83,2581
2026-06-03T13:35:00+00:00,217.83,218.02,216.81000000000003,217.25000000000003,3129
2026-06-03T13:40:00+00:00,217.25000000000003,217.55,215.83,215.88000000000002,2445
2026-06-03T13:45:00+00:00,215.88000000000002,215.93,214.44000000000003,214.65,3366
2026-06-03T13:50:00+00:00,214.65,215.25000000000003,213.85000000000002,214.67000000000002,3303
2026-06-03T13:55:00+00:00,214.67000000000002,215.41000000000003,214.45000000000002,215.03000000000003,2263
2026-06-03T14:00:00+00:00,215.03000000000003,215.39000000000001,214.17000000000002,214.25000000000003,2365
2026-06-03T14:05:00+00:00,214.25000000000003,214.60000000000002,213.70000000000002,214.24,2655
2026-06-03T14:10:00+00:00,214.24,214.55,213.85000000000002,214.11,2176
2026-06-03T14:15:00+00:00,214.11,214.58,213.62,214.02,2485
2026-06-03T14:20:00+00:00,214.02,214.29000000000002,213.20000000000002,213.58,2190
2026-06-03T14:25:00+00:00,213.58,214.02,213.39000000000001,213.95000000000002,1800
2026-06-03T14:30:00+00:00,213.95000000000002,214.10000000000002,212.88000000000002,212.96,1869
2026-06-03T14:35:00+00:00,212.96,213.58,212.39000000000001,213.46,2044
2026-06-03T14:40:00+00:00,213.46,213.89000000000001,213.18,213.20000000000002,1667
2026-06-03T14:45:00+00:00,213.20000000000002,213.64000000000001,212.95000000000002,213.20000000000002,1597
2026-06-03T14:50:00+00:00,213.20000000000002,213.49,212.92000000000002,213.36,1659
2026-06-03T14:55:00+00:00,213.36,213.55,212.97000000000003,213.55,1444.6230993702964
2026-06-03T15:00:00+00:00,213.55,214.3,213.51000000000002,214.13000000000002,1548
2026-06-03T15:05:00+00:00,214.13000000000002,214.51000000000002,214.06000000000003,214.27,1532
2026-06-03T15:10:00+00:00,214.27,214.59000000000003,214.08,214.20000000000002,1394
2026-06-03T15:15:00+00:00,214.20000000000002,214.50000000000003,213.92000000000002,214.33,1312
2026-06-03T15:20:00+00:00,214.33,214.50000000000003,213.61,213.95000000000002,1361
2026-06-03T15:25:00+00:00,213.95000000000002,214.10000000000002,213.58,214.08,1441
2026-06-03T15:30:00+00:00,214.08,214.74,213.95000000000002,214.06000000000003,1282
2026-06-03T15:35:00+00:00,214.06000000000003,214.39000000000001,213.81000000000003,214.31000000000003,1334
2026-06-03T15:40:00+00:00,214.31000000000003,214.70000000000002,214.06000000000003,214.69000000000003,1169
2026-06-03T15:45:00+00:00,214.69000000000003,215.07000000000002,214.66000000000003,214.96,1509
2026-06-03T15:50:00+00:00,214.96,215.34000000000003,214.69000000000003,215.13000000000002,1367
2026-06-03T15:55:00+00:00,215.13000000000002,215.36,214.62,214.75000000000003,1117
2026-06-03T16:00:00+00:00,214.75000000000003,215.02,214.31000000000003,214.46,1295
2026-06-03T16:05:00+00:00,214.46,214.52,213.85000000000002,213.99,1226
2026-06-03T16:10:00+00:00,213.99,214.36,213.87,214.13000000000002,992
2026-06-03T16:15:00+00:00,214.13000000000002,214.37,213.9,214.20000000000002,1125
2026-06-03T16:20:00+00:00,214.20000000000002,214.39000000000001,213.50000000000003,213.54000000000002,1283
2026-06-03T16:25:00+00:00,213.54000000000002,213.59000000000003,213.27,213.44000000000003,1528
2026-06-03T16:30:00+00:00,213.44000000000003,213.67000000000002,213.06000000000003,213.17000000000002,1278
2026-06-03T16:35:00+00:00,213.17000000000002,213.26000000000002,212.94000000000003,212.98000000000002,1089
2026-06-03T16:40:00+00:00,212.98000000000002,213.07000000000002,212.63000000000002,212.97000000000003,1200
2026-06-03T16:45:00+00:00,212.97000000000003,213.42000000000002,212.95000000000002,213.4,1058
2026-06-03T16:50:00+00:00,213.4,213.57000000000002,213.33,213.37,944
2026-06-03T16:55:00+00:00,213.37,213.91000000000003,213.31000000000003,213.88000000000002,849
2026-06-03T17:00:00+00:00,213.88000000000002,213.92000000000002,213.60000000000002,213.64000000000001,966
2026-06-03T17:05:00+00:00,213.64000000000001,213.83,213.4,213.67000000000002,842
2026-06-03T17:10:00+00:00,213.67000000000002,213.73000000000002,213.17000000000002,213.21,841
2026-06-03T17:15:00+00:00,213.21,213.22000000000003,212.96,213.10000000000002,806
2026-06-03T17:20:00+00:00,213.10000000000002,213.55,213.08,213.53000000000003,831
2026-06-03T17:25:00+00:00,213.53000000000003,213.75000000000003,213.51000000000002,213.58,659
2026-06-03T17:30:00+00:00,213.58,213.70000000000002,213.39000000000001,213.64000000000001,782
2026-06-03T17:35:00+00:00,213.64000000000001,213.75000000000003,213.42000000000002,213.50000000000003,582
2026-06-03T17:40:00+00:00,213.50000000000003,213.70000000000002,213.38000000000002,213.62,621
2026-06-03T17:45:00+00:00,213.62,213.65,213.3,213.45000000000002,643
2026-06-03T17:50:00+00:00,213.45000000000002,213.63000000000002,213.28000000000003,213.48000000000002,666
2026-06-03T17:55:00+00:00,213.48000000000002,213.57000000000002,213.28000000000003,213.46,548
2026-06-03T18:00:00+00:00,213.46,213.51000000000002,213.22000000000003,213.23000000000002,837
2026-06-03T18:05:00+00:00,213.23000000000002,213.38000000000002,213.04000000000002,213.29000000000002,744
2026-06-03T18:10:00+00:00,213.29000000000002,213.3,213.10000000000002,213.27,728
2026-06-03T18:15:00+00:00,213.27,213.60000000000002,213.05,213.57000000000002,816
2026-06-03T18:20:00+00:00,213.57000000000002,213.81000000000003,213.36,213.79000000000002,812
2026-06-03T18:25:00+00:00,213.79000000000002,213.87,213.67000000000002,213.79000000000002,652
2026-06-03T18:30:00+00:00,213.79000000000002,213.85000000000002,213.57000000000002,213.65,721
2026-06-03T18:35:00+00:00,213.65,213.79000000000002,213.42000000000002,213.60000000000002,809
2026-06-03T18:40:00+00:00,213.60000000000002,213.66000000000003,213.44000000000003,213.57000000000002,666
2026-06-03T18:45:00+00:00,213.57000000000002,213.97000000000003,213.57000000000002,213.8,800
2026-06-03T18:50:00+00:00,213.8,213.94000000000003,213.71,213.75000000000003,742
2026-06-03T18:55:00+00:00,213.75000000000003,213.94000000000003,213.44000000000003,213.92000000000002,730
2026-06-03T19:00:00+00:00,213.92000000000002,214.05,213.36,213.55,945
2026-06-03T19:05:00+00:00,213.55,213.83,213.52,213.66000000000003,686
2026-06-03T19:10:00+00:00,213.66000000000003,213.69000000000003,213.46,213.54000000000002,729
2026-06-03T19:15:00+00:00,213.54000000000002,213.91000000000003,213.43,213.54000000000002,913
2026-06-03T19:20:00+00:00,213.54000000000002,213.69000000000003,213.32000000000002,213.61,688
2026-06-03T19:25:00+00:00,213.61,213.62,212.83,213.11,941
2026-06-03T19:30:00+00:00,213.11,213.35000000000002,212.89000000000001,213.32000000000002,1187
2026-06-03T19:35:00+00:00,213.32000000000002,213.46,213.09000000000003,213.4,806
2026-06-03T19:40:00+00:00,213.4,213.76000000000002,213.34000000000003,213.55,895
2026-06-03T19:45:00+00:00,213.55,213.61,213.34000000000003,213.34000000000003,1029
2026-06-03T19:50:00+00:00,213.34000000000003,213.62,212.93,212.95000000000002,1855
2026-06-03T19:55:00+00:00,212.95000000000002,213.32000000000002,212.32000000000002,212.73000000000002,2868
2026-06-04T13:30:00+00:00,212.73000000000002,212.73000000000002,210.53000000000003,212.36,2616
2026-06-04T13:35:00+00:00,212.36,213.53000000000003,211.69000000000003,212.89000000000001,2964
2026-06-04T13:40:00+00:00,212.89000000000001,213.31000000000003,210.72000000000003,210.76000000000002,2714
2026-06-04T13:45:00+00:00,210.76000000000002,211.62,210.21,210.32000000000002,2799
2026-06-04T13:50:00+00:00,210.32000000000002,211.21,210.16000000000003,210.42000000000002,2763
2026-06-04T13:55:00+00:00,210.42000000000002,210.79000000000002,209.93,210.13000000000002,2760
2026-06-04T14:00:00+00:00,210.13000000000002,210.53000000000003,208.81000000000003,208.89000000000001,2956
2026-06-04T14:05:00+00:00,208.89000000000001,209.91000000000003,208.77,209.71,3114
2026-06-04T14:10:00+00:00,209.71,210.62,209.65,210.51000000000002,2866
2026-06-04T14:15:00+00:00,210.51000000000002,211.10000000000002,210.43,210.56000000000003,2576
2026-06-04T14:20:00+00:00,210.56000000000003,211.32000000000002,210.43,211.26000000000002,2339
2026-06-04T14:25:00+00:00,211.26000000000002,211.44000000000003,211.05,211.28000000000003,2137
2026-06-04T14:30:00+00:00,211.28000000000003,211.66000000000003,211.03000000000003,211.53000000000003,2310
2026-06-04T14:35:00+00:00,211.53000000000003,212.00000000000003,211.42000000000002,211.74,2187
2026-06-04T14:40:00+00:00,211.74,212.43,211.74,212.07000000000002,1886
2026-06-04T14:45:00+00:00,212.07000000000002,212.78000000000003,212.07000000000002,212.63000000000002,1946
2026-06-04T14:50:00+00:00,212.63000000000002,212.67000000000002,212.17000000000002,212.54000000000002,1817
2026-06-04T14:55:00+00:00,212.54000000000002,213.24,212.51000000000002,213.21,1599
2026-06-04T15:00:00+00:00,213.21,213.34000000000003,213.00000000000003,213.26000000000002,1704
2026-06-04T15:05:00+00:00,213.26000000000002,213.75000000000003,213.23000000000002,213.52,1730
2026-06-04T15:10:00+00:00,213.52,213.69000000000003,213.04000000000002,213.67000000000002,1768
2026-06-04T15:15:00+00:00,213.67000000000002,213.8,213.22000000000003,213.61,1567
2026-06-04T15:20:00+00:00,213.61,214.03000000000003,213.4,213.83,1543
2026-06-04T15:25:00+00:00,213.83,213.95000000000002,213.55,213.8,1528
2026-06-04T15:30:00+00:00,213.8,214.28000000000003,213.50000000000003,214.22000000000003,1449
2026-06-04T15:35:00+00:00,214.22000000000003,214.32000000000002,213.85000000000002,213.9,1439
2026-06-04T15:40:00+00:00,213.9,214.61,213.89000000000001,214.47000000000003,1274
2026-06-04T15:45:00+00:00,214.47000000000003,214.54000000000002,213.91000000000003,214.24,1697
2026-06-04T15:50:00+00:00,214.24,215.67000000000002,213.93,215.37,1906
2026-06-04T15:55:00+00:00,215.37,215.53000000000003,214.71,215.43,1769
2026-06-04T16:00:00+00:00,215.43,215.66000000000003,215.09000000000003,215.27,1598
2026-06-04T16:05:00+00:00,215.27,215.62,215.05,215.35000000000002,1575
2026-06-04T16:10:00+00:00,215.35000000000002,215.64000000000001,215.07000000000002,215.58,1273
2026-06-04T16:15:00+00:00,215.58,216.09000000000003,215.43,215.78000000000003,1263
2026-06-04T16:20:00+00:00,215.78000000000003,215.94000000000003,215.49,215.72000000000003,1159
2026-06-04T16:25:00+00:00,215.72000000000003,216.01000000000002,215.36,215.44000000000003,1061
2026-06-04T16:30:00+00:00,215.44000000000003,215.9,215.11,215.78000000000003,1433
2026-06-04T16:35:00+00:00,215.78000000000003,216.00000000000003,215.63000000000002,216.00000000000003,1064
2026-06-04T16:40:00+00:00,216.00000000000003,216.24,215.67000000000002,216.22000000000003,1043
2026-06-04T16:45:00+00:00,216.22000000000003,216.36,215.89000000000001,216.24,1038
2026-06-04T16:50:00+00:00,216.24,216.75000000000003,216.16000000000003,216.3,1120
2026-06-04T16:55:00+00:00,216.3,216.45000000000002,215.95000000000002,216.05,1043
2026-06-04T17:00:00+00:00,216.05,216.48000000000002,215.9,216.05,1144
2026-06-04T17:05:00+00:00,216.05,216.10000000000002,215.78000000000003,215.97000000000003,956
2026-06-04T17:10:00+00:00,215.97000000000003,216.94000000000003,215.91000000000003,216.94000000000003,953
2026-06-04T17:15:00+00:00,216.94000000000003,217.27,216.74,216.78000000000003,1068
2026-06-04T17:20:00+00:00,216.78000000000003,216.81000000000003,216.35000000000002,216.47000000000003,958
2026-06-04T17:25:00+00:00,216.47000000000003,216.84000000000003,216.42000000000002,216.66000000000003,739
2026-06-04T17:30:00+00:00,216.66000000000003,217.55,216.52,216.98000000000002,1077
2026-06-04T17:35:00+00:00,216.98000000000002,217.12,216.66000000000003,216.8,1173
2026-06-04T17:40:00+00:00,216.8,217.24,216.73000000000002,217.13000000000002,894
2026-06-04T17:45:00+00:00,217.13000000000002,217.3,216.94000000000003,217.17000000000002,834
2026-06-04T17:50:00+00:00,217.17000000000002,217.19000000000003,216.95000000000002,217.06000000000003,970
2026-06-04T17:55:00+00:00,217.06000000000003,217.54000000000002,217.01000000000002,217.54000000000002,908
2026-06-04T18:00:00+00:00,217.54000000000002,217.95000000000002,217.53000000000003,217.8,1229
2026-06-04T18:05:00+00:00,217.8,218.13000000000002,217.72000000000003,218.10000000000002,1142
2026-06-04T18:10:00+00:00,218.10000000000002,218.47000000000003,218.02,218.10000000000002,990
2026-06-04T18:15:00+00:00,218.10000000000002,218.46,217.74,218.34000000000003,985
2026-06-04T18:20:00+00:00,218.34000000000003,218.37,217.92000000000002,218.01000000000002,804
2026-06-04T18:25:00+00:00,218.01000000000002,218.74,217.95000000000002,218.55,873
2026-06-04T18:30:00+00:00,218.55,218.67000000000002,217.77,218.06000000000003,1171
2026-06-04T18:35:00+00:00,218.06000000000003,218.09000000000003,217.79000000000002,218.00000000000003,1052
2026-06-04T18:40:00+00:00,218.00000000000003,218.51000000000002,217.86,218.48000000000002,857
2026-06-04T18:45:00+00:00,218.48000000000002,218.58,218.21,218.48000000000002,795
2026-06-04T18:50:00+00:00,218.48000000000002,218.66000000000003,218.42000000000002,218.44000000000003,646
2026-06-04T18:55:00+00:00,218.44000000000003,218.49,217.98000000000002,218.28000000000003,1036
2026-06-04T19:00:00+00:00,218.28000000000003,219.10000000000002,218.28000000000003,219.02,976
2026-06-04T19:05:00+00:00,219.02,219.4,218.81000000000003,219.03000000000003,1069
2026-06-04T19:10:00+00:00,219.03000000000003,219.05,218.50000000000003,218.66000000000003,1052
2026-06-04T19:15:00+00:00,218.66000000000003,218.67000000000002,218.19000000000003,218.25000000000003,1188
2026-06-04T19:20:00+00:00,218.25000000000003,218.27,217.83,217.89000000000001,1017
2026-06-04T19:25:00+00:00,217.89000000000001,218.11,217.78000000000003,218.03000000000003,774
2026-06-04T19:30:00+00:00,218.03000000000003,218.23000000000002,217.87,217.97000000000003,957
2026-06-04T19:35:00+00:00,217.97000000000003,217.98000000000002,217.51000000000002,217.73000000000002,916
2026-06-04T19:40:00+00:00,217.73000000000002,217.86,217.56000000000003,217.75000000000003,1190
2026-06-04T19:45:00+00:00,217.75000000000003,217.77,217.39000000000001,217.56000000000003,1349
2026-06-04T19:50:00+00:00,217.56000000000003,217.60000000000002,216.74,217.11,1978
2026-06-04T19:55:00+00:00,217.11,217.12,216.38000000000002,216.51000000000002,2466
2026-06-05T13:30:00+00:00,216.51000000000002,216.51000000000002,210.66000000000003,212.27,2462
2026-06-05T13:35:00+00:00,212.27,212.27,210.96,211.60000000000002,3125
2026-06-05T13:40:00+00:00,211.60000000000002,211.79000000000002,210.82000000000002,211.14000000000001,3269
2026-06-05T13:45:00+00:00,211.14000000000001,211.35000000000002,210.67000000000002,210.84000000000003,3504
2026-06-05T13:50:00+00:00,210.84000000000003,211.59000000000003,210.76000000000002,211.49,3668
2026-06-05T13:55:00+00:00,211.49,211.57000000000002,209.76000000000002,209.78000000000003,3129
2026-06-05T14:00:00+00:00,209.78000000000003,210.20000000000002,209.52,209.61,3771.1191000244557
2026-06-05T14:05:00+00:00,209.61,210.46,209.54000000000002,210.36,1630.6184915119227
2026-06-05T14:10:00+00:00,210.36,210.39000000000001,209.57000000000002,210.29000000000005,1973.9466867951692
2026-06-05T14:15:00+00:00,210.29000000000005,210.89000000000001,210.23000000000005,210.85000000000002,1916.5269576086791
2026-06-05T14:20:00+00:00,210.85000000000002,210.85000000000002,209.41000000000005,209.78000000000003,2028.3480963336056
2026-06-05T14:25:00+00:00,209.78000000000003,209.78000000000003,208.97000000000003,209.26000000000002,1887.8042297916775
2026-06-05T14:30:00+00:00,209.26000000000002,209.89999999999998,209.18,209.89999999999998,1893.1151711851667
2026-06-05T14:35:00+00:00,209.89999999999998,210.09,209.74999999999997,210.00999999999996,1195.0913238361804
2026-06-05T14:40:00+00:00,210.00999999999996,210.00999999999996,209.04999999999998,209.24999999999997,2219
2026-06-05T14:45:00+00:00,209.24999999999997,209.71999999999997,208.32999999999996,208.38999999999996,1213.3179054947468
2026-06-05T14:50:00+00:00,208.38999999999996,209.14,208.19999999999996,208.95999999999998,1735.943286684139
2026-06-05T14:55:00+00:00,208.95999999999998,209.24999999999997,208.75999999999996,208.92999999999998,1988
2026-06-05T15:00:00+00:00,208.92999999999998,209.06999999999996,208.28999999999996,208.62999999999997,1953.1548811481537
2026-06-05T15:05:00+00:00,208.62999999999997,208.69999999999996,207.91999999999993,208.10999999999993,1640.433656162773
2026-06-05T15:10:00+00:00,208.10999999999993,208.28999999999994,207.48999999999998,207.51999999999995,1668.0912059604968
2026-06-05T15:15:00+00:00,207.51999999999995,207.83999999999995,207.31999999999996,207.70999999999995,1786.7427087415965
2026-06-05T15:20:00+00:00,207.70999999999995,207.74999999999994,206.71999999999997,207.00999999999996,1728.0565212605804
2026-06-05T15:25:00+00:00,207.00999999999996,207.00999999999996,205.18999999999997,205.40999999999997,2028
2026-06-05T15:30:00+00:00,205.40999999999997,205.52999999999997,204.77999999999997,205.11999999999998,2345
2026-06-05T15:35:00+00:00,205.11999999999998,205.26999999999998,204.36999999999998,204.49999999999997,2214
2026-06-05T15:40:00+00:00,204.49999999999997,204.92999999999998,204.23,204.85999999999999,2623
2026-06-05T15:45:00+00:00,204.85999999999999,205.61999999999998,204.73999999999998,205.27999999999997,1969
2026-06-05T15:50:00+00:00,205.27999999999997,205.82999999999998,205.21999999999997,205.77999999999997,1795
2026-06-05T15:55:00+00:00,205.77999999999997,206.07999999999998,205.52999999999997,206.02999999999997,1698
2026-06-05T16:00:00+00:00,206.02999999999997,206.03999999999996,205.35999999999999,205.58999999999997,1969
2026-06-05T16:05:00+00:00,205.58999999999997,205.60999999999999,205.05999999999997,205.07999999999998,1922
2026-06-05T16:10:00+00:00,205.07999999999998,205.67,204.92,205.51999999999998,2270
2026-06-05T16:15:00+00:00,205.51999999999998,205.58999999999997,204.93999999999997,205.05999999999997,2309
2026-06-05T16:20:00+00:00,205.05999999999997,205.81999999999996,204.93999999999997,205.7,2274
2026-06-05T16:25:00+00:00,205.7,205.89,205.40999999999997,205.43999999999997,1779
2026-06-05T16:30:00+00:00,205.43999999999997,205.48,204.46999999999997,204.73999999999998,2269
2026-06-05T16:35:00+00:00,204.73999999999998,204.85999999999999,204.30999999999997,204.39999999999998,2199
2026-06-05T16:40:00+00:00,204.39999999999998,204.50999999999996,203.82999999999998,204.07999999999998,2246
2026-06-05T16:45:00+00:00,204.07999999999998,204.2,203.33999999999997,204.17999999999998,2964
2026-06-05T16:50:00+00:00,204.17999999999998,205.02999999999997,203.85999999999999,205.01999999999998,2579
2026-06-05T16:55:00+00:00,205.01999999999998,205.01999999999998,204.40999999999997,204.82999999999998,2322
2026-06-05T17:00:00+00:00,204.82999999999998,204.84999999999997,204.21999999999997,204.39,2307
2026-06-05T17:05:00+00:00,204.39,204.43999999999997,203.90999999999997,204.03999999999996,2199
2026-06-05T17:10:00+00:00,204.03999999999996,204.14,203.51999999999998,203.90999999999997,2015
2026-06-05T17:15:00+00:00,203.90999999999997,204.00999999999996,203.49999999999997,203.98,2212
2026-06-05T17:20:00+00:00,203.98,204.57999999999998,203.55999999999997,204.42999999999998,2155
2026-06-05T17:25:00+00:00,204.42999999999998,204.61999999999998,204.05999999999997,204.40999999999997,1856
2026-06-05T17:30:00+00:00,204.40999999999997,204.89999999999998,204.21999999999997,204.89,1811
2026-06-05T17:35:00+00:00,204.89,205.49999999999997,204.87999999999997,205.42999999999998,1601
2026-06-05T17:40:00+00:00,205.42999999999998,205.65999999999997,204.46999999999997,204.64999999999998,2144
2026-06-05T17:45:00+00:00,204.64999999999998,204.92,204.29999999999998,204.40999999999997,1968
2026-06-05T17:50:00+00:00,204.40999999999997,204.61999999999998,204.33999999999997,204.56999999999996,1618
2026-06-05T17:55:00+00:00,204.56999999999996,204.81999999999996,204.43999999999997,204.67,1551
2026-06-05T18:00:00+00:00,204.67,204.76999999999998,203.74999999999997,203.76999999999998,1786
2026-06-05T18:05:00+00:00,203.76999999999998,203.89,203.51999999999998,203.55999999999997,1670
2026-06-05T18:10:00+00:00,203.55999999999997,203.70999999999998,203.05999999999997,203.37999999999997,2129
2026-06-05T18:15:00+00:00,203.37999999999997,203.46999999999997,202.78999999999996,202.93999999999997,2677
2026-06-05T18:20:00+00:00,202.93999999999997,203.2,202.71999999999997,202.76999999999998,2303
2026-06-05T18:25:00+00:00,202.76999999999998,202.89,202.48999999999998,202.71999999999997,2368
2026-06-05T18:30:00+00:00,202.71999999999997,202.83999999999997,202.10999999999999,202.23,2238
2026-06-05T18:35:00+00:00,202.23,202.32999999999998,201.55999999999997,202.07999999999998,2329
2026-06-05T18:40:00+00:00,202.07999999999998,202.18999999999997,201.59999999999997,202.11999999999998,2765
2026-06-05T18:45:00+00:00,202.11999999999998,202.24999999999997,201.46999999999997,202.11999999999998,3060
2026-06-05T18:50:00+00:00,202.11999999999998,202.20999999999998,201.39999999999998,201.90999999999997,2851
2026-06-05T18:55:00+00:00,201.90999999999997,202.73999999999998,201.73999999999998,202.61999999999998,3122
2026-06-05T19:00:00+00:00,202.61999999999998,202.82999999999998,202.00999999999996,202.82999999999998,2711
2026-06-05T19:05:00+00:00,202.82999999999998,203.01999999999998,202.2,202.48999999999998,3028
2026-06-05T19:10:00+00:00,202.48999999999998,202.54999999999998,201.52999999999997,201.83999999999997,2871
2026-06-05T19:15:00+00:00,201.83999999999997,201.85999999999999,201.02999999999997,201.60999999999999,3037
2026-06-05T19:20:00+00:00,201.60999999999999,202.30999999999997,201.40999999999997,202.30999999999997,3257
2026-06-05T19:25:00+00:00,202.30999999999997,203.07999999999998,202.29999999999998,203.07999999999998,2882
2026-06-05T19:30:00+00:00,203.07999999999998,203.12999999999997,202.32999999999998,202.77999999999997,3054
2026-06-05T19:35:00+00:00,202.77999999999997,203.45999999999998,202.73,203.39999999999998,2722
2026-06-05T19:40:00+00:00,203.39999999999998,203.42,202.27999999999997,202.76999999999998,3566
2026-06-05T19:45:00+00:00,202.76999999999998,203.23999999999998,202.67,202.75999999999996,2822
2026-06-05T19:50:00+00:00,202.75999999999996,203.45999999999998,202.39,202.87999999999997,3295
2026-06-05T19:55:00+00:00,202.87999999999997,203.07999999999998,201.76999999999998,201.83999999999997,2940
2026-06-08T13:30:00+00:00,201.83999999999997,207.01999999999998,201.83999999999997,205.01999999999998,2920
2026-06-08T13:35:00+00:00,205.01999999999998,206.29999999999998,204.92,205.26999999999998,3057
2026-06-08T13:40:00+00:00,205.26999999999998,206.08999999999997,205.10999999999999,205.55999999999997,3040
2026-06-08T13:45:00+00:00,205.55999999999997,205.89999999999998,204.78999999999996,205.33999999999997,3171
2026-06-08T13:50:00+00:00,205.33999999999997,205.50999999999996,204.74999999999997,204.86999999999998,2846
2026-06-08T13:55:00+00:00,204.86999999999998,204.89999999999998,202.89,202.95,3159
2026-06-08T14:00:00+00:00,202.95,203.67,202.7,203.23,3154
2026-06-08T14:05:00+00:00,203.23,203.95,202.98999999999998,203.7,2855
2026-06-08T14:10:00+00:00,203.7,204.15999999999997,203.36999999999998,203.81999999999996,2686
2026-06-08T14:15:00+00:00,203.81999999999996,203.84999999999997,203.25999999999996,203.76999999999998,2515
2026-06-08T14:20:00+00:00,203.76999999999998,204.18999999999997,203.49999999999997,204.04999999999998,2280
2026-06-08T14:25:00+00:00,204.04999999999998,204.68999999999997,203.70999999999998,204.52999999999997,2357
2026-06-08T14:30:00+00:00,204.52999999999997,204.78999999999996,204.24999999999997,204.77999999999997,2205
2026-06-08T14:35:00+00:00,204.77999999999997,205.39,204.67999999999998,205.14999999999998,2162
2026-06-08T14:40:00+00:00,205.14999999999998,205.18999999999997,204.62999999999997,204.75999999999996,2100
2026-06-08T14:45:00+00:00,204.75999999999996,205.46999999999997,204.73999999999998,205.06999999999996,1858
2026-06-08T14:50:00+00:00,205.06999999999996,205.39999999999998,204.82999999999998,205.05999999999997,1713
2026-06-08T14:55:00+00:00,205.05999999999997,205.39,204.77999999999997,205.23,1577
2026-06-08T15:00:00+00:00,205.23,205.45,205.00999999999996,205.33999999999997,1413
2026-06-08T15:05:00+00:00,205.33999999999997,205.60999999999999,205.27999999999997,205.48,1435
2026-06-08T15:10:00+00:00,205.48,205.57999999999998,205.23999999999998,205.26999999999998,1224
2026-06-08T15:15:00+00:00,205.26999999999998,205.49999999999997,205.12999999999997,205.35999999999999,1434
2026-06-08T15:20:00+00:00,205.35999999999999,205.52999999999997,204.92999999999998,205.27999999999997,1672
2026-06-08T15:25:00+00:00,205.27999999999997,205.27999999999997,204.20999999999998,204.37999999999997,1899
2026-06-08T15:30:00+00:00,204.37999999999997,204.48999999999998,203.85999999999999,204.09999999999997,2193
2026-06-08T15:35:00+00:00,204.09999999999997,204.99999999999997,204.04999999999998,204.95999999999998,2038
2026-06-08T15:40:00+00:00,204.95999999999998,205.36999999999998,204.92,205.36999999999998,1732
2026-06-08T15:45:00+00:00,205.36999999999998,205.95,205.32999999999998,205.54999999999998,1564
2026-06-08T15:50:00+00:00,205.54999999999998,206.04999999999998,205.49999999999997,205.58999999999997,1433
2026-06-08T15:55:00+00:00,205.58999999999997,205.64,204.86999999999998,205.00999999999996,1778
2026-06-08T16:00:00+00:00,205.00999999999996,205.64999999999998,204.84999999999997,205.43999999999997,1634
2026-06-08T16:05:00+00:00,205.43999999999997,205.79999999999998,205.25999999999996,205.52999999999997,1330
2026-06-08T16:10:00+00:00,205.52999999999997,205.84999999999997,205.32999999999998,205.59999999999997,1227
2026-06-08T16:15:00+00:00,205.59999999999997,206.42,205.58999999999997,206.39999999999998,1090
2026-06-08T16:20:00+00:00,206.39999999999998,206.45,205.70999999999998,205.75999999999996,1373
2026-06-08T16:25:00+00:00,205.75999999999996,205.89999999999998,205.17999999999998,205.25999999999996,1402
2026-06-08T16:30:00+00:00,205.25999999999996,205.65999999999997,205.14999999999998,205.18999999999997,1756
2026-06-08T16:35:00+00:00,205.18999999999997,205.49999999999997,204.89999999999998,205.01999999999998,1663
2026-06-08T16:40:00+00:00,205.01999999999998,205.25999999999996,204.92999999999998,205.21999999999997,1502
2026-06-08T16:45:00+00:00,205.21999999999997,205.49999999999997,205.11999999999998,205.25999999999996,1273
2026-06-08T16:50:00+00:00,205.25999999999996,205.53999999999996,205.23999999999998,205.36999999999998,1198
2026-06-08T16:55:00+00:00,205.36999999999998,205.46999999999997,205.25999999999996,205.26999999999998,942
2026-06-08T17:00:00+00:00,205.26999999999998,205.32999999999998,204.54999999999998,204.71999999999997,1999
2026-06-08T17:05:00+00:00,204.71999999999997,205.05999999999997,204.67999999999998,204.95,1517
2026-06-08T17:10:00+00:00,204.95,205.07999999999998,204.58999999999997,205.04999999999998,1668
2026-06-08T17:15:00+00:00,205.04999999999998,205.15999999999997,204.49999999999997,204.52999999999997,1367
2026-06-08T17:20:00+00:00,204.52999999999997,204.7,204.34999999999997,204.57999999999998,1178
2026-06-08T17:25:00+00:00,204.57999999999998,205.33999999999997,204.50999999999996,205.29999999999998,1452
2026-06-08T17:30:00+00:00,205.29999999999998,205.57999999999998,204.74999999999997,205.03999999999996,1554
2026-06-08T17:35:00+00:00,205.03999999999996,205.39999999999998,204.71999999999997,205.37999999999997,1765
2026-06-08T17:40:00+00:00,205.37999999999997,205.42999999999998,205.04999999999998,205.10999999999999,1474
2026-06-08T17:45:00+00:00,205.10999999999999,205.57999999999998,205.08999999999997,205.55999999999997,1491
2026-06-08T17:50:00+00:00,205.55999999999997,205.92999999999998,205.39999999999998,205.76999999999998,1342
2026-06-08T17:55:00+00:00,205.76999999999998,205.79999999999998,205.42999999999998,205.49999999999997,1202
2026-06-08T18:00:00+00:00,205.49999999999997,206.01999999999998,205.48999999999998,205.89999999999998,1275
2026-06-08T18:05:00+00:00,205.89999999999998,206.32999999999998,205.87999999999997,206.09999999999997,1211
2026-06-08T18:10:00+00:00,206.09999999999997,206.17999999999998,205.59999999999997,205.67999999999998,1296
2026-06-08T18:15:00+00:00,205.67999999999998,205.86999999999998,205.58999999999997,205.76999999999998,1004
2026-06-08T18:20:00+00:00,205.76999999999998,205.87999999999997,205.51999999999998,205.73,899
2026-06-08T18:25:00+00:00,205.73,206.05999999999997,205.71999999999997,205.93999999999997,867
2026-06-08T18:30:00+00:00,205.93999999999997,206.03999999999996,205.82999999999998,205.89,949
2026-06-08T18:35:00+00:00,205.89,206.05999999999997,205.54999999999998,205.59999999999997,1037
2026-06-08T18:40:00+00:00,205.59999999999997,205.80999999999997,205.42,205.55999999999997,1163
2026-06-08T18:45:00+00:00,205.55999999999997,205.84999999999997,205.50999999999996,205.58999999999997,1022
2026-06-08T18:50:00+00:00,205.58999999999997,205.86999999999998,205.58999999999997,205.78999999999996,863
2026-06-08T18:55:00+00:00,205.78999999999996,205.92,205.48999999999998,205.52999999999997,893
2026-06-08T19:00:00+00:00,205.52999999999997,205.64999999999998,205.21999999999997,205.33999999999997,1247
2026-06-08T19:05:00+00:00,205.33999999999997,205.49999999999997,205.14,205.14,1119
2026-06-08T19:10:00+00:00,205.14,205.14,204.51999999999998,204.51999999999998,1625
2026-06-08T19:15:00+00:00,204.51999999999998,204.67999999999998,204.31999999999996,204.48999999999998,1550
2026-06-08T19:20:00+00:00,204.48999999999998,204.75999999999996,204.11999999999998,204.14,1478
2026-06-08T19:25:00+00:00,204.14,204.52999999999997,204.05999999999997,204.52999999999997,1507
2026-06-08T19:30:00+00:00,204.52999999999997,205.11999999999998,204.45999999999998,204.73999999999998,1670
2026-06-08T19:35:00+00:00,204.73999999999998,205.11999999999998,204.60999999999999,204.84999999999997,1356
2026-06-08T19:40:00+00:00,204.84999999999997,204.89999999999998,204.35999999999999,204.45999999999998,1769
2026-06-08T19:45:00+00:00,204.45999999999998,204.81999999999996,204.36999999999998,204.45999999999998,1358
2026-06-08T19:50:00+00:00,204.45999999999998,204.99999999999997,204.45,204.86999999999998,1550
2026-06-08T19:55:00+00:00,204.86999999999998,205.45,204.85999999999999,205.39,1524
2026-06-09T13:30:00+00:00,205.39,208.09999999999997,205.39,206.24999999999997,2762
2026-06-09T13:35:00+00:00,206.24999999999997,207.14999999999998,206.2,206.42,3261
2026-06-09T13:40:00+00:00,206.42,207.12999999999997,205.95,206.85999999999999,3278
2026-06-09T13:45:00+00:00,206.85999999999999,207.64999999999998,206.42999999999998,207.30999999999997,2844
2026-06-09T13:50:00+00:00,207.30999999999997,207.56999999999996,206.24999999999997,206.32999999999998,2868
2026-06-09T13:55:00+00:00,206.32999999999998,206.73999999999998,205.73999999999998,205.74999999999997,2954
2026-06-09T14:00:00+00:00,205.74999999999997,205.87999999999997,205.29999999999998,205.39999999999998,3203
2026-06-09T14:05:00+00:00,205.39999999999998,205.64999999999998,204.14,204.24999999999997,3223
2026-06-09T14:10:00+00:00,204.24999999999997,204.37999999999997,203.48999999999998,203.60999999999999,3550
2026-06-09T14:15:00+00:00,203.60999999999999,203.79999999999998,202.7,203.04999999999998,4059
2026-06-09T14:20:00+00:00,203.04999999999998,203.64,202.58999999999997,203.62999999999997,4079
2026-06-09T14:25:00+00:00,203.62999999999997,204.04999999999998,203.43999999999997,203.68999999999997,3215
2026-06-09T14:30:00+00:00,203.68999999999997,203.68999999999997,202.99999999999997,203.39999999999998,3891
2026-06-09T14:35:00+00:00,203.39999999999998,204.10999999999999,203.26999999999998,203.81999999999996,3533
2026-06-09T14:40:00+00:00,203.81999999999996,204.27999999999997,202.84999999999997,202.92999999999998,3434
2026-06-09T14:45:00+00:00,202.92999999999998,203.24999999999997,201.64,201.74999999999997,4224
2026-06-09T14:50:00+00:00,201.74999999999997,202.48999999999998,201.54999999999998,202.39,4319
2026-06-09T14:55:00+00:00,202.39,203.03999999999996,201.82999999999998,203.03999999999996,3214
2026-06-09T15:00:00+00:00,203.03999999999996,203.21999999999997,202.49999999999997,202.49999999999997,2996
2026-06-09T15:05:00+00:00,202.49999999999997,203.29999999999998,202.09999999999997,203.24999999999997,2790
2026-06-09T15:10:00+00:00,203.24999999999997,203.46999999999997,202.71999999999997,202.96999999999997,2526
2026-06-09T15:15:00+00:00,202.96999999999997,203.05999999999997,202.33999999999997,202.46999999999997,2570
2026-06-09T15:20:00+00:00,202.46999999999997,202.68999999999997,201.24999999999997,201.28999999999996,2774
2026-06-09T15:25:00+00:00,201.28999999999996,201.45999999999998,200.00999999999996,200.12999999999997,3362
2026-06-09T15:30:00+00:00,200.12999999999997,200.67999999999998,200.00999999999996,200.40999999999997,3862
2026-06-09T15:35:00+00:00,200.40999999999997,200.96999999999997,199.92,200.90999999999997,3476
2026-06-09T15:40:00+00:00,200.90999999999997,201.61999999999998,200.83999999999997,201.42,3017
2026-06-09T15:45:00+00:00,201.42,201.81999999999996,201.25999999999996,201.79999999999998,2623
2026-06-09T15:50:00+00:00,201.79999999999998,202.23,201.12999999999997,201.15999999999997,3108
2026-06-09T15:55:00+00:00,201.15999999999997,201.23999999999998,199.54999999999998,199.73999999999998,3533
2026-06-09T16:00:00+00:00,199.73999999999998,200.39999999999998,199.67,199.76999999999998,3533
2026-06-09T16:05:00+00:00,199.76999999999998,199.89999999999998,198.36999999999998,198.67999999999998,3668
2026-06-09T16:10:00+00:00,198.67999999999998,198.98999999999998,198.17999999999998,198.48,3790
2026-06-09T16:15:00+00:00,198.48,198.62999999999997,196.76999999999998,196.99999999999997,3752
2026-06-09T16:20:00+00:00,196.99999999999997,197.98999999999998,196.74999999999997,197.96999999999997,3374
2026-06-09T16:25:00+00:00,197.96999999999997,198.40999999999997,197.60999999999999,198.17,3328
2026-06-09T16:30:00+00:00,198.17,198.57999999999998,197.67999999999998,197.75999999999996,4262
2026-06-09T16:35:00+00:00,197.75999999999996,198.28999999999996,196.29999999999998,196.48,4569
2026-06-09T16:40:00+00:00,196.48,197.77999999999997,196.04999999999998,197.48999999999998,4682
2026-06-09T16:45:00+00:00,197.48999999999998,198.02999999999997,196.86999999999998,197.70999999999998,3983
2026-06-09T16:50:00+00:00,197.70999999999998,197.84999999999997,196.95,197.04999999999998,3867
2026-06-09T16:55:00+00:00,197.04999999999998,198.67999999999998,196.98,198.64999999999998,3683
2026-06-09T17:00:00+00:00,198.64999999999998,199.95999999999998,198.37999999999997,199.80999999999997,3885
2026-06-09T17:05:00+00:00,199.80999999999997,199.95999999999998,199.34999999999997,199.92,3697
2026-06-09T17:10:00+00:00,199.92,200.20999999999998,199.33999999999997,200.01999999999998,3461
2026-06-09T17:15:00+00:00,200.01999999999998,200.54999999999998,199.53999999999996,200.42,3129
2026-06-09T17:20:00+00:00,200.42,200.73999999999998,199.65999999999997,200.27999999999997,3284
2026-06-09T17:25:00+00:00,200.27999999999997,200.92999999999998,199.99999999999997,200.60999999999999,3137
2026-06-09T17:30:00+00:00,200.60999999999999,201.17,200.36999999999998,201.09999999999997,2968
2026-06-09T17:35:00+00:00,201.09999999999997,201.34999999999997,200.74999999999997,201.23999999999998,2273
2026-06-09T17:40:00+00:00,201.23999999999998,202.10999999999999,201.11999999999998,201.75999999999996,2514
2026-06-09T17:45:00+00:00,201.75999999999996,202.03999999999996,200.85999999999999,200.98,3578
2026-06-09T17:50:00+00:00,200.98,202.07999999999998,200.95999999999998,201.55999999999997,3533
2026-06-09T17:55:00+00:00,201.55999999999997,202.12999999999997,201.49999999999997,201.73999999999998,2781
2026-06-09T18:00:00+00:00,201.73999999999998,202.09999999999997,201.60999999999999,202.01999999999998,3106
2026-06-09T18:05:00+00:00,202.01999999999998,202.28999999999996,201.67,202.12999999999997,3094
2026-06-09T18:10:00+00:00,202.12999999999997,202.21999999999997,201.61999999999998,202.10999999999999,2878
2026-06-09T18:15:00+00:00,202.10999999999999,202.74999999999997,201.82999999999998,202.73,3036
2026-06-09T18:20:00+00:00,202.73,203.08999999999997,202.34999999999997,202.99999999999997,2830
2026-06-09T18:25:00+00:00,202.99999999999997,203.15999999999997,202.55999999999997,203.12999999999997,2406
2026-06-09T18:30:00+00:00,203.12999999999997,203.75999999999996,203.09999999999997,203.39,2776
2026-06-09T18:35:00+00:00,203.39,203.80999999999997,203.29999999999998,203.61999999999998,2223
2026-06-09T18:40:00+00:00,203.61999999999998,203.64,202.75999999999996,202.84999999999997,2666
2026-06-09T18:45:00+00:00,202.84999999999997,203.25999999999996,202.80999999999997,203.14,2589
2026-06-09T18:50:00+00:00,203.14,203.60999999999999,202.93999999999997,203.27999999999997,2144
2026-06-09T18:55:00+00:00,203.27999999999997,204.05999999999997,203.2,203.76999999999998,2437
2026-06-09T19:00:00+00:00,203.76999999999998,204.15999999999997,203.46999999999997,203.90999999999997,2333
2026-06-09T19:05:00+00:00,203.90999999999997,204.02999999999997,203.40999999999997,203.50999999999996,2333
2026-06-09T19:10:00+00:00,203.50999999999996,203.50999999999996,202.42999999999998,202.48,2841
2026-06-09T19:15:00+00:00,202.48,202.55999999999997,201.45,201.61999999999998,3733
2026-06-09T19:20:00+00:00,201.61999999999998,202.01999999999998,201.23999999999998,201.73999999999998,3959
2026-06-09T19:25:00+00:00,201.73999999999998,202.73,201.68999999999997,202.61999999999998,3226
2026-06-09T19:30:00+00:00,202.61999999999998,203.10999999999999,202.37999999999997,203.09999999999997,3295
2026-06-09T19:35:00+00:00,203.09999999999997,203.21999999999997,202.62999999999997,202.73,2863
2026-06-09T19:40:00+00:00,202.73,203.17,202.08999999999997,202.90999999999997,3458
2026-06-09T19:45:00+00:00,202.90999999999997,203.02999999999997,202.07999999999998,202.35999999999999,2985
2026-06-09T19:50:00+00:00,202.35999999999999,203.67,202.34999999999997,203.60999999999999,3115
2026-06-09T19:55:00+00:00,203.60999999999999,204.92,203.57999999999998,204.83999999999997,3044
2026-06-10T13:30:00+00:00,204.83999999999997,204.83999999999997,200.90999999999997,201.99999999999997,2920
2026-06-10T13:35:00+00:00,201.99999999999997,203.92999999999998,201.86999999999998,203.21999999999997,4063
2026-06-10T13:40:00+00:00,203.21999999999997,203.23,201.86999999999998,202.85999999999999,4428
2026-06-10T13:45:00+00:00,202.85999999999999,203.37999999999997,202.12999999999997,203.15999999999997,3899
2026-06-10T13:50:00+00:00,203.15999999999997,203.2,201.60999999999999,201.98,4152
2026-06-10T13:55:00+00:00,201.98,202.42999999999998,201.48,201.60999999999999,3550
2026-06-10T14:00:00+00:00,201.60999999999999,202.53999999999996,201.53999999999996,202.23999999999998,3793
2026-06-10T14:05:00+00:00,202.23999999999998,203.00999999999996,201.92999999999998,202.89,3307
2026-06-10T14:10:00+00:00,202.89,203.21999999999997,202.11999999999998,202.96999999999997,3391
2026-06-10T14:15:00+00:00,202.96999999999997,203.12999999999997,201.95,202.29999999999998,3236
2026-06-10T14:20:00+00:00,202.29999999999998,203.39999999999998,201.90999999999997,203.35999999999999,3055
2026-06-10T14:25:00+00:00,203.35999999999999,203.48,202.59999999999997,202.89,3201
2026-06-10T14:30:00+00:00,202.89,203.52999999999997,202.14999999999998,203.45999999999998,3316
2026-06-10T14:35:00+00:00,203.45999999999998,203.48999999999998,202.2,202.54999999999998,2916
2026-06-10T14:40:00+00:00,202.54999999999998,203.11999999999998,202.42999999999998,202.45999999999998,2737
2026-06-10T14:45:00+00:00,202.45999999999998,203.04999999999998,201.67,202.07999999999998,3290
2026-06-10T14:50:00+00:00,202.07999999999998,202.58999999999997,201.52999999999997,202.03999999999996,3196
2026-06-10T14:55:00+00:00,202.03999999999996,202.21999999999997,200.48,200.6,3400.20741989882
2026-06-10T15:00:00+00:00,200.6,201.20999999999998,200.04999999999998,200.33999999999997,3717
2026-06-10T15:05:00+00:00,200.33999999999997,200.48,199.6,199.64999999999998,3259
2026-06-10T15:10:00+00:00,199.64999999999998,199.95,199.02999999999997,199.02999999999997,3227
2026-06-10T15:15:00+00:00,199.02999999999997,199.08999999999997,198.29999999999998,198.98,3218
2026-06-10T15:20:00+00:00,198.98,200.14,198.80999999999997,199.77999999999997,3490
2026-06-10T15:25:00+00:00,199.77999999999997,200.19,199.39,199.41,3341
2026-06-10T15:30:00+00:00,199.41,200.01999999999998,199.11999999999998,199.33999999999997,3277
2026-06-10T15:35:00+00:00,199.33999999999997,199.57999999999998,198.88,199.35,2950
2026-06-10T15:40:00+00:00,199.35,200.38,199.14999999999998,200.22,2875
2026-06-10T15:45:00+00:00,200.22,200.41,198.82,199.07999999999998,3499
2026-06-10T15:50:00+00:00,199.07999999999998,200.05999999999997,198.55999999999997,199.7,3177
2026-06-10T15:55:00+00:00,199.7,200.39,199.35,200.16,2600
2026-06-10T16:00:00+00:00,200.16,200.55999999999997,199.73,200.08999999999997,2636
2026-06-10T16:05:00+00:00,200.08999999999997,200.22,199.51999999999998,199.74999999999997,2243
2026-06-10T16:10:00+00:00,199.74999999999997,199.76,199.23,199.35,2545
2026-06-10T16:15:00+00:00,199.35,199.73,199.13,199.52999999999997,2392
2026-06-10T16:20:00+00:00,199.52999999999997,199.73999999999998,199.07999999999998,199.17999999999998,2201
2026-06-10T16:25:00+00:00,199.17999999999998,199.66,199.17999999999998,199.57,1900
2026-06-10T16:30:00+00:00,199.57,200.23,199.27999999999997,200.22,1968
2026-06-10T16:35:00+00:00,200.22,200.63,199.82,200.48999999999998,2391
2026-06-10T16:40:00+00:00,200.48999999999998,200.61999999999998,199.64999999999998,199.82999999999998,2185
2026-06-10T16:45:00+00:00,199.82999999999998,199.82999999999998,199.07,199.49999999999997,2300
2026-06-10T16:50:00+00:00,199.49999999999997,199.82,199.23,199.57999999999998,2306
2026-06-10T16:55:00+00:00,199.57999999999998,199.60999999999999,199.14,199.54999999999998,1755
2026-06-10T17:00:00+00:00,199.54999999999998,200.32,199.45,200.11999999999998,1746
2026-06-10T17:05:00+00:00,200.11999999999998,200.16,199.27999999999997,199.30999999999997,2117
2026-06-10T17:10:00+00:00,199.30999999999997,199.33999999999997,198.86999999999998,198.95,1915
2026-06-10T17:15:00+00:00,198.95,199.17999999999998,198.76,198.86999999999998,1921
2026-06-10T17:20:00+00:00,198.86999999999998,199.11999999999998,198.69,199.07,1840
2026-06-10T17:25:00+00:00,199.07,199.32,198.86999999999998,199.20999999999998,1838
2026-06-10T17:30:00+00:00,199.20999999999998,199.24999999999997,198.79,199.05999999999997,1918
2026-06-10T17:35:00+00:00,199.05999999999997,199.14,198.73,198.80999999999997,1623
2026-06-10T17:40:00+00:00,198.80999999999997,198.92999999999998,198.57999999999998,198.61999999999998,1451
2026-06-10T17:45:00+00:00,198.61999999999998,200.14,198.55999999999997,199.97,2671
2026-06-10T17:50:00+00:00,199.97,199.97,199.23999999999998,199.66,2353
2026-06-10T17:55:00+00:00,199.66,199.95999999999998,199.52999999999997,199.85999999999999,1741
2026-06-10T18:00:00+00:00,199.85999999999999,200.10999999999999,199.60999999999999,199.97,2031
2026-06-10T18:05:00+00:00,199.97,199.99999999999997,199.29999999999998,199.30999999999997,1909
2026-06-10T18:10:00+00:00,199.30999999999997,199.64999999999998,199.29999999999998,199.39,1662
2026-06-10T18:15:00+00:00,199.39,199.67999999999998,198.89,199.01,1945
2026-06-10T18:20:00+00:00,199.01,199.32999999999998,198.80999999999997,199.07999999999998,1868
2026-06-10T18:25:00+00:00,199.07999999999998,199.22,198.83999999999997,198.94,1744
2026-06-10T18:30:00+00:00,198.94,199.04999999999998,198.7,198.88,1698
2026-06-10T18:35:00+00:00,198.88,198.94,198.42,198.66,1641
2026-06-10T18:40:00+00:00,198.66,198.83999999999997,198.32,198.49999999999997,1633
2026-06-10T18:45:00+00:00,198.49999999999997,198.51999999999998,198.08999999999997,198.10999999999999,1498
2026-06-10T18:50:00+00:00,198.10999999999999,198.13,197.64,197.86999999999998,2061
2026-06-10T18:55:00+00:00,197.86999999999998,197.99999999999997,197.58999999999997,197.83999999999997,1705
2026-06-10T19:00:00+00:00,197.83999999999997,198.11999999999998,197.61999999999998,197.83999999999997,1918
2026-06-10T19:05:00+00:00,197.83999999999997,198.13,197.66,197.79999999999998,2035
2026-06-10T19:10:00+00:00,197.79999999999998,197.80999999999997,197.29999999999998,197.42999999999998,1840
2026-06-10T19:15:00+00:00,197.42999999999998,197.44,196.95,197.1,1887
2026-06-10T19:20:00+00:00,197.1,197.11999999999998,196.69,196.95999999999998,1805
2026-06-10T19:25:00+00:00,196.95999999999998,197.02999999999997,196.60999999999999,196.91,1912
2026-06-10T19:30:00+00:00,196.91,197.44,196.80999999999997,197.39,2293
2026-06-10T19:35:00+00:00,197.39,198.17,197.23999999999998,198.04,2096
2026-06-10T19:40:00+00:00,198.04,198.23,197.67999999999998,197.89,2179
2026-06-10T19:45:00+00:00,197.89,197.99999999999997,197.57,197.82999999999998,2073
2026-06-10T19:50:00+00:00,197.82999999999998,198.57,197.57999999999998,197.94,2617
2026-06-10T19:55:00+00:00,197.94,198.23999999999998,196.99999999999997,197.04,2295
2026-06-11T13:30:00+00:00,197.04,199.54999999999998,197.04,198.38,2709
2026-06-11T13:35:00+00:00,198.38,198.6,197.89999999999998,198.1,3571
2026-06-11T13:40:00+00:00,198.1,199.04,197.76,198.98999999999998,3514
2026-06-11T13:45:00+00:00,198.98999999999998,199.94,198.7,198.85,3659
2026-06-11T13:50:00+00:00,198.85,200.13,198.83999999999997,199.79,3374
2026-06-11T13:55:00+00:00,199.79,200.26999999999998,199.30999999999997,199.48,3221
2026-06-11T14:00:00+00:00,199.48,200.33999999999997,199.35999999999999,200.02999999999997,3137
2026-06-11T14:05:00+00:00,200.02999999999997,200.02999999999997,199.44,199.57999999999998,2992
2026-06-11T14:10:00+00:00,199.57999999999998,199.73999999999998,198.64,198.77999999999997,3448
2026-06-11T14:15:00+00:00,198.77999999999997,198.97,197.91,198.02999999999997,3400
2026-06-11T14:20:00+00:00,198.02999999999997,199.29999999999998,197.95,199.08999999999997,3408
2026-06-11T14:25:00+00:00,199.08999999999997,199.64999999999998,198.69,199.04,3131
2026-06-11T14:30:00+00:00,199.04,199.26999999999998,198.54999999999998,198.95999999999998,3208
2026-06-11T14:35:00+00:00,198.95999999999998,199.67999999999998,198.85,199.17999999999998,3065
2026-06-11T14:40:00+00:00,199.17999999999998,199.58999999999997,198.76,198.80999999999997,2660
2026-06-11T14:45:00+00:00,198.80999999999997,198.92,198.01,198.16,2869
2026-06-11T14:50:00+00:00,198.16,198.27999999999997,197.52999999999997,197.76,2798
2026-06-11T14:55:00+00:00,197.76,197.76999999999998,196.54,196.89,3086
2026-06-11T15:00:00+00:00,196.89,197.13,196.23,196.99999999999997,3404
2026-06-11T15:05:00+00:00,196.99999999999997,197.72,196.69,197.39999999999998,3095
2026-06-11T15:10:00+00:00,197.39999999999998,198.11999999999998,197.32999999999998,197.92,2893
2026-06-11T15:15:00+00:00,197.92,198.52999999999997,197.73,197.89,2695
2026-06-11T15:20:00+00:00,197.89,198.41,197.79999999999998,198.11999999999998,2480
2026-06-11T15:25:00+00:00,198.11999999999998,198.36999999999998,197.30999999999997,197.35999999999999,2379
2026-06-11T15:30:00+00:00,197.35999999999999,197.63,197.17,197.51,2483
2026-06-11T15:35:00+00:00,197.51,198.47,197.45,198.24999999999997,2636
2026-06-11T15:40:00+00:00,198.24999999999997,198.60999999999999,197.63,197.88,2420
2026-06-11T15:45:00+00:00,197.88,198.26,197.60999999999999,197.85,2334
2026-06-11T15:50:00+00:00,197.85,198.01,197.51999999999998,197.85,2060
2026-06-11T15:55:00+00:00,197.85,198.16,197.60999999999999,198.01,2169
2026-06-11T16:00:00+00:00,198.01,198.48999999999998,197.73,197.91,2091
2026-06-11T16:05:00+00:00,197.91,198.29999999999998,197.74999999999997,198.14999999999998,1912
2026-06-11T16:10:00+00:00,198.14999999999998,198.64,198.04,198.42,1983
2026-06-11T16:15:00+00:00,198.42,198.73,198.32999999999998,198.49999999999997,1990
2026-06-11T16:20:00+00:00,198.49999999999997,198.66,198.08999999999997,198.13,2175
2026-06-11T16:25:00+00:00,198.13,198.32,197.89,198.01,2142
2026-06-11T16:30:00+00:00,198.01,198.66,197.80999999999997,198.38,2393
2026-06-11T16:35:00+00:00,198.38,198.64999999999998,198.01999999999998,198.08999999999997,1991
2026-06-11T16:40:00+00:00,198.08999999999997,198.22,197.89,198.07999999999998,1776
2026-06-11T16:45:00+00:00,198.07999999999998,198.26999999999998,197.89,197.98,1843
2026-06-11T16:50:00+00:00,197.98,198.01999999999998,197.48,197.48999999999998,1859
2026-06-11T16:55:00+00:00,197.48999999999998,197.57999999999998,196.98,197.01,1480
2026-06-11T17:00:00+00:00,197.01,197.41,196.63,196.80999999999997,1839
2026-06-11T17:05:00+00:00,196.80999999999997,197.22,196.77999999999997,197.10999999999999,1886
2026-06-11T17:10:00+00:00,197.10999999999999,197.30999999999997,196.73999999999998,196.77999999999997,1841
2026-06-11T17:15:00+00:00,196.77999999999997,197.01,196.39,196.52999999999997,1744
2026-06-11T17:20:00+00:00,196.52999999999997,196.85999999999999,196.39999999999998,196.79,1668
2026-06-11T17:25:00+00:00,196.79,199.54999999999998,196.73999999999998,199.48,2719
2026-06-11T17:30:00+00:00,199.48,199.99999999999997,198.35999999999999,199.33999999999997,3710
2026-06-11T17:35:00+00:00,199.33999999999997,199.89999999999998,199.01999999999998,199.69,3017
2026-06-11T17:40:00+00:00,199.69,200.85999999999999,199.51999999999998,200.77999999999997,2747
2026-06-11T17:45:00+00:00,200.77999999999997,201.16,199.85999999999999,199.89,2558
2026-06-11T17:50:00+00:00,199.89,199.97,199.41,199.64999999999998,2554
2026-06-11T17:55:00+00:00,199.64999999999998,199.80999999999997,199.22,199.66,2513
2026-06-11T18:00:00+00:00,199.66,199.86999999999998,198.6,198.85,3088
2026-06-11T18:05:00+00:00,198.85,198.98999999999998,198.32999999999998,198.60999999999999,2763
2026-06-11T18:10:00+00:00,198.60999999999999,199.54,198.51,199.49999999999997,2233
2026-06-11T18:15:00+00:00,199.49999999999997,199.97,199.39,199.92,1890
2026-06-11T18:20:00+00:00,199.92,199.92999999999998,199.23,199.51,2272
2026-06-11T18:25:00+00:00,199.51,199.58999999999997,199.29,199.42999999999998,1617
2026-06-11T18:30:00+00:00,199.42999999999998,199.73999999999998,199.14,199.17,1773
2026-06-11T18:35:00+00:00,199.17,199.32999999999998,198.76999999999998,198.85999999999999,1632
2026-06-11T18:40:00+00:00,198.85999999999999,198.97,198.66,198.86999999999998,1455
2026-06-11T18:45:00+00:00,198.86999999999998,199.33999999999997,198.76999999999998,199.27999999999997,1558
2026-06-11T18:50:00+00:00,199.27999999999997,199.57,199.1,199.38,1640
2026-06-11T18:55:00+00:00,199.38,199.57999999999998,199.11999999999998,199.54,1570
2026-06-11T19:00:00+00:00,199.54,199.67,199.14,199.2,1766
2026-06-11T19:05:00+00:00,199.2,199.33999999999997,198.7,199.13,1897
2026-06-11T19:10:00+00:00,199.13,199.82999999999998,199.04999999999998,199.79999999999998,1992
2026-06-11T19:15:00+00:00,199.79999999999998,200.33999999999997,199.76999999999998,200.32999999999998,1747
2026-06-11T19:20:00+00:00,200.32999999999998,200.76999999999998,200.22,200.72,1725
2026-06-11T19:25:00+00:00,200.72,201.35999999999999,200.63,201.16,1780
2026-06-11T19:30:00+00:00,201.16,201.85,201.11999999999998,201.74999999999997,2513
2026-06-11T19:35:00+00:00,201.74999999999997,201.95999999999998,201.33999999999997,201.35,2102
2026-06-11T19:40:00+00:00,201.35,202.30999999999997,201.2,202.23999999999998,2063
2026-06-11T19:45:00+00:00,202.23999999999998,202.24999999999997,200.83999999999997,201.17,2130
2026-06-11T19:50:00+00:00,201.17,202.32999999999998,200.85999999999999,201.94,2893
2026-06-11T19:55:00+00:00,201.94,202.07999999999998,201.36999999999998,201.36999999999998,2596
2026-06-12T13:30:00+00:00,201.36999999999998,201.57999999999998,200.13,200.74999999999997,2869
2026-06-12T13:35:00+00:00,200.74999999999997,202.7,200.54999999999998,202.58999999999997,3233
2026-06-12T13:40:00+00:00,202.58999999999997,202.94,200.89999999999998,200.92999999999998,3675
2026-06-12T13:45:00+00:00,200.92999999999998,201.39,200.32999999999998,200.57999999999998,2959
2026-06-12T13:50:00+00:00,200.57999999999998,200.91,200.24999999999997,200.48999999999998,2927
2026-06-12T13:55:00+00:00,200.48999999999998,201.36999999999998,200.29,200.61999999999998,2241
2026-06-12T14:00:00+00:00,200.61999999999998,201.85,200.60999999999999,201.69,2547
2026-06-12T14:05:00+00:00,201.69,202.64,201.27999999999997,202.58999999999997,2283
2026-06-12T14:10:00+00:00,202.58999999999997,202.92999999999998,201.85,202.13,2184
2026-06-12T14:15:00+00:00,202.13,203.05999999999997,202.1,202.85,2127
2026-06-12T14:20:00+00:00,202.85,203.35999999999999,202.19,202.24999999999997,2100
2026-06-12T14:25:00+00:00,202.24999999999997,202.72,202.11999999999998,202.36999999999998,1835
2026-06-12T14:30:00+00:00,202.36999999999998,202.80999999999997,202.11999999999998,202.29999999999998,2008
2026-06-12T14:35:00+00:00,202.29999999999998,202.94,202.19,202.35999999999999,2009
2026-06-12T14:40:00+00:00,202.35999999999999,202.39999999999998,201.14999999999998,201.16,2427
2026-06-12T14:45:00+00:00,201.16,201.38,200.64,200.80999999999997,2550
2026-06-12T14:50:00+00:00,200.80999999999997,202.24999999999997,200.72,202.14999999999998,3297
2026-06-12T14:55:00+00:00,202.14999999999998,202.67,202.01,202.42999999999998,2970.2166520815103
2026-06-12T15:00:00+00:00,202.42999999999998,202.67999999999998,201.92,202.20999999999998,2153
2026-06-12T15:05:00+00:00,202.20999999999998,202.51,202.01999999999998,202.32,1822
2026-06-12T15:10:00+00:00,202.32,203.07,202.22,203.07,1763
2026-06-12T15:15:00+00:00,203.07,203.79,203.04999999999998,203.77999999999997,1762
2026-06-12T15:20:00+00:00,203.77999999999997,203.77999999999997,203.35,203.45,1696
2026-06-12T15:25:00+00:00,203.45,203.72,203.38,203.69,1491
2026-06-12T15:30:00+00:00,203.69,203.72,203.29999999999998,203.29999999999998,1835
2026-06-12T15:35:00+00:00,203.29999999999998,203.51,202.6,202.72,2363
2026-06-12T15:40:00+00:00,202.72,202.76999999999998,201.85999999999999,201.89999999999998,2190
2026-06-12T15:45:00+00:00,201.89999999999998,202.39999999999998,201.29,201.30999999999997,2495
2026-06-12T15:50:00+00:00,201.30999999999997,202.10999999999999,201.10999999999999,201.83999999999997,2305
2026-06-12T15:55:00+00:00,201.83999999999997,201.85,200.63,200.89,2280
2026-06-12T16:00:00+00:00,200.89,201.32999999999998,200.66,201.13,2567
2026-06-12T16:05:00+00:00,201.13,201.7,200.98,201.54999999999998,2131
2026-06-12T16:10:00+00:00,201.54999999999998,202.22,201.23,201.86999999999998,2772
2026-06-12T16:15:00+00:00,201.86999999999998,202.51999999999998,201.67999999999998,201.88,2296
2026-06-12T16:20:00+00:00,201.88,202.11999999999998,201.57,201.76,1989
2026-06-12T16:25:00+00:00,201.76,201.92999999999998,201.5,201.73,1566
2026-06-12T16:30:00+00:00,201.73,201.82999999999998,201.47,201.77999999999997,1555
2026-06-12T16:35:00+00:00,201.77999999999997,201.85,201.42,201.55999999999997,1513
2026-06-12T16:40:00+00:00,201.55999999999997,201.76999999999998,201.05999999999997,201.29999999999998,1662
2026-06-12T16:45:00+00:00,201.29999999999998,201.58999999999997,201.22,201.51999999999998,1325
2026-06-12T16:50:00+00:00,201.51999999999998,201.73,201.33999999999997,201.52999999999997,1459
2026-06-12T16:55:00+00:00,201.52999999999997,201.92999999999998,201.25,201.88,1489
2026-06-12T17:00:00+00:00,201.88,202.04999999999998,201.76,201.92,1348
2026-06-12T17:05:00+00:00,201.92,202.23,201.77999999999997,201.85,1362
2026-06-12T17:10:00+00:00,201.85,201.91,201.36999999999998,201.72,1321
2026-06-12T17:15:00+00:00,201.72,202.01,201.64999999999998,201.95,1216
2026-06-12T17:20:00+00:00,201.95,202.01,201.7,201.70999999999998,978
2026-06-12T17:25:00+00:00,201.70999999999998,201.95,201.52999999999997,201.73999999999998,1209
2026-06-12T17:30:00+00:00,201.73999999999998,201.79999999999998,201.42999999999998,201.47,1372
2026-06-12T17:35:00+00:00,201.47,201.70999999999998,201.41,201.58999999999997,1350
2026-06-12T17:40:00+00:00,201.58999999999997,201.94,201.54,201.72,1146
2026-06-12T17:45:00+00:00,201.72,202.01999999999998,201.7,201.80999999999997,1255
2026-06-12T17:50:00+00:00,201.80999999999997,201.98999999999998,201.76999999999998,201.88,868
2026-06-12T17:55:00+00:00,201.88,201.92,201.51999999999998,201.80999999999997,1286
2026-06-12T18:00:00+00:00,201.80999999999997,201.86999999999998,201.61999999999998,201.7,1314
2026-06-12T18:05:00+00:00,201.7,201.79,201.5,201.73999999999998,1276
2026-06-12T18:10:00+00:00,201.73999999999998,202.26,201.51999999999998,201.54999999999998,1275
2026-06-12T18:15:00+00:00,201.54999999999998,201.58999999999997,201.10999999999999,201.23,1290
2026-06-12T18:20:00+00:00,201.23,201.29,200.91,201.08999999999997,1149
2026-06-12T18:25:00+00:00,201.08999999999997,201.73,201.01,201.64999999999998,1194
2026-06-12T18:30:00+00:00,201.64999999999998,201.97,201.63,201.76999999999998,1152
2026-06-12T18:35:00+00:00,201.76999999999998,201.83999999999997,201.64999999999998,201.79,875
2026-06-12T18:40:00+00:00,201.79,202.01,201.77999999999997,201.92999999999998,853
2026-06-12T18:45:00+00:00,201.92999999999998,202.04999999999998,201.80999999999997,201.95999999999998,846
2026-06-12T18:50:00+00:00,201.95999999999998,202.01,201.66,201.95999999999998,1024
2026-06-12T18:55:00+00:00,201.95999999999998,201.98,201.30999999999997,201.35999999999999,1422
2026-06-12T19:00:00+00:00,201.35999999999999,201.76,201.33999999999997,201.70999999999998,1214
2026-06-12T19:05:00+00:00,201.70999999999998,201.83999999999997,201.6,201.73,955
2026-06-12T19:10:00+00:00,201.73,201.80999999999997,201.54,201.57999999999998,1091
2026-06-12T19:15:00+00:00,201.57999999999998,201.80999999999997,201.42,201.76999999999998,1104
2026-06-12T19:20:00+00:00,201.76999999999998,201.76999999999998,201.51999999999998,201.58999999999997,977
2026-06-12T19:25:00+00:00,201.58999999999997,201.76,201.42999999999998,201.45999999999998,995
2026-06-12T19:30:00+00:00,201.45999999999998,201.5,200.72,200.77999999999997,1511
2026-06-12T19:35:00+00:00,200.77999999999997,201.32999999999998,200.63,200.79999999999998,1738
2026-06-12T19:40:00+00:00,200.79999999999998,201.17999999999998,200.69,201.04999999999998,1430
2026-06-12T19:45:00+00:00,201.04999999999998,201.20999999999998,200.86999999999998,200.98999999999998,1361
2026-06-12T19:50:00+00:00,200.98999999999998,201.54999999999998,200.98999999999998,201.54,1526
2026-06-12T19:55:00+00:00,201.54,201.98999999999998,201.54,201.86999999999998,1220
2026-06-15T13:30:00+00:00,201.86999999999998,207.69,201.86999999999998,206.92,3201
2026-06-15T13:35:00+00:00,206.92,207.58999999999997,205.79,205.97,3232
2026-06-15T13:40:00+00:00,205.97,206.69,205.57,205.60999999999999,2928
2026-06-15T13:45:00+00:00,205.60999999999999,206.55999999999997,205.60999999999999,206.22,2507
2026-06-15T13:50:00+00:00,206.22,206.67999999999998,205.72,205.73999999999998,1993
2026-06-15T13:55:00+00:00,205.73999999999998,206.01999999999998,205.44,205.47,1980
2026-06-15T14:00:00+00:00,205.47,206.10999999999999,205.42,205.86999999999998,2440
2026-06-15T14:05:00+00:00,205.86999999999998,206.01999999999998,205.04999999999998,205.54999999999998,2024
2026-06-15T14:10:00+00:00,205.54999999999998,206.08999999999997,205.42999999999998,206.05999999999997,2277
2026-06-15T14:15:00+00:00,206.05999999999997,206.17,205.42,205.88,2135
2026-06-15T14:20:00+00:00,205.88,206.32,205.32999999999998,205.80999999999997,2000
2026-06-15T14:25:00+00:00,205.80999999999997,206.14,205.32,206.10999999999999,1693
2026-06-15T14:30:00+00:00,206.10999999999999,206.73,206.01999999999998,206.57999999999998,2050
2026-06-15T14:35:00+00:00,206.57999999999998,206.82,206.20999999999998,206.33999999999997,1673
2026-06-15T14:40:00+00:00,206.33999999999997,206.38,205.95,206.29,1618
2026-06-15T14:45:00+00:00,206.29,206.73999999999998,206.22,206.29999999999998,1717
2026-06-15T14:50:00+00:00,206.29999999999998,206.76999999999998,206.23,206.42,1421
2026-06-15T14:55:00+00:00,206.42,207.17,206.35999999999999,207.07999999999998,1380
2026-06-15T15:00:00+00:00,207.07999999999998,207.64999999999998,207.04999999999998,207.45999999999998,1577
2026-06-15T15:05:00+00:00,207.45999999999998,208.01999999999998,207.45999999999998,207.64999999999998,1401
2026-06-15T15:10:00+00:00,207.64999999999998,208.1,207.5,208.04999999999998,1255
2026-06-15T15:15:00+00:00,208.04999999999998,208.1,207.57999999999998,207.75,1054
2026-06-15T15:20:00+00:00,207.75,208.04999999999998,207.70999999999998,207.83999999999997,953
2026-06-15T15:25:00+00:00,207.83999999999997,208.11999999999998,207.76,207.89999999999998,1077
2026-06-15T15:30:00+00:00,207.89999999999998,207.98999999999998,207.64999999999998,207.73,1339
2026-06-15T15:35:00+00:00,207.73,208.54,207.73,208.41,1368
2026-06-15T15:40:00+00:00,208.41,208.63,208.16,208.45999999999998,1318
2026-06-15T15:45:00+00:00,208.45999999999998,209.22,208.45999999999998,209.10999999999999,1242
2026-06-15T15:50:00+00:00,209.10999999999999,209.42999999999998,209.07,209.14999999999998,1224
2026-06-15T15:55:00+00:00,209.14999999999998,209.20999999999998,208.92999999999998,208.98,943
2026-06-15T16:00:00+00:00,208.98,209.33999999999997,208.95999999999998,209.26999999999998,1217
2026-06-15T16:05:00+00:00,209.26999999999998,209.32,209.07999999999998,209.10999999999999,955
2026-06-15T16:10:00+00:00,209.10999999999999,209.29999999999998,209.01,209.14999999999998,840
2026-06-15T16:15:00+00:00,209.14999999999998,209.19,208.7,208.95999999999998,928
2026-06-15T16:20:00+00:00,208.95999999999998,209.08999999999997,208.85999999999999,208.92,987
2026-06-15T16:25:00+00:00,208.92,209.27999999999997,208.85,209.07,794
2026-06-15T16:30:00+00:00,209.07,209.27999999999997,208.95,208.98,887
2026-06-15T16:35:00+00:00,208.98,209.22,208.85,208.92999999999998,957
2026-06-15T16:40:00+00:00,208.92999999999998,209.08999999999997,208.75,208.95999999999998,832
2026-06-15T16:45:00+00:00,208.95999999999998,208.97,208.58999999999997,208.82999999999998,846
2026-06-15T16:50:00+00:00,208.82999999999998,208.88,208.57999999999998,208.64,719
2026-06-15T16:55:00+00:00,208.64,209.1,208.64,209.04999999999998,810
2026-06-15T17:00:00+00:00,209.04999999999998,209.17,208.73999999999998,209.07999999999998,974
2026-06-15T17:05:00+00:00,209.07999999999998,209.17999999999998,208.73999999999998,208.79999999999998,1013
2026-06-15T17:10:00+00:00,208.79999999999998,208.98999999999998,208.73999999999998,208.92999999999998,744
2026-06-15T17:15:00+00:00,208.92999999999998,209.14999999999998,208.79,209.1,803
2026-06-15T17:20:00+00:00,209.1,209.39,209.02999999999997,209.23999999999998,863
2026-06-15T17:25:00+00:00,209.23999999999998,209.32999999999998,208.95999999999998,209.23,799
2026-06-15T17:30:00+00:00,209.23,209.36999999999998,209.05999999999997,209.17999999999998,714
2026-06-15T17:35:00+00:00,209.17999999999998,209.23999999999998,208.95999999999998,209.04,650
2026-06-15T17:40:00+00:00,209.04,209.07999999999998,208.79999999999998,208.85999999999999,577
2026-06-15T17:45:00+00:00,208.85999999999999,209.04,208.76,209.04,636
2026-06-15T17:50:00+00:00,209.04,209.10999999999999,208.88,208.98999999999998,492
2026-06-15T17:55:00+00:00,208.98999999999998,209.08999999999997,208.51,208.54,754
2026-06-15T18:00:00+00:00,208.54,208.63,208.23999999999998,208.26,1157
2026-06-15T18:05:00+00:00,208.26,208.66,208.14,208.64999999999998,948
2026-06-15T18:10:00+00:00,208.64999999999998,209.01999999999998,208.60999999999999,208.89,849
2026-06-15T18:15:00+00:00,208.89,208.97,208.80999999999997,208.80999999999997,749
2026-06-15T18:20:00+00:00,208.80999999999997,208.88,208.6,208.70999999999998,760
2026-06-15T18:25:00+00:00,208.70999999999998,208.79999999999998,208.61999999999998,208.67,691
2026-06-15T18:30:00+00:00,208.67,208.83999999999997,208.51,208.51999999999998,895
2026-06-15T18:35:00+00:00,208.51999999999998,208.80999999999997,208.5,208.76,754
2026-06-15T18:40:00+00:00,208.76,209.07,208.72,209.04999999999998,614
2026-06-15T18:45:00+00:00,209.04999999999998,209.17999999999998,208.89,208.95999999999998,693
2026-06-15T18:50:00+00:00,208.95999999999998,209.29,208.95,209.26999999999998,602
2026-06-15T18:55:00+00:00,209.26999999999998,209.27999999999997,208.98,209,671
2026-06-15T19:00:00+00:00,209,209.07999999999998,208.61999999999998,208.63,832
2026-06-15T19:05:00+00:00,208.63,208.76,208.55999999999997,208.70999999999998,958
2026-06-15T19:10:00+00:00,208.70999999999998,208.86999999999998,208.60999999999999,208.70999999999998,749
2026-06-15T19:15:00+00:00,208.70999999999998,208.85999999999999,208.57,208.73,761
2026-06-15T19:20:00+00:00,208.73,208.79999999999998,208.47,208.5,773
2026-06-15T19:25:00+00:00,208.5,208.60999999999999,208.33999999999997,208.38,731
2026-06-15T19:30:00+00:00,208.38,208.57999999999998,208.1,208.17,1126
2026-06-15T19:35:00+00:00,208.17,208.48999999999998,208.01,208.39,954
2026-06-15T19:40:00+00:00,208.39,208.51999999999998,208.29,208.39,768
2026-06-15T19:45:00+00:00,208.39,208.73999999999998,208.27999999999997,208.72,1030
2026-06-15T19:50:00+00:00,208.72,208.89999999999998,208.23,208.72,1607
2026-06-15T19:55:00+00:00,208.72,209.32,208.67,209.2,1768
2026-06-16T13:30:00+00:00,209.2,209.2,205.6,205.6,2454
2026-06-16T13:35:00+00:00,205.6,206.47,205.6,205.72,2609
2026-06-16T13:40:00+00:00,205.72,206.44,205.72,206.17,2324
2026-06-16T13:45:00+00:00,206.17,206.73,206.05999999999997,206.5,2290
2026-06-16T13:50:00+00:00,206.5,206.79,206.14,206.29999999999998,1908
2026-06-16T13:55:00+00:00,206.29999999999998,206.35,205.36999999999998,205.39999999999998,2112
2026-06-16T14:00:00+00:00,205.39999999999998,206.42999999999998,205.39999999999998,206.30999999999997,2405
2026-06-16T14:05:00+00:00,206.30999999999997,206.91,205.76999999999998,206.83999999999997,1939
2026-06-16T14:10:00+00:00,206.83999999999997,207.07999999999998,206.11999999999998,206.26,2160
2026-06-16T14:15:00+00:00,206.26,206.36999999999998,205.51,205.67,2072
2026-06-16T14:20:00+00:00,205.67,206.04999999999998,205.26999999999998,205.85,2725
2026-06-16T14:25:00+00:00,205.85,206.26,205.52999999999997,205.77999999999997,2714
2026-06-16T14:30:00+00:00,205.77999999999997,205.85,205.25,205.38,3458
2026-06-16T14:35:00+00:00,205.38,206.02999999999997,205.32,205.86999999999998,2592
2026-06-16T14:40:00+00:00,205.86999999999998,206.33999999999997,205.73999999999998,206.08999999999997,1833
2026-06-16T14:45:00+00:00,206.08999999999997,206.27999999999997,205.83999999999997,205.98999999999998,2377
2026-06-16T14:50:00+00:00,205.98999999999998,206.52999999999997,205.98,206.29,2022
2026-06-16T14:55:00+00:00,206.29,206.32999999999998,205.45999999999998,206.04999999999998,2237
2026-06-16T15:00:00+00:00,206.04999999999998,206.22,205.85,206.1,2103
2026-06-16T15:05:00+00:00,206.1,206.76,206.01999999999998,206.69,2074
2026-06-16T15:10:00+00:00,206.69,207.04,206.29,206.39999999999998,1751
2026-06-16T15:15:00+00:00,206.39999999999998,206.52999999999997,205.88,205.98,1720
2026-06-16T15:20:00+00:00,205.98,206.16,205.75,205.92,2191
2026-06-16T15:25:00+00:00,205.92,206.07999999999998,205.42,205.85,2245
2026-06-16T15:30:00+00:00,205.85,206.2,205.79,206.10999999999999,1954
2026-06-16T15:35:00+00:00,206.10999999999999,206.38,205.89,206.14999999999998,1970
2026-06-16T15:40:00+00:00,206.14999999999998,206.17,205.61999999999998,205.79,1992
2026-06-16T15:45:00+00:00,205.79,205.89,205.25,205.51999999999998,2234
2026-06-16T15:50:00+00:00,205.51999999999998,206.29,205.36999999999998,206.17999999999998,2342
2026-06-16T15:55:00+00:00,206.17999999999998,206.26999999999998,205.85999999999999,205.89999999999998,1750
2026-06-16T16:00:00+00:00,205.89999999999998,206.45,205.85999999999999,206.25,1849
2026-06-16T16:05:00+00:00,206.25,206.45,206.1,206.29,1593
2026-06-16T16:10:00+00:00,206.29,206.36999999999998,206.01999999999998,206.07,1370
2026-06-16T16:15:00+00:00,206.07,206.29,205.88,206.04999999999998,1469
2026-06-16T16:20:00+00:00,206.04999999999998,206.23,205.95,206.10999999999999,1271
2026-06-16T16:25:00+00:00,206.10999999999999,206.11999999999998,205.94,206.01,1112
2026-06-16T16:30:00+00:00,206.01,206.01999999999998,205.22,205.25,1833
2026-06-16T16:35:00+00:00,205.25,205.58999999999997,205,205.26,1730
2026-06-16T16:40:00+00:00,205.26,205.66,205.14,205.5,1492
2026-06-16T16:45:00+00:00,205.5,205.72,205.27999999999997,205.6,1338
2026-06-16T16:50:00+00:00,205.6,205.89999999999998,205.54999999999998,205.67,1304
2026-06-16T16:55:00+00:00,205.67,205.86999999999998,205.45,205.85999999999999,1174
2026-06-16T17:00:00+00:00,205.85999999999999,205.85999999999999,205.47,205.70999999999998,1237
2026-06-16T17:05:00+00:00,205.70999999999998,205.82,205.58999999999997,205.75,1102
2026-06-16T17:10:00+00:00,205.75,206.04,205.58999999999997,205.89999999999998,1154
2026-06-16T17:15:00+00:00,205.89999999999998,206.02999999999997,205.64,205.70999999999998,1076
2026-06-16T17:20:00+00:00,205.70999999999998,205.83999999999997,205.44,205.82999999999998,1202
2026-06-16T17:25:00+00:00,205.82999999999998,205.92999999999998,205.67999999999998,205.82,992
2026-06-16T17:30:00+00:00,205.82,206.05999999999997,205.67,205.92999999999998,1049
2026-06-16T17:35:00+00:00,205.92999999999998,206.05999999999997,205.69,205.79,1146
2026-06-16T17:40:00+00:00,205.79,206.04,205.57999999999998,205.89,1342
2026-06-16T17:45:00+00:00,205.89,206.17999999999998,205.85,206.14,890
2026-06-16T17:50:00+00:00,206.14,206.41,206.07,206.39,932
2026-06-16T17:55:00+00:00,206.39,206.42,206.04,206.17,1037
2026-06-16T18:00:00+00:00,206.17,206.42999999999998,206.08999999999997,206.42,1061
2026-06-16T18:05:00+00:00,206.42,206.54999999999998,206.20999999999998,206.25,849
2026-06-16T18:10:00+00:00,206.25,206.35999999999999,206.17,206.20999999999998,725
2026-06-16T18:15:00+00:00,206.20999999999998,206.26,205.89999999999998,205.95,1159
2026-06-16T18:20:00+00:00,205.95,206.1,205.92,206.1,930
2026-06-16T18:25:00+00:00,206.1,206.29999999999998,206.05999999999997,206.17999999999998,762
2026-06-16T18:30:00+00:00,206.17999999999998,206.23,205.91,205.95999999999998,891
2026-06-16T18:35:00+00:00,205.95999999999998,205.98999999999998,205.6,205.72,1265
2026-06-16T18:40:00+00:00,205.72,205.83999999999997,205.51999999999998,205.61999999999998,955
2026-06-16T18:45:00+00:00,205.61999999999998,205.80999999999997,205.48,205.48999999999998,967
2026-06-16T18:50:00+00:00,205.48999999999998,205.79,205.48999999999998,205.70999999999998,950
2026-06-16T18:55:00+00:00,205.70999999999998,205.73,205.54999999999998,205.72,914
2026-06-16T19:00:00+00:00,205.72,206.13,205.57,206.01999999999998,1180
2026-06-16T19:05:00+00:00,206.01999999999998,206.07,205.67,205.7,1195
2026-06-16T19:10:00+00:00,205.7,205.76999999999998,205.22,205.32999999999998,1513
2026-06-16T19:15:00+00:00,205.32999999999998,205.32999999999998,204.77999999999997,205.23,2052
2026-06-16T19:20:00+00:00,205.23,205.64999999999998,205.19,205.54999999999998,1468
2026-06-16T19:25:00+00:00,205.54999999999998,205.70999999999998,205.44,205.67,1290
2026-06-16T19:30:00+00:00,205.67,205.82999999999998,205.27999999999997,205.38,1541
2026-06-16T19:35:00+00:00,205.38,205.51,204.97,205.01999999999998,1708
2026-06-16T19:40:00+00:00,205.01999999999998,205.45999999999998,204.92,205.44,1567
2026-06-16T19:45:00+00:00,205.44,205.45999999999998,205.13,205.25,1562
2026-06-16T19:50:00+00:00,205.25,205.58999999999997,205.1,205.47,2165
2026-06-16T19:55:00+00:00,205.47,205.5,204.01999999999998,204.04999999999998,2821
2026-06-17T13:30:00+00:00,204.04999999999998,205.33999999999997,204.04999999999998,205.11999999999998,1914
2026-06-17T13:35:00+00:00,205.11999999999998,205.26999999999998,204.26999999999998,204.95999999999998,2681
2026-06-17T13:40:00+00:00,204.95999999999998,205.57,204.75,205.35,2561
2026-06-17T13:45:00+00:00,205.35,205.38,204.70999999999998,205.16,2294
2026-06-17T13:50:00+00:00,205.16,205.92999999999998,204.73999999999998,205.23,2596
2026-06-17T13:55:00+00:00,205.23,205.27999999999997,203.83999999999997,203.92,2256
2026-06-17T14:00:00+00:00,203.92,204.30999999999997,203.45999999999998,204.04999999999998,2747
2026-06-17T14:05:00+00:00,204.04999999999998,204.29999999999998,203.57999999999998,203.75,2289
2026-06-17T14:10:00+00:00,203.75,204.30999999999997,203.57999999999998,204.17,2129
2026-06-17T14:15:00+00:00,204.17,204.33999999999997,203.98999999999998,204.23999999999998,1910
2026-06-17T14:20:00+00:00,204.23999999999998,204.94,204.07,204.80999999999997,1991
2026-06-17T14:25:00+00:00,204.80999999999997,204.83999999999997,204.36999999999998,204.60999999999999,1683
2026-06-17T14:30:00+00:00,204.60999999999999,204.63,203.91,204.1,1864
2026-06-17T14:35:00+00:00,204.1,204.29,203.79,203.79999999999998,2095
2026-06-17T14:40:00+00:00,203.79999999999998,204.2,203.44,204.13,2254
2026-06-17T14:45:00+00:00,204.13,204.61999999999998,203.48,203.89999999999998,3273
2026-06-17T14:50:00+00:00,203.89999999999998,204.22,203.69,204.13,2551
2026-06-17T14:55:00+00:00,204.13,204.16,203.06,203.18,2085.0040111739845
2026-06-17T15:00:00+00:00,203.18,203.37,202.61,202.75,2181
2026-06-17T15:05:00+00:00,202.75,203.24,202.65,202.85,1952
2026-06-17T15:10:00+00:00,202.85,203.67000000000002,202.79,203.57,1673
2026-06-17T15:15:00+00:00,203.57,203.75,203.12,203.27,1828
2026-06-17T15:20:00+00:00,203.27,203.5,202.95000000000002,202.98000000000002,1573
2026-06-17T15:25:00+00:00,202.98000000000002,203.19,202.83,203.15,1483
2026-06-17T15:30:00+00:00,203.15,203.32,202.98000000000002,203.20000000000002,1188
2026-06-17T15:35:00+00:00,203.20000000000002,203.43,203.03,203.37,1293
2026-06-17T15:40:00+00:00,203.37,203.37,202.9,203.17000000000002,1271
2026-06-17T15:45:00+00:00,203.17000000000002,203.36,203.06,203.14000000000001,1149
2026-06-17T15:50:00+00:00,203.14000000000001,203.3,202.74,202.92000000000002,1063
2026-06-17T15:55:00+00:00,202.92000000000002,203.18,202.82,203.1,1001
2026-06-17T16:00:00+00:00,203.1,203.49,203.1,203.37,939
2026-06-17T16:05:00+00:00,203.37,203.86,203.31,203.54,1082
2026-06-17T16:10:00+00:00,203.54,203.9,203.5,203.9,989
2026-06-17T16:15:00+00:00,203.9,204.28,203.74,204.25,817
2026-06-17T16:20:00+00:00,204.25,204.37,204.01,204.17000000000002,863
2026-06-17T16:25:00+00:00,204.17000000000002,204.20000000000002,203.96,204.12,726
2026-06-17T16:30:00+00:00,204.12,204.19,203.99,204.09,931
2026-06-17T16:35:00+00:00,204.09,204.33,203.95000000000002,204.23000000000002,913
2026-06-17T16:40:00+00:00,204.23000000000002,204.25,203.85,204,912
2026-06-17T16:45:00+00:00,204,204.08,203.9,203.96,878
2026-06-17T16:50:00+00:00,203.96,204.13,203.92000000000002,203.94,766
2026-06-17T16:55:00+00:00,203.94,204.03,203.77,203.84,674
2026-06-17T17:00:00+00:00,203.84,203.91,203.55,203.62,919
2026-06-17T17:05:00+00:00,203.62,203.97,203.45000000000002,203.89000000000001,1253
2026-06-17T17:10:00+00:00,203.89000000000001,203.97,203.61,203.63,1001
2026-06-17T17:15:00+00:00,203.63,203.76,203.42000000000002,203.69,912
2026-06-17T17:20:00+00:00,203.69,203.95000000000002,203.6,203.92000000000002,745
2026-06-17T17:25:00+00:00,203.92000000000002,204.24,203.86,204.06,681
2026-06-17T17:30:00+00:00,204.06,204.08,203.78,203.89000000000001,840
2026-06-17T17:35:00+00:00,203.89000000000001,204.26,203.88,204.17000000000002,771
2026-06-17T17:40:00+00:00,204.17000000000002,204.20000000000002,203.99,204.04,779
2026-06-17T17:45:00+00:00,204.04,204.20000000000002,204.01,204.15,684
2026-06-17T17:50:00+00:00,204.15,204.62,204.02,204.48000000000002,814
2026-06-17T17:55:00+00:00,204.48000000000002,204.55,204.23000000000002,204.47,740
2026-06-17T18:00:00+00:00,204.47,204.53,202.94,202.96,3197
2026-06-17T18:05:00+00:00,202.96,203.03,202.01,202.97,3291
2026-06-17T18:10:00+00:00,202.97,203.26,202.66,202.87,2590
2026-06-17T18:15:00+00:00,202.87,203.37,202.84,203.08,2453
2026-06-17T18:20:00+00:00,203.08,203.1,202.43,202.53,2057
2026-06-17T18:25:00+00:00,202.53,202.78,202.07,202.67000000000002,2399
2026-06-17T18:30:00+00:00,202.67000000000002,203.1,202.17000000000002,202.26,3158
2026-06-17T18:35:00+00:00,202.26,203.27,202.25,203.03,3041
2026-06-17T18:40:00+00:00,203.03,204.37,203.01,204.29,3196
2026-06-17T18:45:00+00:00,204.29,204.31,203.5,203.85,2654
2026-06-17T18:50:00+00:00,203.85,203.85,203.42000000000002,203.47,2214
2026-06-17T18:55:00+00:00,203.47,203.48000000000002,202.28,202.64000000000001,2942
2026-06-17T19:00:00+00:00,202.64000000000001,203.08,202.42000000000002,202.74,3287
2026-06-17T19:05:00+00:00,202.74,202.92000000000002,202.53,202.63,2696
2026-06-17T19:10:00+00:00,202.63,203.15,202.07,203.1,3270
2026-06-17T19:15:00+00:00,203.1,203.18,201.88,201.98000000000002,2710
2026-06-17T19:20:00+00:00,201.98000000000002,202.01,201.13,201.28,3016
2026-06-17T19:25:00+00:00,201.28,201.99,201.23000000000002,201.42000000000002,2730
2026-06-17T19:30:00+00:00,201.42000000000002,201.85,201.20000000000002,201.3,3027
2026-06-17T19:35:00+00:00,201.3,201.75,200.45000000000002,200.61,3144
2026-06-17T19:40:00+00:00,200.61,200.67000000000002,200.15,200.58,3319
2026-06-17T19:45:00+00:00,200.58,201.25,200.4,200.97,2869
2026-06-17T19:50:00+00:00,200.97,201.02,200.19,200.27,2892
2026-06-17T19:55:00+00:00,200.27,201.59,200.22,201.39000000000001,3093
2026-06-18T13:30:00+00:00,201.39000000000001,204.67000000000002,201.39000000000001,203.36,2545
2026-06-18T13:35:00+00:00,203.36,204.25,203.31,204.07,3199
2026-06-18T13:40:00+00:00,204.07,204.66,203.53,203.84,2851
2026-06-18T13:45:00+00:00,203.84,204.65,203.73000000000002,204.6,3018
2026-06-18T13:50:00+00:00,204.6,205.04,204.37,204.45000000000002,2603
2026-06-18T13:55:00+00:00,204.45000000000002,204.83,204.27,204.54,2818
2026-06-18T14:00:00+00:00,204.54,204.8,204.20000000000002,204.37,2798
2026-06-18T14:05:00+00:00,204.37,205.38,204.3,205.29,2370
2026-06-18T14:10:00+00:00,205.29,205.46,204.81,205.13,2396
2026-06-18T14:15:00+00:00,205.13,205.76,205.02,205.64000000000001,2239
2026-06-18T14:20:00+00:00,205.64000000000001,206.57,205.11,206.41,2238
2026-06-18T14:25:00+00:00,206.41,206.53,205.70000000000002,205.82,2310
2026-06-18T14:30:00+00:00,205.82,205.87,205.34,205.8,2756
2026-06-18T14:35:00+00:00,205.8,206.16,205.32,206.05,2258
2026-06-18T14:40:00+00:00,206.05,206.07,205.53,205.67000000000002,2117
2026-06-18T14:45:00+00:00,205.67000000000002,206.48000000000002,205.6,206.22,1873
2026-06-18T14:50:00+00:00,206.22,206.28,205.82,206,1841
2026-06-18T14:55:00+00:00,206,206.31,205.79,206.03000000000003,1997.0049854899917
2026-06-18T15:00:00+00:00,206.03000000000003,206.33000000000004,205.32000000000005,206.19000000000005,2474
2026-06-18T15:05:00+00:00,206.19000000000005,206.36000000000004,205.93000000000004,206.24000000000004,1585
2026-06-18T15:10:00+00:00,206.24000000000004,206.37000000000003,205.96000000000004,206.01000000000005,1532
2026-06-18T15:15:00+00:00,206.01000000000005,206.37000000000003,205.90000000000003,206.04000000000005,1627
2026-06-18T15:20:00+00:00,206.04000000000005,206.17000000000004,205.68000000000004,205.75000000000006,1689
2026-06-18T15:25:00+00:00,205.75000000000006,205.96000000000004,205.45000000000005,205.59000000000003,1836
2026-06-18T15:30:00+00:00,205.59000000000003,205.81000000000003,205.37000000000003,205.52000000000004,1722
2026-06-18T15:35:00+00:00,205.52000000000004,205.54000000000005,204.98000000000005,205.19000000000005,1828
2026-06-18T15:40:00+00:00,205.19000000000005,205.30000000000004,204.87000000000003,204.89000000000004,1740
2026-06-18T15:45:00+00:00,204.89000000000004,204.90000000000003,204.37000000000003,204.83000000000004,1911
2026-06-18T15:50:00+00:00,204.83000000000004,205.62000000000003,204.81000000000003,205.51000000000005,1593
2026-06-18T15:55:00+00:00,205.51000000000005,205.75000000000006,205.43000000000004,205.70000000000005,1233
2026-06-18T16:00:00+00:00,205.70000000000005,206.06000000000003,205.67000000000004,205.98000000000005,1372
2026-06-18T16:05:00+00:00,205.98000000000005,206.34000000000003,205.86000000000004,205.92000000000004,1270
2026-06-18T16:10:00+00:00,205.92000000000004,206.12000000000003,205.78000000000003,205.94000000000005,1118
2026-06-18T16:15:00+00:00,205.94000000000005,206.35000000000005,205.84000000000003,206.25000000000006,1335
2026-06-18T16:20:00+00:00,206.25000000000006,206.73000000000005,206.22000000000006,206.61000000000004,1376
2026-06-18T16:25:00+00:00,206.61000000000004,206.83000000000004,206.39000000000004,206.72000000000006,1162
2026-06-18T16:30:00+00:00,206.72000000000006,207.31000000000003,206.66000000000005,207.17000000000004,1364
2026-06-18T16:35:00+00:00,207.17000000000004,207.92000000000004,206.94000000000005,207.69000000000005,1227
2026-06-18T16:40:00+00:00,207.69000000000005,207.74000000000004,207.24000000000004,207.44000000000005,1123
2026-06-18T16:45:00+00:00,207.44000000000005,207.53000000000003,207.25000000000006,207.27000000000004,1057
2026-06-18T16:50:00+00:00,207.27000000000004,207.28000000000003,206.78000000000003,206.84000000000003,1254
2026-06-18T16:55:00+00:00,206.84000000000003,207.00000000000006,206.67000000000004,206.78000000000003,1148
2026-06-18T17:00:00+00:00,206.78000000000003,207.13000000000005,206.70000000000005,207.00000000000006,1085
2026-06-18T17:05:00+00:00,207.00000000000006,207.22000000000006,206.98000000000005,207.09000000000003,937
2026-06-18T17:10:00+00:00,207.09000000000003,207.12000000000003,206.66000000000005,206.69000000000005,969
2026-06-18T17:15:00+00:00,206.69000000000005,207.19000000000005,206.60000000000005,207.19000000000005,910
2026-06-18T17:20:00+00:00,207.19000000000005,207.24000000000004,206.78000000000003,206.81000000000003,944
2026-06-18T17:25:00+00:00,206.81000000000003,206.92000000000004,206.68000000000004,206.79000000000005,826
2026-06-18T17:30:00+00:00,206.79000000000005,207.22000000000006,206.75000000000006,207.11000000000004,971
2026-06-18T17:35:00+00:00,207.11000000000004,207.20000000000005,206.93000000000004,206.95000000000005,689
2026-06-18T17:40:00+00:00,206.95000000000005,207.09000000000003,206.86000000000004,206.87000000000003,715
2026-06-18T17:45:00+00:00,206.87000000000003,207.01000000000005,206.73000000000005,206.77000000000004,619
2026-06-18T17:50:00+00:00,206.77000000000004,206.87000000000003,206.70000000000005,206.73000000000005,620
2026-06-18T17:55:00+00:00,206.73000000000005,206.73000000000005,206.54000000000005,206.63000000000005,728
2026-06-18T18:00:00+00:00,206.63000000000005,206.71000000000004,206.37000000000003,206.38000000000005,944
2026-06-18T18:05:00+00:00,206.38000000000005,206.61000000000004,206.33000000000004,206.49000000000004,862
2026-06-18T18:10:00+00:00,206.49000000000004,206.77000000000004,206.37000000000003,206.45000000000005,915
2026-06-18T18:15:00+00:00,206.45000000000005,206.71000000000004,206.41000000000005,206.56000000000003,778
2026-06-18T18:20:00+00:00,206.56000000000003,207.05000000000004,206.52000000000004,206.87000000000003,896
2026-06-18T18:25:00+00:00,206.87000000000003,207.26000000000005,206.66000000000005,206.91000000000005,1101
2026-06-18T18:30:00+00:00,206.91000000000005,207.21000000000004,206.64000000000004,207.05000000000004,971
2026-06-18T18:35:00+00:00,207.05000000000004,207.12000000000003,206.79000000000005,206.83000000000004,820
2026-06-18T18:40:00+00:00,206.83000000000004,206.90000000000003,206.64000000000004,206.87000000000003,763
2026-06-18T18:45:00+00:00,206.87000000000003,206.95000000000005,206.62000000000003,206.66000000000005,764
2026-06-18T18:50:00+00:00,206.66000000000005,206.74000000000004,206.50000000000006,206.51000000000005,743
2026-06-18T18:55:00+00:00,206.51000000000005,206.59000000000003,206.29000000000005,206.41000000000005,754
2026-06-18T19:00:00+00:00,206.41000000000005,206.69000000000005,206.41000000000005,206.61000000000004,1095
2026-06-18T19:05:00+00:00,206.61000000000004,206.91000000000005,206.54000000000005,206.83000000000004,983
2026-06-18T19:10:00+00:00,206.83000000000004,206.92000000000004,206.61000000000004,206.78000000000003,1347
2026-06-18T19:15:00+00:00,206.78000000000003,206.89000000000004,206.62000000000003,206.82000000000005,1041
2026-06-18T19:20:00+00:00,206.82000000000005,206.88000000000005,206.68000000000004,206.71000000000004,834
2026-06-18T19:25:00+00:00,206.71000000000004,206.78000000000003,206.55000000000004,206.58000000000004,857
2026-06-18T19:30:00+00:00,206.58000000000004,206.65000000000003,206.23000000000005,206.51000000000005,1303
2026-06-18T19:35:00+00:00,206.51000000000005,206.94000000000005,206.49000000000004,206.94000000000005,1004
2026-06-18T19:40:00+00:00,206.94000000000005,206.99000000000004,206.80000000000004,206.87000000000003,950
2026-06-18T19:45:00+00:00,206.87000000000003,207.13000000000005,206.64000000000004,206.88000000000005,1511
2026-06-18T19:50:00+00:00,206.88000000000005,208.11000000000004,206.85000000000005,207.81000000000003,2607
2026-06-18T19:55:00+00:00,207.81000000000003,207.96000000000004,206.86000000000004,206.99000000000004,2260
2026-06-22T13:30:00+00:00,206.99000000000004,210.44000000000005,206.99000000000004,210.36000000000004,2866
2026-06-22T13:35:00+00:00,210.36000000000004,210.70000000000005,209.89000000000004,210.14000000000004,2932
2026-06-22T13:40:00+00:00,210.14000000000004,210.58000000000004,208.62000000000003,209.04000000000005,3069
2026-06-22T13:45:00+00:00,209.04000000000005,209.78000000000003,208.32000000000005,209.25000000000006,2939
2026-06-22T13:50:00+00:00,209.25000000000006,209.60000000000005,208.90000000000003,209.25000000000006,2359
2026-06-22T13:55:00+00:00,209.25000000000006,210.05000000000004,209.02000000000004,209.81000000000003,2128
2026-06-22T14:00:00+00:00,209.81000000000003,210.09000000000003,209.42000000000004,209.63000000000005,2277
2026-06-22T14:05:00+00:00,209.63000000000005,210.49000000000004,209.54000000000005,210.49000000000004,2051
2026-06-22T14:10:00+00:00,210.49000000000004,210.70000000000005,209.34000000000003,209.36000000000004,2116
2026-06-22T14:15:00+00:00,209.36000000000004,209.65000000000003,209.09000000000003,209.43000000000004,1922
2026-06-22T14:20:00+00:00,209.43000000000004,209.44000000000005,208.14000000000004,208.22000000000006,2240
2026-06-22T14:25:00+00:00,208.22000000000006,208.38000000000005,207.83000000000004,207.85000000000005,2434
2026-06-22T14:30:00+00:00,207.85000000000005,207.88000000000005,206.52000000000004,206.80000000000004,3273
2026-06-22T14:35:00+00:00,206.80000000000004,207.18000000000004,206.31000000000003,206.48000000000005,2920
2026-06-22T14:40:00+00:00,206.48000000000005,206.60000000000005,205.93000000000004,206.19000000000005,2748
2026-06-22T14:45:00+00:00,206.19000000000005,206.60000000000005,205.99000000000004,206.18000000000004,3222
2026-06-22T14:50:00+00:00,206.18000000000004,206.46000000000004,205.54000000000005,205.68000000000004,2602
2026-06-22T14:55:00+00:00,205.68000000000004,206.15000000000003,205.33000000000004,205.83000000000004,2371
2026-06-22T15:00:00+00:00,205.83000000000004,206.48000000000005,205.74000000000004,206.40000000000003,1976
2026-06-22T15:05:00+00:00,206.40000000000003,206.71000000000004,206.01000000000005,206.55000000000004,2298
2026-06-22T15:10:00+00:00,206.55000000000004,206.80000000000004,206.43000000000004,206.59000000000003,2204
2026-06-22T15:15:00+00:00,206.59000000000003,207.05000000000004,206.48000000000005,206.56000000000003,2138
2026-06-22T15:20:00+00:00,206.56000000000003,206.89000000000004,206.49000000000004,206.71000000000004,1974
2026-06-22T15:25:00+00:00,206.71000000000004,207.10000000000005,206.41000000000005,206.54000000000005,2168
2026-06-22T15:30:00+00:00,206.54000000000005,207.25000000000006,206.52000000000004,207.02000000000004,1956
2026-06-22T15:35:00+00:00,207.02000000000004,207.49000000000004,206.86000000000004,207.42000000000004,1714
2026-06-22T15:40:00+00:00,207.42000000000004,207.61000000000004,207.24000000000004,207.29000000000005,1311
2026-06-22T15:45:00+00:00,207.29000000000005,207.37000000000003,206.38000000000005,206.50000000000006,1693
2026-06-22T15:50:00+00:00,206.50000000000006,206.80000000000004,206.28000000000003,206.28000000000003,1910
2026-06-22T15:55:00+00:00,206.28000000000003,206.72000000000006,206.12000000000003,206.19000000000005,1873
2026-06-22T16:00:00+00:00,206.19000000000005,206.32000000000005,205.88000000000005,205.96000000000004,1971
2026-06-22T16:05:00+00:00,205.96000000000004,206.44000000000005,205.90000000000003,206.35000000000005,1777
2026-06-22T16:10:00+00:00,206.35000000000005,206.53000000000003,206.05000000000004,206.36000000000004,1503
2026-06-22T16:15:00+00:00,206.36000000000004,206.46000000000004,206.12000000000003,206.45000000000005,1245
2026-06-22T16:20:00+00:00,206.45000000000005,206.70000000000005,205.95000000000005,206.16000000000005,1418
2026-06-22T16:25:00+00:00,206.16000000000005,206.51000000000005,206.12000000000003,206.48000000000005,1336
2026-06-22T16:30:00+00:00,206.48000000000005,206.51000000000005,206.18000000000004,206.36000000000004,1154
2026-06-22T16:35:00+00:00,206.36000000000004,206.43000000000004,205.97000000000006,206.15000000000003,1419
2026-06-22T16:40:00+00:00,206.15000000000003,206.24000000000004,205.88000000000005,206.15000000000003,1252
2026-06-22T16:45:00+00:00,206.15000000000003,206.47000000000006,205.93000000000004,206.45000000000005,1379
2026-06-22T16:50:00+00:00,206.45000000000005,206.64000000000004,206.23000000000005,206.48000000000005,1088
2026-06-22T16:55:00+00:00,206.48000000000005,206.52000000000004,205.95000000000005,206.11000000000004,1246
2026-06-22T17:00:00+00:00,206.11000000000004,206.34000000000003,205.94000000000005,206.25000000000006,1078
2026-06-22T17:05:00+00:00,206.25000000000006,206.25000000000006,205.73000000000005,205.74000000000004,1173
2026-06-22T17:10:00+00:00,205.74000000000004,205.82000000000005,205.61000000000004,205.76000000000005,931
2026-06-22T17:15:00+00:00,205.76000000000005,206.10000000000005,205.72000000000006,206.02000000000004,913
2026-06-22T17:20:00+00:00,206.02000000000004,206.11000000000004,205.83000000000004,206.00000000000006,779
2026-06-22T17:25:00+00:00,206.00000000000006,206.00000000000006,205.70000000000005,205.71000000000004,807
2026-06-22T17:30:00+00:00,205.71000000000004,205.77000000000004,205.37000000000003,205.52000000000004,1100
2026-06-22T17:35:00+00:00,205.52000000000004,205.54000000000005,205.26000000000005,205.43000000000004,1008
2026-06-22T17:40:00+00:00,205.43000000000004,205.51000000000005,205.22000000000006,205.25000000000006,920
2026-06-22T17:45:00+00:00,205.25000000000006,205.60000000000005,205.18000000000004,205.55000000000004,943
2026-06-22T17:50:00+00:00,205.55000000000004,205.65000000000003,205.36000000000004,205.55000000000004,828
2026-06-22T17:55:00+00:00,205.55000000000004,205.56000000000003,205.27000000000004,205.28000000000003,809
2026-06-22T18:00:00+00:00,205.28000000000003,205.47000000000006,205.18000000000004,205.43000000000004,879
2026-06-22T18:05:00+00:00,205.43000000000004,205.72000000000006,205.43000000000004,205.62000000000003,806
2026-06-22T18:10:00+00:00,205.62000000000003,205.80000000000004,205.54000000000005,205.71000000000004,588
2026-06-22T18:15:00+00:00,205.71000000000004,205.88000000000005,205.69000000000005,205.79000000000005,517
2026-06-22T18:20:00+00:00,205.79000000000005,206.00000000000006,205.58000000000004,205.58000000000004,784
2026-06-22T18:25:00+00:00,205.58000000000004,205.62000000000003,205.32000000000005,205.47000000000006,806
2026-06-22T18:30:00+00:00,205.47000000000006,205.86000000000004,205.47000000000006,205.65000000000003,818
2026-06-22T18:35:00+00:00,205.65000000000003,205.83000000000004,205.56000000000003,205.60000000000005,762
2026-06-22T18:40:00+00:00,205.60000000000005,205.76000000000005,205.42000000000004,205.43000000000004,836
2026-06-22T18:45:00+00:00,205.43000000000004,205.69000000000005,205.37000000000003,205.66000000000005,862
2026-06-22T18:50:00+00:00,205.66000000000005,205.74000000000004,205.30000000000004,205.48000000000005,1058
2026-06-22T18:55:00+00:00,205.48000000000005,205.52000000000004,205.28000000000003,205.34000000000003,976
2026-06-22T19:00:00+00:00,205.34000000000003,205.43000000000004,205.23000000000005,205.24000000000004,986
2026-06-22T19:05:00+00:00,205.24000000000004,205.38000000000005,205.02000000000004,205.27000000000004,1041
2026-06-22T19:10:00+00:00,205.27000000000004,205.65000000000003,205.22000000000006,205.42000000000004,1035
2026-06-22T19:15:00+00:00,205.42000000000004,205.48000000000005,205.13000000000005,205.23000000000005,1059
2026-06-22T19:20:00+00:00,205.23000000000005,205.23000000000005,204.94000000000005,205.06000000000003,1071
2026-06-22T19:25:00+00:00,205.06000000000003,205.12000000000003,204.67000000000004,204.73000000000005,891
2026-06-22T19:30:00+00:00,204.73000000000005,204.89000000000004,204.58000000000004,204.64000000000004,1118
2026-06-22T19:35:00+00:00,204.64000000000004,204.72000000000006,204.50000000000006,204.64000000000004,1017
2026-06-22T19:40:00+00:00,204.64000000000004,204.78000000000003,204.45000000000005,204.53000000000003,1002
2026-06-22T19:45:00+00:00,204.53000000000003,204.77000000000004,204.43000000000004,204.51000000000005,1044
2026-06-22T19:50:00+00:00,204.51000000000005,205.06000000000003,204.48000000000005,204.99000000000004,1683
2026-06-22T19:55:00+00:00,204.99000000000004,205.58000000000004,204.75000000000006,205.26000000000005,1677
2026-06-23T13:30:00+00:00,205.26000000000005,205.26000000000005,196.76000000000005,198.52000000000004,3997
2026-06-23T13:35:00+00:00,198.52000000000004,199.23000000000005,198.23000000000005,198.77000000000004,3952
2026-06-23T13:40:00+00:00,198.77000000000004,199.07000000000005,198.32000000000005,198.46000000000004,3047
2026-06-23T13:45:00+00:00,198.46000000000004,200.15000000000003,198.32000000000005,199.76000000000005,3431
2026-06-23T13:50:00+00:00,199.76000000000005,200.50000000000006,199.55000000000004,200.05000000000004,3015
2026-06-23T13:55:00+00:00,200.05000000000004,200.19000000000005,199.55000000000004,200.09000000000003,3002
2026-06-23T14:00:00+00:00,200.09000000000003,200.31000000000003,199.78000000000003,200.07000000000005,3096
2026-06-23T14:05:00+00:00,200.07000000000005,200.12000000000003,199.52000000000004,199.82000000000005,2936
2026-06-23T14:10:00+00:00,199.82000000000005,200.13000000000005,199.55000000000004,199.91000000000005,2861
2026-06-23T14:15:00+00:00,199.91000000000005,200.03000000000003,199.57000000000005,199.87000000000003,2535
2026-06-23T14:20:00+00:00,199.87000000000003,200.12000000000003,199.29000000000005,199.56000000000003,2574
2026-06-23T14:25:00+00:00,199.56000000000003,199.87000000000003,199.33000000000004,199.76000000000005,2613
2026-06-23T14:30:00+00:00,199.76000000000005,199.95000000000005,199.38000000000005,199.61000000000004,2525
2026-06-23T14:35:00+00:00,199.61000000000004,200.16000000000005,199.38000000000005,199.59000000000003,2723
2026-06-23T14:40:00+00:00,199.59000000000003,199.99000000000004,199.32000000000005,199.50000000000006,2850
2026-06-23T14:45:00+00:00,199.50000000000006,199.61000000000004,199.18000000000004,199.51000000000005,2639
2026-06-23T14:50:00+00:00,199.51000000000005,199.65000000000003,199.10000000000005,199.34000000000003,2867
2026-06-23T14:55:00+00:00,199.34000000000003,199.39000000000004,198.62000000000003,198.95000000000005,2580
2026-06-23T15:00:00+00:00,198.95000000000005,199.22000000000006,198.33000000000004,198.42000000000004,2760
2026-06-23T15:05:00+00:00,198.42000000000004,198.43000000000004,197.43000000000004,197.55000000000004,2420
2026-06-23T15:10:00+00:00,197.55000000000004,197.89000000000004,197.39000000000004,197.80000000000004,2244
2026-06-23T15:15:00+00:00,197.80000000000004,197.91000000000005,197.39000000000004,197.42000000000004,2013
2026-06-23T15:20:00+00:00,197.42000000000004,197.63000000000005,197.22000000000006,197.25000000000006,1781
2026-06-23T15:25:00+00:00,197.25000000000006,197.61000000000004,197.14000000000004,197.47000000000006,2040
2026-06-23T15:30:00+00:00,197.47000000000006,198.05000000000004,197.34000000000003,197.97000000000006,2028
2026-06-23T15:35:00+00:00,197.97000000000006,198.21000000000004,197.59000000000003,197.77000000000004,1950
2026-06-23T15:40:00+00:00,197.77000000000004,198.20000000000005,197.63000000000005,198.11000000000004,1860
2026-06-23T15:45:00+00:00,198.11000000000004,198.22000000000006,197.92000000000004,198.13000000000005,1850
2026-06-23T15:50:00+00:00,198.13000000000005,198.85000000000005,198.05000000000004,198.63000000000005,1884
2026-06-23T15:55:00+00:00,198.63000000000005,198.70000000000005,198.22000000000006,198.56000000000003,1757
2026-06-23T16:00:00+00:00,198.56000000000003,199.16000000000005,198.52000000000004,199.07000000000005,1613
2026-06-23T16:05:00+00:00,199.07000000000005,199.33000000000004,198.87000000000003,199.18000000000004,1581
2026-06-23T16:10:00+00:00,199.18000000000004,199.69000000000005,199.17000000000004,199.50000000000006,1628
2026-06-23T16:15:00+00:00,199.50000000000006,199.59000000000003,199.13000000000005,199.16000000000005,1612
2026-06-23T16:20:00+00:00,199.16000000000005,199.18000000000004,198.77000000000004,198.96000000000004,1699
2026-06-23T16:25:00+00:00,198.96000000000004,199.07000000000005,198.74000000000004,198.95000000000005,1347
2026-06-23T16:30:00+00:00,198.95000000000005,199.04000000000005,198.64000000000004,198.69000000000005,1416
2026-06-23T16:35:00+00:00,198.69000000000005,198.99000000000004,198.65000000000003,198.94000000000005,1330
2026-06-23T16:40:00+00:00,198.94000000000005,199.23000000000005,198.90000000000003,199.21000000000004,1292
2026-06-23T16:45:00+00:00,199.21000000000004,199.26000000000005,198.80000000000004,198.95000000000005,1419
2026-06-23T16:50:00+00:00,198.95000000000005,198.98000000000005,198.65000000000003,198.85000000000005,1291
2026-06-23T16:55:00+00:00,198.85000000000005,199.17000000000004,198.68000000000004,199.02000000000004,1295
2026-06-23T17:00:00+00:00,199.02000000000004,199.07000000000005,198.67000000000004,198.72000000000006,1296
2026-06-23T17:05:00+00:00,198.72000000000006,198.82000000000005,198.46000000000004,198.69000000000005,1253
2026-06-23T17:10:00+00:00,198.69000000000005,199.13000000000005,198.67000000000004,198.85000000000005,1571
2026-06-23T17:15:00+00:00,198.85000000000005,199.01000000000005,198.68000000000004,198.95000000000005,1294
2026-06-23T17:20:00+00:00,198.95000000000005,199.47000000000006,198.94000000000005,199.37000000000003,1324
2026-06-23T17:25:00+00:00,199.37000000000003,199.53000000000003,199.18000000000004,199.21000000000004,1104
2026-06-23T17:30:00+00:00,199.21000000000004,199.28000000000003,198.93000000000004,199.22000000000006,1347
2026-06-23T17:35:00+00:00,199.22000000000006,199.35000000000005,198.94000000000005,198.95000000000005,1311
2026-06-23T17:40:00+00:00,198.95000000000005,199.03000000000003,198.79000000000005,198.86000000000004,1152
2026-06-23T17:45:00+00:00,198.86000000000004,199.04000000000005,198.78000000000003,198.90000000000003,1151
2026-06-23T17:50:00+00:00,198.90000000000003,198.91000000000005,198.33000000000004,198.40000000000003,1065
2026-06-23T17:55:00+00:00,198.40000000000003,198.57000000000005,198.32000000000005,198.33000000000004,1281
2026-06-23T18:00:00+00:00,198.33000000000004,198.74000000000004,198.26000000000005,198.47000000000006,1591
2026-06-23T18:05:00+00:00,198.47000000000006,198.50000000000006,198.15000000000003,198.36000000000004,1147
2026-06-23T18:10:00+00:00,198.36000000000004,198.50000000000006,198.31000000000003,198.43000000000004,1164
2026-06-23T18:15:00+00:00,198.43000000000004,198.54000000000005,198.18000000000004,198.37000000000003,1118
2026-06-23T18:20:00+00:00,198.37000000000003,198.50000000000006,198.26000000000005,198.41000000000005,1135
2026-06-23T18:25:00+00:00,198.41000000000005,198.49000000000004,198.22000000000006,198.36000000000004,956
2026-06-23T18:30:00+00:00,198.36000000000004,198.38000000000005,198.04000000000005,198.13000000000005,977
2026-06-23T18:35:00+00:00,198.13000000000005,198.19000000000005,197.90000000000003,197.92000000000004,957
2026-06-23T18:40:00+00:00,197.92000000000004,197.94000000000005,197.43000000000004,197.45000000000005,1368
2026-06-23T18:45:00+00:00,197.45000000000005,197.53000000000003,197.21000000000004,197.46000000000004,1722
2026-06-23T18:50:00+00:00,197.46000000000004,197.70000000000005,197.02000000000004,197.31000000000003,1627
2026-06-23T18:55:00+00:00,197.31000000000003,197.41000000000005,197.06000000000003,197.34000000000003,1791
2026-06-23T19:00:00+00:00,197.34000000000003,197.88000000000005,197.23000000000005,197.80000000000004,1928
2026-06-23T19:05:00+00:00,197.80000000000004,198.15000000000003,197.44000000000005,197.59000000000003,2134
2026-06-23T19:10:00+00:00,197.59000000000003,197.79000000000005,197.42000000000004,197.64000000000004,1905
2026-06-23T19:15:00+00:00,197.64000000000004,197.85000000000005,197.55000000000004,197.61000000000004,1669
2026-06-23T19:20:00+00:00,197.61000000000004,198.19000000000005,197.42000000000004,197.89000000000004,1954
2026-06-23T19:25:00+00:00,197.89000000000004,198.16000000000005,197.78000000000003,197.94000000000005,1917
2026-06-23T19:30:00+00:00,197.94000000000005,198.20000000000005,197.79000000000005,198.13000000000005,1879
2026-06-23T19:35:00+00:00,198.13000000000005,198.19000000000005,197.66000000000005,197.66000000000005,1877
2026-06-23T19:40:00+00:00,197.66000000000005,197.70000000000005,197.28000000000003,197.53000000000003,1864
2026-06-23T19:45:00+00:00,197.53000000000003,197.60000000000005,196.88000000000005,197.32000000000005,2297
2026-06-23T19:50:00+00:00,197.32000000000005,197.95000000000005,197.32000000000005,197.81000000000003,2678
2026-06-23T19:55:00+00:00,197.81000000000003,197.83000000000004,196.73000000000005,196.75000000000006,2972
2026-06-24T13:30:00+00:00,196.75000000000006,198.35000000000005,196.12000000000003,197.35000000000005,2760
2026-06-24T13:35:00+00:00,197.35000000000005,197.72000000000006,196.78000000000003,197.36000000000004,3245
2026-06-24T13:40:00+00:00,197.36000000000004,197.62000000000003,196.84000000000003,197.42000000000004,3271
2026-06-24T13:45:00+00:00,197.42000000000004,197.93000000000004,196.40000000000003,196.98000000000005,3395
2026-06-24T13:50:00+00:00,196.98000000000005,197.79000000000005,196.97000000000006,197.69000000000005,2666
2026-06-24T13:55:00+00:00,197.69000000000005,197.70000000000005,196.95000000000005,196.95000000000005,2497
2026-06-24T14:00:00+00:00,196.95000000000005,197.25000000000006,196.44000000000005,196.73000000000005,3006
2026-06-24T14:05:00+00:00,196.73000000000005,197.16000000000005,195.89000000000004,196.07000000000005,3001
2026-06-24T14:10:00+00:00,196.07000000000005,196.55000000000004,195.78000000000003,196.32000000000005,2596
2026-06-24T14:15:00+00:00,196.32000000000005,196.56000000000003,195.56000000000003,195.69000000000005,2642
2026-06-24T14:20:00+00:00,195.69000000000005,196.41000000000005,195.32000000000005,196.33000000000004,2775
2026-06-24T14:25:00+00:00,196.33000000000004,196.91000000000005,196.26000000000005,196.58000000000004,2132
2026-06-24T14:30:00+00:00,196.58000000000004,197.32000000000005,196.57000000000005,197.04000000000005,1989
2026-06-24T14:35:00+00:00,197.04000000000005,197.21000000000004,196.63000000000005,196.72000000000006,2147
2026-06-24T14:40:00+00:00,196.72000000000006,197.51000000000005,196.72000000000006,197.47000000000006,1803
2026-06-24T14:45:00+00:00,197.47000000000006,198.02000000000004,197.31000000000003,197.71000000000004,1840
2026-06-24T14:50:00+00:00,197.71000000000004,197.98000000000005,197.49000000000004,197.54000000000005,1499
2026-06-24T14:55:00+00:00,197.54000000000005,197.98000000000005,197.27000000000004,197.89000000000004,1809.5633472169632
2026-06-24T15:00:00+00:00,197.89000000000004,198.21000000000004,197.72000000000003,197.93000000000004,1531
2026-06-24T15:05:00+00:00,197.93000000000004,198.04000000000002,197.50000000000003,197.65000000000003,1427
2026-06-24T15:10:00+00:00,197.65000000000003,197.95000000000005,197.47000000000003,197.69000000000003,1544
2026-06-24T15:15:00+00:00,197.69000000000003,198.04000000000002,197.53000000000003,197.69000000000003,1377
2026-06-24T15:20:00+00:00,197.69000000000003,197.81000000000003,197.10000000000002,197.23000000000005,1365
2026-06-24T15:25:00+00:00,197.23000000000005,197.62000000000003,197.04000000000002,197.61000000000004,1471
2026-06-24T15:30:00+00:00,197.61000000000004,197.86000000000004,197.31000000000003,197.49000000000004,1401
2026-06-24T15:35:00+00:00,197.49000000000004,197.67000000000004,197.31000000000003,197.42000000000004,1359
2026-06-24T15:40:00+00:00,197.42000000000004,197.54000000000002,197.20000000000005,197.47000000000003,1518
2026-06-24T15:45:00+00:00,197.47000000000003,197.65000000000003,197.10000000000002,197.59000000000003,1661
2026-06-24T15:50:00+00:00,197.59000000000003,197.96000000000004,197.56000000000003,197.73000000000005,1628
2026-06-24T15:55:00+00:00,197.73000000000005,197.84000000000003,197.39000000000004,197.51000000000002,1592
2026-06-24T16:00:00+00:00,197.51000000000002,197.72000000000003,197.38000000000002,197.48000000000005,1566
2026-06-24T16:05:00+00:00,197.48000000000005,197.62000000000003,197.24000000000004,197.38000000000002,1539
2026-06-24T16:10:00+00:00,197.38000000000002,197.72000000000003,197.25000000000003,197.56000000000003,1544
2026-06-24T16:15:00+00:00,197.56000000000003,197.72000000000003,197.35000000000002,197.42000000000004,1373
2026-06-24T16:20:00+00:00,197.42000000000004,197.62000000000003,197.29000000000002,197.60000000000002,1430
2026-06-24T16:25:00+00:00,197.60000000000002,197.62000000000003,197.30000000000004,197.42000000000004,1236
2026-06-24T16:30:00+00:00,197.42000000000004,197.45000000000005,196.96000000000004,196.99000000000004,1455
2026-06-24T16:35:00+00:00,196.99000000000004,197.18000000000004,196.45000000000005,196.49000000000004,1709
2026-06-24T16:40:00+00:00,196.49000000000004,196.59000000000003,196.21000000000004,196.37000000000003,2156
2026-06-24T16:45:00+00:00,196.37000000000003,196.40000000000003,196.04000000000002,196.18000000000004,1573
2026-06-24T16:50:00+00:00,196.18000000000004,196.52000000000004,196.03000000000003,196.06000000000003,1406
2026-06-24T16:55:00+00:00,196.06000000000003,196.13000000000002,195.83000000000004,195.93000000000004,1305
2026-06-24T17:00:00+00:00,195.93000000000004,196.26000000000002,195.82000000000002,196.23000000000005,1347
2026-06-24T17:05:00+00:00,196.23000000000005,196.25000000000003,195.33000000000004,195.57000000000002,1660
2026-06-24T17:10:00+00:00,195.57000000000002,195.83000000000004,195.47000000000003,195.58000000000004,1667
2026-06-24T17:15:00+00:00,195.58000000000004,195.73000000000005,195.03000000000003,195.12000000000003,2108
2026-06-24T17:20:00+00:00,195.12000000000003,195.27000000000004,194.82000000000002,194.96000000000004,2107
2026-06-24T17:25:00+00:00,194.96000000000004,195.07000000000002,194.57000000000002,194.66000000000003,2146
2026-06-24T17:30:00+00:00,194.66000000000003,194.89000000000004,194.15000000000003,194.60000000000002,2314
2026-06-24T17:35:00+00:00,194.60000000000002,195.04000000000002,194.22000000000003,194.50000000000003,2313
2026-06-24T17:40:00+00:00,194.50000000000003,194.81000000000003,194.36000000000004,194.47000000000003,2251
2026-06-24T17:45:00+00:00,194.47000000000003,194.82000000000002,194.21000000000004,194.66000000000003,2145
2026-06-24T17:50:00+00:00,194.66000000000003,194.74000000000004,194.37000000000003,194.53000000000003,2028
2026-06-24T17:55:00+00:00,194.53000000000003,194.88000000000002,194.08000000000004,194.16000000000003,2046
2026-06-24T18:00:00+00:00,194.16000000000003,194.57000000000002,194.02000000000004,194.35000000000002,2417
2026-06-24T18:05:00+00:00,194.35000000000002,195.00000000000003,194.33000000000004,194.64000000000004,1972
2026-06-24T18:10:00+00:00,194.64000000000004,194.69000000000003,194.05000000000004,194.31000000000003,1901
2026-06-24T18:15:00+00:00,194.31000000000003,195.11000000000004,194.30000000000004,195.01000000000002,2032
2026-06-24T18:20:00+00:00,195.01000000000002,195.23000000000005,194.73000000000005,195.20000000000005,1663
2026-06-24T18:25:00+00:00,195.20000000000005,195.47000000000003,195.08000000000004,195.28000000000003,1769
2026-06-24T18:30:00+00:00,195.28000000000003,195.44000000000003,194.90000000000003,195.07000000000002,1843
2026-06-24T18:35:00+00:00,195.07000000000002,195.15000000000003,194.68000000000004,194.70000000000005,1689
2026-06-24T18:40:00+00:00,194.70000000000005,194.81000000000003,194.40000000000003,194.60000000000002,1970
2026-06-24T18:45:00+00:00,194.60000000000002,194.60000000000002,193.81000000000003,193.95000000000005,1872
2026-06-24T18:50:00+00:00,193.95000000000005,194.19000000000003,193.75000000000003,194.15000000000003,2162
2026-06-24T18:55:00+00:00,194.15000000000003,194.48000000000005,193.75000000000003,193.88000000000002,2010
2026-06-24T19:00:00+00:00,193.88000000000002,194.44000000000003,193.70000000000005,194.37000000000003,2157
2026-06-24T19:05:00+00:00,194.37000000000003,194.38000000000002,193.40000000000003,193.52000000000004,2472
2026-06-24T19:10:00+00:00,193.52000000000004,193.75000000000003,193.28000000000003,193.68000000000004,2329
2026-06-24T19:15:00+00:00,193.68000000000004,193.89000000000004,193.51000000000002,193.72000000000003,2100
2026-06-24T19:20:00+00:00,193.72000000000003,194.09000000000003,193.53000000000003,194.08000000000004,2202
2026-06-24T19:25:00+00:00,194.08000000000004,194.71000000000004,194.05000000000004,194.46000000000004,2063
2026-06-24T19:30:00+00:00,194.46000000000004,194.67000000000004,194.08000000000004,194.18000000000004,2107
2026-06-24T19:35:00+00:00,194.18000000000004,194.48000000000005,193.95000000000005,194.35000000000002,2227
2026-06-24T19:40:00+00:00,194.35000000000002,194.55000000000004,193.64000000000004,193.97000000000003,2084
2026-06-24T19:45:00+00:00,193.97000000000003,194.36000000000004,193.67000000000004,194.01000000000002,2176
2026-06-24T19:50:00+00:00,194.01000000000002,194.94000000000003,193.81000000000003,194.61000000000004,2352
2026-06-24T19:55:00+00:00,194.61000000000004,195.94000000000003,194.52000000000004,195.70000000000005,2591
2026-06-25T13:30:00+00:00,195.70000000000005,197.39000000000004,195.17000000000004,195.77000000000004,2451
2026-06-25T13:35:00+00:00,195.77000000000004,196.40000000000003,194.56000000000003,194.60000000000002,3124
2026-06-25T13:40:00+00:00,194.60000000000002,194.76000000000002,192.60000000000002,192.83000000000004,3350
2026-06-25T13:45:00+00:00,192.83000000000004,193.16000000000003,190.58000000000004,191.27000000000004,4389
2026-06-25T13:50:00+00:00,191.27000000000004,191.60000000000002,190.10000000000002,190.15000000000003,4159
2026-06-25T13:55:00+00:00,190.15000000000003,190.42000000000004,188.83000000000004,189.08000000000004,4319
2026-06-25T14:00:00+00:00,189.08000000000004,190.94000000000003,189.03000000000003,190.68000000000004,4342
2026-06-25T14:05:00+00:00,190.68000000000004,191.77000000000004,190.66000000000003,191.66000000000003,4087
2026-06-25T14:10:00+00:00,191.66000000000003,192.60000000000002,191.09000000000003,191.12000000000003,3875
2026-06-25T14:15:00+00:00,191.12000000000003,191.51000000000002,190.33000000000004,191.18000000000004,3859
2026-06-25T14:20:00+00:00,191.18000000000004,191.63000000000002,190.67000000000004,191.12000000000003,3826
2026-06-25T14:25:00+00:00,191.12000000000003,191.49000000000004,190.87000000000003,191.19000000000003,3494
2026-06-25T14:30:00+00:00,191.19000000000003,192.31000000000003,191.15000000000003,191.71000000000004,3529
2026-06-25T14:35:00+00:00,191.71000000000004,191.94000000000003,191.23000000000005,191.82000000000002,3153
2026-06-25T14:40:00+00:00,191.82000000000002,191.90000000000003,191.04000000000002,191.30000000000004,3157
2026-06-25T14:45:00+00:00,191.30000000000004,191.82000000000002,190.97000000000003,191.81000000000003,3217
2026-06-25T14:50:00+00:00,191.81000000000003,193.10000000000002,191.61000000000004,193.06000000000003,2662
2026-06-25T14:55:00+00:00,193.06000000000003,193.15000000000003,191.95000000000005,192.16000000000003,2786
2026-06-25T15:00:00+00:00,192.16000000000003,193.20000000000005,192.03000000000003,193.15000000000003,3002
2026-06-25T15:05:00+00:00,193.15000000000003,193.38000000000002,192.37000000000003,192.76000000000002,2789
2026-06-25T15:10:00+00:00,192.76000000000002,192.89000000000004,191.90000000000003,192.29000000000002,2418
2026-06-25T15:15:00+00:00,192.29000000000002,192.33000000000004,191.47000000000003,191.93000000000004,3114
2026-06-25T15:20:00+00:00,191.93000000000004,192.48000000000005,191.47000000000003,192.30000000000004,2551
2026-06-25T15:25:00+00:00,192.30000000000004,192.33000000000004,191.72000000000003,191.87000000000003,2545
2026-06-25T15:30:00+00:00,191.87000000000003,192.41000000000003,191.83000000000004,192.05000000000004,2509
2026-06-25T15:35:00+00:00,192.05000000000004,192.59000000000003,192.05000000000004,192.09000000000003,2364
2026-06-25T15:40:00+00:00,192.09000000000003,192.59000000000003,191.94000000000003,192.46000000000004,2294
2026-06-25T15:45:00+00:00,192.46000000000004,193.09000000000003,192.43000000000004,192.52000000000004,2276
2026-06-25T15:50:00+00:00,192.52000000000004,192.71000000000004,192.28000000000003,192.65000000000003,1995
2026-06-25T15:55:00+00:00,192.65000000000003,192.83000000000004,192.29000000000002,192.29000000000002,2000
2026-06-25T16:00:00+00:00,192.29000000000002,192.71000000000004,192.26000000000002,192.53000000000003,2076
2026-06-25T16:05:00+00:00,192.53000000000003,193.10000000000002,192.49000000000004,193.04000000000002,2072
2026-06-25T16:10:00+00:00,193.04000000000002,193.65000000000003,192.96000000000004,193.42000000000004,2049
2026-06-25T16:15:00+00:00,193.42000000000004,193.76000000000002,193.18000000000004,193.25000000000003,1926
2026-06-25T16:20:00+00:00,193.25000000000003,193.32000000000002,192.71000000000004,192.73000000000005,1853
2026-06-25T16:25:00+00:00,192.73000000000005,192.82000000000002,192.44000000000003,192.68000000000004,1597
2026-06-25T16:30:00+00:00,192.68000000000004,192.71000000000004,192.00000000000003,192.10000000000002,1846
2026-06-25T16:35:00+00:00,192.10000000000002,192.30000000000004,191.90000000000003,191.96000000000004,1793
2026-06-25T16:40:00+00:00,191.96000000000004,192.09000000000003,191.62000000000003,191.68000000000004,1772
2026-06-25T16:45:00+00:00,191.68000000000004,191.95000000000005,191.20000000000005,191.86000000000004,2213
2026-06-25T16:50:00+00:00,191.86000000000004,191.86000000000004,191.31000000000003,191.61000000000004,1647
2026-06-25T16:55:00+00:00,191.61000000000004,191.69000000000003,191.39000000000004,191.55000000000004,1446
2026-06-25T17:00:00+00:00,191.55000000000004,191.83000000000004,191.33000000000004,191.41000000000003,1540
2026-06-25T17:05:00+00:00,191.41000000000003,191.56000000000003,191.25000000000003,191.42000000000004,1484
2026-06-25T17:10:00+00:00,191.42000000000004,192.07000000000002,191.40000000000003,191.91000000000003,1643
2026-06-25T17:15:00+00:00,191.91000000000003,192.44000000000003,191.66000000000003,191.68000000000004,1732
2026-06-25T17:20:00+00:00,191.68000000000004,191.99000000000004,191.50000000000003,191.90000000000003,1655
2026-06-25T17:25:00+00:00,191.90000000000003,192.30000000000004,191.83000000000004,192.11000000000004,1548
2026-06-25T17:30:00+00:00,192.11000000000004,192.29000000000002,191.84000000000003,192.00000000000003,1513
2026-06-25T17:35:00+00:00,192.00000000000003,192.32000000000002,191.96000000000004,192.23000000000005,1359
2026-06-25T17:40:00+00:00,192.23000000000005,192.37000000000003,191.62000000000003,191.73000000000005,1459
2026-06-25T17:45:00+00:00,191.73000000000005,191.76000000000002,191.07000000000002,191.20000000000005,1551
2026-06-25T17:50:00+00:00,191.20000000000005,191.49000000000004,191.10000000000002,191.38000000000002,1691
2026-06-25T17:55:00+00:00,191.38000000000002,191.53000000000003,191.13000000000002,191.50000000000003,1705
2026-06-25T18:00:00+00:00,191.50000000000003,191.50000000000003,190.42000000000004,190.70000000000005,2394
2026-06-25T18:05:00+00:00,190.70000000000005,191.28000000000003,190.60000000000002,191.22000000000003,1970
2026-06-25T18:10:00+00:00,191.22000000000003,191.51000000000002,190.82000000000002,191.05000000000004,1684
2026-06-25T18:15:00+00:00,191.05000000000004,191.88000000000002,190.95000000000005,191.78000000000003,1796
2026-06-25T18:20:00+00:00,191.78000000000003,191.96000000000004,191.53000000000003,191.76000000000002,1807
2026-06-25T18:25:00+00:00,191.76000000000002,192.56000000000003,191.76000000000002,192.47000000000003,1526
2026-06-25T18:30:00+00:00,192.47000000000003,192.48000000000005,191.63000000000002,191.70000000000005,1934
2026-06-25T18:35:00+00:00,191.70000000000005,191.87000000000003,191.47000000000003,191.80000000000004,1755
2026-06-25T18:40:00+00:00,191.80000000000004,191.89000000000004,191.50000000000003,191.80000000000004,1514
2026-06-25T18:45:00+00:00,191.80000000000004,191.80000000000004,191.19000000000003,191.60000000000002,1759
2026-06-25T18:50:00+00:00,191.60000000000002,191.73000000000005,191.05000000000004,191.17000000000004,1563
2026-06-25T18:55:00+00:00,191.17000000000004,191.41000000000003,190.80000000000004,191.11000000000004,1424
2026-06-25T19:00:00+00:00,191.11000000000004,191.35000000000002,190.91000000000003,190.99000000000004,1469
2026-06-25T19:05:00+00:00,190.99000000000004,191.21000000000004,190.93000000000004,191.02000000000004,1592
2026-06-25T19:10:00+00:00,191.02000000000004,191.07000000000002,190.75000000000003,190.81000000000003,1618
2026-06-25T19:15:00+00:00,190.81000000000003,190.85000000000002,190.40000000000003,190.82000000000002,1876
2026-06-25T19:20:00+00:00,190.82000000000002,191.28000000000003,190.81000000000003,191.17000000000004,1669
2026-06-25T19:25:00+00:00,191.17000000000004,191.25000000000003,190.70000000000005,191.06000000000003,1561
2026-06-25T19:30:00+00:00,191.06000000000003,191.18000000000004,190.59000000000003,191.14000000000004,1851
2026-06-25T19:35:00+00:00,191.14000000000004,191.14000000000004,190.61000000000004,190.95000000000005,1612
2026-06-25T19:40:00+00:00,190.95000000000005,191.53000000000003,190.91000000000003,191.41000000000003,1765
2026-06-25T19:45:00+00:00,191.41000000000003,191.55000000000004,190.80000000000004,191.02000000000004,1912
2026-06-25T19:50:00+00:00,191.02000000000004,191.99000000000004,190.68000000000004,191.84000000000003,2150
2026-06-25T19:55:00+00:00,191.84000000000003,192.63000000000002,191.68000000000004,192.50000000000003,2761
2026-06-26T13:30:00+00:00,192.50000000000003,192.50000000000003,187.91000000000003,188.30000000000004,3184
2026-06-26T13:35:00+00:00,188.30000000000004,189.47000000000003,188.20000000000005,189.33000000000004,3720
2026-06-26T13:40:00+00:00,189.33000000000004,190.00000000000003,188.81000000000003,189.75000000000003,3803
2026-06-26T13:45:00+00:00,189.75000000000003,189.93000000000004,188.94000000000003,189.51000000000002,3342
2026-06-26T13:50:00+00:00,189.51000000000002,190.51000000000002,189.46000000000004,190.08000000000004,3472
2026-06-26T13:55:00+00:00,190.08000000000004,190.75000000000003,189.81000000000003,190.27000000000004,2979
2026-06-26T14:00:00+00:00,190.27000000000004,190.96000000000004,190.03000000000003,190.46000000000004,3267
2026-06-26T14:05:00+00:00,190.46000000000004,190.91000000000003,190.28000000000003,190.52000000000004,3014
2026-06-26T14:10:00+00:00,190.52000000000004,190.93000000000004,190.08000000000004,190.70000000000005,2859
2026-06-26T14:15:00+00:00,190.70000000000005,190.74000000000004,189.96000000000004,190.31000000000003,2574
2026-06-26T14:20:00+00:00,190.31000000000003,191.23000000000005,190.27000000000004,190.79000000000002,2789
2026-06-26T14:25:00+00:00,190.79000000000002,191.06000000000003,190.26000000000002,190.42000000000004,2619
2026-06-26T14:30:00+00:00,190.42000000000004,190.63000000000002,189.75000000000003,190.46000000000004,2576
2026-06-26T14:35:00+00:00,190.46000000000004,190.49000000000004,189.70000000000005,189.76000000000002,2367
2026-06-26T14:40:00+00:00,189.76000000000002,190.22000000000003,189.35000000000002,189.57000000000002,2887
2026-06-26T14:45:00+00:00,189.57000000000002,190.18000000000004,189.38000000000002,189.84000000000003,2723
2026-06-26T14:50:00+00:00,189.84000000000003,190.27000000000004,189.70000000000005,190.01000000000002,2718
2026-06-26T14:55:00+00:00,190.01000000000002,190.23000000000005,189.74000000000004,189.80000000000007,2436.6082118188797
2026-06-26T15:00:00+00:00,189.80000000000007,190.34000000000006,189.80000000000007,190.01000000000008,2431
2026-06-26T15:05:00+00:00,190.01000000000008,190.09000000000006,189.62000000000006,189.99000000000007,2415
2026-06-26T15:10:00+00:00,189.99000000000007,190.04000000000005,189.38000000000005,189.42000000000007,2312
2026-06-26T15:15:00+00:00,189.42000000000007,190.03000000000006,189.21000000000006,189.89000000000007,2438
2026-06-26T15:20:00+00:00,189.89000000000007,190.13000000000005,189.75000000000006,190.09000000000006,2073
2026-06-26T15:25:00+00:00,190.09000000000006,190.38000000000005,189.89000000000007,190.35000000000005,2026
2026-06-26T15:30:00+00:00,190.35000000000005,190.81000000000006,190.32000000000005,190.58000000000007,2151
2026-06-26T15:35:00+00:00,190.58000000000007,191.91000000000005,190.55000000000007,191.82000000000005,2027
2026-06-26T15:40:00+00:00,191.82000000000005,191.99000000000007,191.46000000000006,191.85000000000005,1948
2026-06-26T15:45:00+00:00,191.85000000000005,191.93000000000006,191.40000000000006,191.46000000000006,1816
2026-06-26T15:50:00+00:00,191.46000000000006,191.73000000000008,190.52000000000007,190.68000000000006,2543
2026-06-26T15:55:00+00:00,190.68000000000006,191.43000000000006,190.64000000000007,191.09000000000006,1951
2026-06-26T16:00:00+00:00,191.09000000000006,191.14000000000007,190.70000000000007,190.85000000000005,1599
2026-06-26T16:05:00+00:00,190.85000000000005,190.98000000000008,190.65000000000006,190.71000000000006,1681
2026-06-26T16:10:00+00:00,190.71000000000006,190.87000000000006,190.36000000000007,190.51000000000008,1784
2026-06-26T16:15:00+00:00,190.51000000000008,190.84000000000006,190.36000000000007,190.83000000000007,1601
2026-06-26T16:20:00+00:00,190.83000000000007,191.06000000000006,190.53000000000006,190.82000000000005,2002
2026-06-26T16:25:00+00:00,190.82000000000005,191.14000000000007,190.77000000000007,190.89000000000007,1450
2026-06-26T16:30:00+00:00,190.89000000000007,191.20000000000007,190.87000000000006,191.11000000000007,1477
2026-06-26T16:35:00+00:00,191.11000000000007,191.31000000000006,191.02000000000007,191.10000000000005,1378
2026-06-26T16:40:00+00:00,191.10000000000005,191.21000000000006,190.93000000000006,190.95000000000007,1271
2026-06-26T16:45:00+00:00,190.95000000000007,191.09000000000006,190.66000000000005,190.95000000000007,1320
2026-06-26T16:50:00+00:00,190.95000000000007,191.14000000000007,190.84000000000006,190.92000000000007,1166
2026-06-26T16:55:00+00:00,190.92000000000007,191.03000000000006,190.78000000000006,190.87000000000006,1003
2026-06-26T17:00:00+00:00,190.87000000000006,191.42000000000007,190.75000000000006,191.33000000000007,1273
2026-06-26T17:05:00+00:00,191.33000000000007,191.54000000000005,191.27000000000007,191.45000000000007,1104
2026-06-26T17:10:00+00:00,191.45000000000007,191.58000000000007,191.26000000000008,191.42000000000007,1002
2026-06-26T17:15:00+00:00,191.42000000000007,191.46000000000006,190.96000000000006,191.01000000000008,1002
2026-06-26T17:20:00+00:00,191.01000000000008,191.34000000000006,190.87000000000006,191.07000000000005,1116
2026-06-26T17:25:00+00:00,191.07000000000005,191.92000000000007,190.88000000000005,191.76000000000008,1279
2026-06-26T17:30:00+00:00,191.76000000000008,192.29000000000005,191.67000000000007,191.92000000000007,1579
2026-06-26T17:35:00+00:00,191.92000000000007,191.96000000000006,191.46000000000006,191.68000000000006,1462
2026-06-26T17:40:00+00:00,191.68000000000006,191.80000000000007,191.43000000000006,191.59000000000006,1461
2026-06-26T17:45:00+00:00,191.59000000000006,191.72000000000006,191.44000000000005,191.47000000000006,1256
2026-06-26T17:50:00+00:00,191.47000000000006,191.48000000000008,191.20000000000007,191.29000000000005,1093
2026-06-26T17:55:00+00:00,191.29000000000005,191.52000000000007,191.04000000000005,191.33000000000007,1283
2026-06-26T18:00:00+00:00,191.33000000000007,191.53000000000006,191.15000000000006,191.40000000000006,1450
2026-06-26T18:05:00+00:00,191.40000000000006,192.03000000000006,191.37000000000006,191.82000000000005,1511
2026-06-26T18:10:00+00:00,191.82000000000005,191.92000000000007,191.34000000000006,191.40000000000006,1309
2026-06-26T18:15:00+00:00,191.40000000000006,191.46000000000006,190.91000000000005,191.01000000000008,1406
2026-06-26T18:20:00+00:00,191.01000000000008,191.20000000000007,190.92000000000007,190.94000000000005,1424
2026-06-26T18:25:00+00:00,190.94000000000005,191.11000000000007,190.64000000000007,190.74000000000007,1274
2026-06-26T18:30:00+00:00,190.74000000000007,191.10000000000005,190.49000000000007,191.02000000000007,1488
2026-06-26T18:35:00+00:00,191.02000000000007,191.02000000000007,190.61000000000007,190.70000000000007,1198
2026-06-26T18:40:00+00:00,190.70000000000007,190.83000000000007,190.58000000000007,190.71000000000006,1068
2026-06-26T18:45:00+00:00,190.71000000000006,190.73000000000008,190.34000000000006,190.40000000000006,1406
2026-06-26T18:50:00+00:00,190.40000000000006,190.56000000000006,190.18000000000006,190.39000000000007,1386
2026-06-26T18:55:00+00:00,190.39000000000007,190.59000000000006,190.13000000000005,190.42000000000007,1548
2026-06-26T19:00:00+00:00,190.42000000000007,190.70000000000007,190.29000000000005,190.31000000000006,1510
2026-06-26T19:05:00+00:00,190.31000000000006,191.05000000000007,190.27000000000007,191.02000000000007,1425
2026-06-26T19:10:00+00:00,191.02000000000007,191.26000000000008,190.89000000000007,191.25000000000006,1563
2026-06-26T19:15:00+00:00,191.25000000000006,191.26000000000008,190.97000000000006,191.06000000000006,1402
2026-06-26T19:20:00+00:00,191.06000000000006,191.18000000000006,190.66000000000005,190.86000000000007,1512
2026-06-26T19:25:00+00:00,190.86000000000007,191.03000000000006,190.62000000000006,190.70000000000007,1246
2026-06-26T19:30:00+00:00,190.70000000000007,191.03000000000006,190.46000000000006,190.91000000000005,1347
2026-06-26T19:35:00+00:00,190.91000000000005,191.31000000000006,190.87000000000006,190.98000000000008,1415
2026-06-26T19:40:00+00:00,190.98000000000008,191.50000000000006,190.87000000000006,191.48000000000008,1266
2026-06-26T19:45:00+00:00,191.48000000000008,191.92000000000007,191.39000000000007,191.67000000000007,1691
2026-06-26T19:50:00+00:00,191.67000000000007,191.82000000000005,189.76000000000008,189.85000000000005,3009
2026-06-26T19:55:00+00:00,189.85000000000005,190.40000000000006,188.46000000000006,188.49000000000007,2365
2026-06-29T13:30:00+00:00,188.49000000000007,191.28000000000006,188.49000000000007,191.24000000000007,3221
2026-06-29T13:35:00+00:00,191.24000000000007,191.61000000000007,190.25000000000006,190.96000000000006,3462
2026-06-29T13:40:00+00:00,190.96000000000006,192.55000000000007,190.60000000000005,192.53000000000006,3284
2026-06-29T13:45:00+00:00,192.53000000000006,192.87000000000006,191.80000000000007,191.86000000000007,3280
2026-06-29T13:50:00+00:00,191.86000000000007,192.05000000000007,191.00000000000006,191.11000000000007,2949
2026-06-29T13:55:00+00:00,191.11000000000007,191.19000000000005,189.75000000000006,190.03000000000006,3449
2026-06-29T14:00:00+00:00,190.03000000000006,190.39000000000007,189.58000000000007,189.70000000000007,3792
2026-06-29T14:05:00+00:00,189.70000000000007,189.79000000000005,189.00000000000006,189.32000000000005,3713
2026-06-29T14:10:00+00:00,189.32000000000005,189.32000000000005,187.61000000000007,187.61000000000007,3608
2026-06-29T14:15:00+00:00,187.61000000000007,187.73000000000008,186.53000000000006,187.73000000000008,3798
2026-06-29T14:20:00+00:00,187.73000000000008,188.31000000000006,187.48000000000008,188.16000000000005,3111
2026-06-29T14:25:00+00:00,188.16000000000005,189.49000000000007,188.07000000000005,189.46000000000006,2554
2026-06-29T14:30:00+00:00,189.46000000000006,190.68000000000006,189.30000000000007,190.62000000000006,2701
2026-06-29T14:35:00+00:00,190.62000000000006,191.20000000000007,190.51000000000008,190.81000000000006,2356
2026-06-29T14:40:00+00:00,190.81000000000006,191.46000000000006,190.74000000000007,191.15000000000006,2047
2026-06-29T14:45:00+00:00,191.15000000000006,191.20000000000007,190.24000000000007,190.41000000000005,2388
2026-06-29T14:50:00+00:00,190.41000000000005,191.21000000000006,190.35000000000005,190.87000000000006,2195
2026-06-29T14:55:00+00:00,190.87000000000006,191.67000000000007,190.65000000000006,191.59000000000006,2041
2026-06-29T15:00:00+00:00,191.59000000000006,191.70000000000007,191.19000000000005,191.19000000000005,2041
2026-06-29T15:05:00+00:00,191.19000000000005,191.47000000000006,190.84000000000006,191.47000000000006,1879
2026-06-29T15:10:00+00:00,191.47000000000006,191.64000000000007,191.01000000000008,191.45000000000007,1885
2026-06-29T15:15:00+00:00,191.45000000000007,191.84000000000006,190.91000000000005,191.00000000000006,1702
2026-06-29T15:20:00+00:00,191.00000000000006,191.38000000000005,190.45000000000007,190.55000000000007,1570
2026-06-29T15:25:00+00:00,190.55000000000007,191.15000000000006,190.51000000000008,190.97000000000006,1601
2026-06-29T15:30:00+00:00,190.97000000000006,191.08000000000007,190.56000000000006,190.82000000000005,1891
2026-06-29T15:35:00+00:00,190.82000000000005,191.10000000000005,190.41000000000005,190.83000000000007,1907
2026-06-29T15:40:00+00:00,190.83000000000007,191.10000000000005,190.80000000000007,190.96000000000006,1425
2026-06-29T15:45:00+00:00,190.96000000000006,190.96000000000006,190.43000000000006,190.60000000000005,1446
2026-06-29T15:50:00+00:00,190.60000000000005,190.75000000000006,190.43000000000006,190.58000000000007,1218
2026-06-29T15:55:00+00:00,190.58000000000007,190.86000000000007,190.32000000000005,190.70000000000007,1422
2026-06-29T16:00:00+00:00,190.70000000000007,190.96000000000006,190.61000000000007,190.87000000000006,1398
2026-06-29T16:05:00+00:00,190.87000000000006,190.96000000000006,190.52000000000007,190.53000000000006,1346
2026-06-29T16:10:00+00:00,190.53000000000006,190.69000000000005,190.29000000000005,190.37000000000006,1197
2026-06-29T16:15:00+00:00,190.37000000000006,190.59000000000006,190.29000000000005,190.40000000000006,1091
2026-06-29T16:20:00+00:00,190.40000000000006,190.43000000000006,189.87000000000006,189.95000000000007,1186
2026-06-29T16:25:00+00:00,189.95000000000007,190.00000000000006,189.49000000000007,189.56000000000006,1040
2026-06-29T16:30:00+00:00,189.56000000000006,189.67000000000007,189.44000000000005,189.59000000000006,1145
2026-06-29T16:35:00+00:00,189.59000000000006,189.90000000000006,189.47000000000006,189.71000000000006,1027
2026-06-29T16:40:00+00:00,189.71000000000006,189.91000000000005,189.65000000000006,189.83000000000007,1053
2026-06-29T16:45:00+00:00,189.83000000000007,190.04000000000005,189.75000000000006,190.01000000000008,959
2026-06-29T16:50:00+00:00,190.01000000000008,190.58000000000007,189.98000000000008,190.51000000000008,1055
2026-06-29T16:55:00+00:00,190.51000000000008,190.73000000000008,190.39000000000007,190.55000000000007,852
2026-06-29T17:00:00+00:00,190.55000000000007,190.97000000000006,190.54000000000005,190.79000000000005,981
2026-06-29T17:05:00+00:00,190.79000000000005,191.13000000000005,190.70000000000007,191.09000000000006,942
2026-06-29T17:10:00+00:00,191.09000000000006,191.44000000000005,190.98000000000008,191.32000000000005,963
2026-06-29T17:15:00+00:00,191.32000000000005,191.47000000000006,191.09000000000006,191.38000000000005,971
2026-06-29T17:20:00+00:00,191.38000000000005,191.52000000000007,190.99000000000007,191.19000000000005,1317
2026-06-29T17:25:00+00:00,191.19000000000005,191.48000000000008,191.14000000000007,191.40000000000006,1072
2026-06-29T17:30:00+00:00,191.40000000000006,191.79000000000005,191.05000000000007,191.07000000000005,1001
2026-06-29T17:35:00+00:00,191.07000000000005,191.17000000000007,190.87000000000006,191.05000000000007,863
2026-06-29T17:40:00+00:00,191.05000000000007,191.34000000000006,191.05000000000007,191.10000000000005,759
2026-06-29T17:45:00+00:00,191.10000000000005,191.20000000000007,190.91000000000005,191.09000000000006,699
2026-06-29T17:50:00+00:00,191.09000000000006,191.11000000000007,190.78000000000006,190.81000000000006,601
2026-06-29T17:55:00+00:00,190.81000000000006,190.85000000000005,190.44000000000005,190.66000000000005,722
2026-06-29T18:00:00+00:00,190.66000000000005,190.79000000000005,190.44000000000005,190.56000000000006,958
2026-06-29T18:05:00+00:00,190.56000000000006,190.74000000000007,190.41000000000005,190.44000000000005,977
2026-06-29T18:10:00+00:00,190.44000000000005,190.70000000000007,190.44000000000005,190.66000000000005,759
2026-06-29T18:15:00+00:00,190.66000000000005,190.74000000000007,190.52000000000007,190.57000000000005,782
2026-06-29T18:20:00+00:00,190.57000000000005,190.76000000000008,190.50000000000006,190.58000000000007,716
2026-06-29T18:25:00+00:00,190.58000000000007,190.62000000000006,190.45000000000007,190.52000000000007,737
2026-06-29T18:30:00+00:00,190.52000000000007,190.99000000000007,190.48000000000008,190.83000000000007,736
2026-06-29T18:35:00+00:00,190.83000000000007,191.00000000000006,190.74000000000007,190.85000000000005,635
2026-06-29T18:40:00+00:00,190.85000000000005,190.97000000000006,190.68000000000006,190.78000000000006,635
2026-06-29T18:45:00+00:00,190.78000000000006,190.88000000000005,190.65000000000006,190.75000000000006,656
2026-06-29T18:50:00+00:00,190.75000000000006,190.95000000000007,190.59000000000006,190.93000000000006,666
2026-06-29T18:55:00+00:00,190.93000000000006,190.97000000000006,190.66000000000005,190.71000000000006,678
2026-06-29T19:00:00+00:00,190.71000000000006,190.80000000000007,190.58000000000007,190.60000000000005,866
2026-06-29T19:05:00+00:00,190.60000000000005,191.14000000000007,190.54000000000005,191.07000000000005,932
2026-06-29T19:10:00+00:00,191.07000000000005,191.13000000000005,190.90000000000006,191.04000000000005,796
2026-06-29T19:15:00+00:00,191.04000000000005,191.23000000000008,190.99000000000007,191.12000000000006,951
2026-06-29T19:20:00+00:00,191.12000000000006,191.54000000000005,191.10000000000005,191.47000000000006,843
2026-06-29T19:25:00+00:00,191.47000000000006,191.61000000000007,191.39000000000007,191.45000000000007,807
2026-06-29T19:30:00+00:00,191.45000000000007,191.51000000000008,191.24000000000007,191.27000000000007,978
2026-06-29T19:35:00+00:00,191.27000000000007,191.59000000000006,191.26000000000008,191.59000000000006,874
2026-06-29T19:40:00+00:00,191.59000000000006,191.67000000000007,191.44000000000005,191.52000000000007,870
2026-06-29T19:45:00+00:00,191.52000000000007,191.69000000000005,191.41000000000005,191.60000000000005,1106
2026-06-29T19:50:00+00:00,191.60000000000005,191.67000000000007,191.24000000000007,191.57000000000005,1691
2026-06-29T19:55:00+00:00,191.57000000000005,191.90000000000006,191.55000000000007,191.64000000000007,2024
2026-06-30T13:30:00+00:00,191.64000000000007,195.15000000000006,191.64000000000007,194.94000000000005,2806
2026-06-30T13:35:00+00:00,194.94000000000005,195.76000000000008,193.79000000000005,193.96000000000006,3203
2026-06-30T13:40:00+00:00,193.96000000000006,194.59000000000006,193.25000000000006,193.75000000000006,2613
2026-06-30T13:45:00+00:00,193.75000000000006,193.95000000000007,193.10000000000005,193.32000000000005,2832
2026-06-30T13:50:00+00:00,193.32000000000005,194.32000000000005,193.08000000000007,194.15000000000006,2696
2026-06-30T13:55:00+00:00,194.15000000000006,194.74000000000007,193.94000000000005,194.58000000000007,1690
2026-06-30T14:00:00+00:00,194.58000000000007,195.26000000000008,193.85000000000005,195.25000000000006,2544
2026-06-30T14:05:00+00:00,195.25000000000006,195.49000000000007,194.63000000000005,194.80000000000007,2414
2026-06-30T14:10:00+00:00,194.80000000000007,194.88000000000005,193.36000000000007,193.68000000000006,2282
2026-06-30T14:15:00+00:00,193.68000000000006,194.83000000000007,193.55000000000007,194.70000000000007,2008
2026-06-30T14:20:00+00:00,194.70000000000007,195.00000000000006,194.38000000000005,194.70000000000007,1529
2026-06-30T14:25:00+00:00,194.70000000000007,194.83000000000007,194.39000000000007,194.43000000000006,1497
2026-06-30T14:30:00+00:00,194.43000000000006,195.08000000000007,194.33000000000007,195.04000000000005,1680
2026-06-30T14:35:00+00:00,195.04000000000005,195.05000000000007,194.44000000000005,194.49000000000007,1493
2026-06-30T14:40:00+00:00,194.49000000000007,194.68000000000006,194.06000000000006,194.62000000000006,1688
2026-06-30T14:45:00+00:00,194.62000000000006,194.69000000000005,193.79000000000005,194.14000000000007,1789
2026-06-30T14:50:00+00:00,194.14000000000007,194.54000000000005,193.16000000000005,193.27000000000007,1988
2026-06-30T14:55:00+00:00,193.27000000000007,193.82000000000005,193.19000000000005,193.79000000000005,1906
2026-06-30T15:00:00+00:00,193.79000000000005,194.50000000000006,193.74000000000007,194.40000000000006,1845
2026-06-30T15:05:00+00:00,194.40000000000006,194.53000000000006,194.06000000000006,194.47000000000006,1472
2026-06-30T15:10:00+00:00,194.47000000000006,195.39000000000007,194.36000000000007,195.01000000000008,1422
2026-06-30T15:15:00+00:00,195.01000000000008,195.04000000000005,194.54000000000005,194.67000000000007,1324
2026-06-30T15:20:00+00:00,194.67000000000007,194.81000000000006,194.46000000000006,194.57000000000005,1251
2026-06-30T15:25:00+00:00,194.57000000000005,195.03000000000006,194.48000000000008,194.95000000000007,1300
2026-06-30T15:30:00+00:00,194.95000000000007,195.08000000000007,194.87000000000006,194.96000000000006,1233
2026-06-30T15:35:00+00:00,194.96000000000006,195.02000000000007,194.73000000000008,194.97000000000006,1157
2026-06-30T15:40:00+00:00,194.97000000000006,195.08000000000007,194.53000000000006,194.78000000000006,1116
2026-06-30T15:45:00+00:00,194.78000000000006,194.99000000000007,194.63000000000005,194.93000000000006,995
2026-06-30T15:50:00+00:00,194.93000000000006,195.39000000000007,194.90000000000006,195.27000000000007,1184
2026-06-30T15:55:00+00:00,195.27000000000007,195.30000000000007,194.88000000000005,194.93000000000006,961
2026-06-30T16:00:00+00:00,194.93000000000006,195.03000000000006,194.64000000000007,194.96000000000006,943
2026-06-30T16:05:00+00:00,194.96000000000006,195.35000000000005,194.93000000000006,195.12000000000006,879
2026-06-30T16:10:00+00:00,195.12000000000006,195.19000000000005,194.93000000000006,194.94000000000005,802
2026-06-30T16:15:00+00:00,194.94000000000005,195.28000000000006,194.87000000000006,195.06000000000006,799
2026-06-30T16:20:00+00:00,195.06000000000006,195.10000000000005,194.58000000000007,194.88000000000005,803
2026-06-30T16:25:00+00:00,194.88000000000005,195.02000000000007,194.65000000000006,194.68000000000006,714
2026-06-30T16:30:00+00:00,194.68000000000006,194.96000000000006,194.36000000000007,194.47000000000006,915
2026-06-30T16:35:00+00:00,194.47000000000006,194.60000000000005,194.40000000000006,194.58000000000007,667
2026-06-30T16:40:00+00:00,194.58000000000007,194.74000000000007,194.47000000000006,194.59000000000006,710
2026-06-30T16:45:00+00:00,194.59000000000006,194.85000000000005,194.40000000000006,194.82000000000005,655
2026-06-30T16:50:00+00:00,194.82000000000005,195.01000000000008,194.73000000000008,194.95000000000007,734
2026-06-30T16:55:00+00:00,194.95000000000007,195.13000000000005,194.88000000000005,194.98000000000008,500
2026-06-30T17:00:00+00:00,194.98000000000008,195.17000000000007,194.91000000000005,195.12000000000006,614
2026-06-30T17:05:00+00:00,195.12000000000006,195.18000000000006,194.98000000000008,195.10000000000005,647
2026-06-30T17:10:00+00:00,195.10000000000005,195.21000000000006,194.75000000000006,194.92000000000007,793
2026-06-30T17:15:00+00:00,194.92000000000007,195.00000000000006,194.73000000000008,194.95000000000007,623
2026-06-30T17:20:00+00:00,194.95000000000007,195.29000000000005,194.93000000000006,195.13000000000005,743
2026-06-30T17:25:00+00:00,195.13000000000005,195.13000000000005,194.88000000000005,194.95000000000007,592
2026-06-30T17:30:00+00:00,194.95000000000007,195.12000000000006,194.87000000000006,195.02000000000007,706
2026-06-30T17:35:00+00:00,195.02000000000007,195.17000000000007,194.84000000000006,194.86000000000007,687
2026-06-30T17:40:00+00:00,194.86000000000007,195.56000000000006,194.79000000000005,195.41000000000005,810
2026-06-30T17:45:00+00:00,195.41000000000005,195.48000000000008,194.95000000000007,195.03000000000006,710
2026-06-30T17:50:00+00:00,195.03000000000006,195.10000000000005,194.83000000000007,195.09000000000006,678
2026-06-30T17:55:00+00:00,195.09000000000006,195.17000000000007,195.01000000000008,195.12000000000006,457
2026-06-30T18:00:00+00:00,195.12000000000006,195.34000000000006,195.09000000000006,195.21000000000006,627
2026-06-30T18:05:00+00:00,195.21000000000006,195.45000000000007,195.03000000000006,195.37000000000006,829
2026-06-30T18:10:00+00:00,195.37000000000006,195.49000000000007,195.20000000000007,195.46000000000006,650
2026-06-30T18:15:00+00:00,195.46000000000006,196.02000000000007,195.40000000000006,196.02000000000007,844
2026-06-30T18:20:00+00:00,196.02000000000007,196.21000000000006,195.83000000000007,195.83000000000007,879
2026-06-30T18:25:00+00:00,195.83000000000007,195.95000000000007,195.60000000000005,195.64000000000007,713
2026-06-30T18:30:00+00:00,195.64000000000007,195.69000000000005,195.35000000000005,195.44000000000005,858
2026-06-30T18:35:00+00:00,195.44000000000005,195.68000000000006,194.85000000000005,194.94000000000005,1003
2026-06-30T18:40:00+00:00,194.94000000000005,195.29000000000005,194.82000000000005,195.23000000000008,824
2026-06-30T18:45:00+00:00,195.23000000000008,195.51000000000008,195.19000000000005,195.47000000000006,803
2026-06-30T18:50:00+00:00,195.47000000000006,195.66000000000005,195.40000000000006,195.55000000000007,747
2026-06-30T18:55:00+00:00,195.55000000000007,195.82000000000005,195.51000000000008,195.56000000000006,766
2026-06-30T19:00:00+00:00,195.56000000000006,195.93000000000006,195.53000000000006,195.76000000000008,826
2026-06-30T19:05:00+00:00,195.76000000000008,195.93000000000006,195.57000000000005,195.83000000000007,952
2026-06-30T19:10:00+00:00,195.83000000000007,195.96000000000006,195.47000000000006,195.61000000000007,854
2026-06-30T19:15:00+00:00,195.61000000000007,196.15000000000006,195.57000000000005,195.81000000000006,956
2026-06-30T19:20:00+00:00,195.81000000000006,196.03000000000006,195.76000000000008,195.86000000000007,854
2026-06-30T19:25:00+00:00,195.86000000000007,196.02000000000007,195.74000000000007,196.02000000000007,731
2026-06-30T19:30:00+00:00,196.02000000000007,196.35000000000005,195.79000000000005,196.08000000000007,1026
2026-06-30T19:35:00+00:00,196.08000000000007,196.22000000000006,195.93000000000006,196.01000000000008,1061
2026-06-30T19:40:00+00:00,196.01000000000008,196.11000000000007,195.67000000000007,195.91000000000005,975
2026-06-30T19:45:00+00:00,195.91000000000005,196.03000000000006,195.73000000000008,195.75000000000006,998
2026-06-30T19:50:00+00:00,195.75000000000006,196.43000000000006,195.09000000000006,196.25000000000006,2136
2026-06-30T19:55:00+00:00,196.25000000000006,197.36000000000007,196.19000000000005,196.49000000000007,3158
2026-07-01T13:30:00+00:00,196.49000000000007,196.49000000000007,190.18000000000006,190.38000000000005,3374
2026-07-01T13:35:00+00:00,190.38000000000005,191.28000000000006,190.27000000000007,190.99000000000007,3689
2026-07-01T13:40:00+00:00,190.99000000000007,191.64000000000007,190.76000000000008,191.14000000000007,3308
2026-07-01T13:45:00+00:00,191.14000000000007,192.44000000000005,191.03000000000006,191.58000000000007,3538
2026-07-01T13:50:00+00:00,191.58000000000007,192.08000000000007,191.48000000000008,191.59000000000006,2662
2026-07-01T13:55:00+00:00,191.59000000000006,192.22000000000006,191.31000000000006,192.16000000000005,2158
2026-07-01T14:00:00+00:00,192.16000000000005,192.37000000000006,191.74000000000007,192.03000000000006,2541
2026-07-01T14:05:00+00:00,192.03000000000006,192.57000000000005,191.93000000000006,192.51000000000008,2212
2026-07-01T14:10:00+00:00,192.51000000000008,193.17000000000007,192.39000000000007,192.92000000000007,2007
2026-07-01T14:15:00+00:00,192.92000000000007,193.00000000000006,192.38000000000005,192.76000000000008,1922
2026-07-01T14:20:00+00:00,192.76000000000008,193.15000000000006,192.44000000000005,192.83000000000007,1758
2026-07-01T14:25:00+00:00,192.83000000000007,193.31000000000006,192.80000000000007,192.94000000000005,1556
2026-07-01T14:30:00+00:00,192.94000000000005,193.14000000000007,192.18000000000006,192.49000000000007,2073
2026-07-01T14:35:00+00:00,192.49000000000007,192.63000000000005,192.17000000000007,192.42000000000007,1798
2026-07-01T14:40:00+00:00,192.42000000000007,192.51000000000008,191.93000000000006,192.01000000000008,1679
2026-07-01T14:45:00+00:00,192.01000000000008,192.09000000000006,191.20000000000007,192.09000000000006,2266
2026-07-01T14:50:00+00:00,192.09000000000006,192.69000000000005,192.02000000000007,192.57000000000005,1817
2026-07-01T14:55:00+00:00,192.57000000000005,192.63000000000005,191.9900000000001,192.38000000000008,1906.5420262528103
2026-07-01T15:00:00+00:00,192.38000000000008,193.07000000000008,192.36000000000007,193.01000000000008,1970
2026-07-01T15:05:00+00:00,193.01000000000008,193.04000000000008,192.45000000000007,192.69000000000008,1816
2026-07-01T15:10:00+00:00,192.69000000000008,193.11000000000007,192.45000000000007,192.94000000000008,1619
2026-07-01T15:15:00+00:00,192.94000000000008,193.29000000000008,192.92000000000007,193.13000000000008,1594
2026-07-01T15:20:00+00:00,193.13000000000008,193.58000000000007,193.0500000000001,193.38000000000008,1575
2026-07-01T15:25:00+00:00,193.38000000000008,193.7700000000001,193.3000000000001,193.70000000000007,1387
2026-07-01T15:30:00+00:00,193.70000000000007,193.9600000000001,193.64000000000007,193.79000000000008,1461
2026-07-01T15:35:00+00:00,193.79000000000008,193.9300000000001,193.5200000000001,193.5300000000001,1335
2026-07-01T15:40:00+00:00,193.5300000000001,193.95000000000007,193.5200000000001,193.79000000000008,1263
2026-07-01T15:45:00+00:00,193.79000000000008,193.9600000000001,193.5300000000001,193.57000000000008,1385
2026-07-01T15:50:00+00:00,193.57000000000008,193.79000000000008,193.41000000000008,193.45000000000007,1186
2026-07-01T15:55:00+00:00,193.45000000000007,193.98000000000008,193.4000000000001,193.86000000000007,1266
2026-07-01T16:00:00+00:00,193.86000000000007,194.04000000000008,193.54000000000008,193.66000000000008,1388
2026-07-01T16:05:00+00:00,193.66000000000008,193.7800000000001,193.45000000000007,193.5900000000001,1120
2026-07-01T16:10:00+00:00,193.5900000000001,193.72000000000008,193.4600000000001,193.54000000000008,1000
2026-07-01T16:15:00+00:00,193.54000000000008,193.70000000000007,193.3400000000001,193.66000000000008,1214
2026-07-01T16:20:00+00:00,193.66000000000008,193.9900000000001,193.51000000000008,193.9000000000001,1126
2026-07-01T16:25:00+00:00,193.9000000000001,194.13000000000008,193.82000000000008,193.8400000000001,950
2026-07-01T16:30:00+00:00,193.8400000000001,194.2100000000001,193.82000000000008,194.1800000000001,1055
2026-07-01T16:35:00+00:00,194.1800000000001,194.2100000000001,193.8100000000001,193.82000000000008,883
2026-07-01T16:40:00+00:00,193.82000000000008,194.0500000000001,193.73000000000008,193.94000000000008,1003
2026-07-01T16:45:00+00:00,193.94000000000008,194.41000000000008,193.75000000000009,194.20000000000007,914
2026-07-01T16:50:00+00:00,194.20000000000007,194.32000000000008,193.9000000000001,193.9900000000001,1046
2026-07-01T16:55:00+00:00,193.9900000000001,194.07000000000008,193.67000000000007,193.92000000000007,1157
2026-07-01T17:00:00+00:00,193.92000000000007,194.2700000000001,193.85000000000008,193.97000000000008,1198
2026-07-01T17:05:00+00:00,193.97000000000008,194.22000000000008,193.7100000000001,194.11000000000007,1278
2026-07-01T17:10:00+00:00,194.11000000000007,194.57000000000008,193.9900000000001,194.47000000000008,1082
2026-07-01T17:15:00+00:00,194.47000000000008,194.8000000000001,194.42000000000007,194.75000000000009,1036
2026-07-01T17:20:00+00:00,194.75000000000009,194.98000000000008,194.58000000000007,194.9300000000001,875
2026-07-01T17:25:00+00:00,194.9300000000001,195.26000000000008,194.83000000000007,194.98000000000008,1032
2026-07-01T17:30:00+00:00,194.98000000000008,195.1800000000001,194.79000000000008,195.0300000000001,889
2026-07-01T17:35:00+00:00,195.0300000000001,195.45000000000007,194.92000000000007,195.4300000000001,799
2026-07-01T17:40:00+00:00,195.4300000000001,195.60000000000008,195.33000000000007,195.4900000000001,806
2026-07-01T17:45:00+00:00,195.4900000000001,195.6200000000001,195.3000000000001,195.38000000000008,933
2026-07-01T17:50:00+00:00,195.38000000000008,195.69000000000008,195.2700000000001,195.4300000000001,817
2026-07-01T17:55:00+00:00,195.4300000000001,195.60000000000008,195.22000000000008,195.44000000000008,1004
2026-07-01T18:00:00+00:00,195.44000000000008,195.63000000000008,195.29000000000008,195.5500000000001,1142
2026-07-01T18:05:00+00:00,195.5500000000001,195.5900000000001,194.9300000000001,195.0600000000001,897
2026-07-01T18:10:00+00:00,195.0600000000001,195.16000000000008,194.6200000000001,194.69000000000008,776
2026-07-01T18:15:00+00:00,194.69000000000008,194.9000000000001,194.44000000000008,194.83000000000007,1023
2026-07-01T18:20:00+00:00,194.83000000000007,194.92000000000007,194.6200000000001,194.89000000000007,792
2026-07-01T18:25:00+00:00,194.89000000000007,195.0500000000001,194.8000000000001,194.86000000000007,766
2026-07-01T18:30:00+00:00,194.86000000000007,195.2700000000001,194.7800000000001,195.17000000000007,818
2026-07-01T18:35:00+00:00,195.17000000000007,195.26000000000008,195.07000000000008,195.22000000000008,679
2026-07-01T18:40:00+00:00,195.22000000000008,195.2700000000001,194.9300000000001,195.13000000000008,614
2026-07-01T18:45:00+00:00,195.13000000000008,195.16000000000008,194.7700000000001,194.97000000000008,825
2026-07-01T18:50:00+00:00,194.97000000000008,195.04000000000008,194.67000000000007,194.8400000000001,901
2026-07-01T18:55:00+00:00,194.8400000000001,195.16000000000008,194.70000000000007,195.1500000000001,937
2026-07-01T19:00:00+00:00,195.1500000000001,195.9000000000001,195.10000000000008,195.85000000000008,1062
2026-07-01T19:05:00+00:00,195.85000000000008,196.6200000000001,195.83000000000007,196.39000000000007,1337
2026-07-01T19:10:00+00:00,196.39000000000007,196.54000000000008,195.9900000000001,196.01000000000008,1273
2026-07-01T19:15:00+00:00,196.01000000000008,196.33000000000007,195.89000000000007,196.25000000000009,1015
2026-07-01T19:20:00+00:00,196.25000000000009,196.3100000000001,195.8400000000001,196.11000000000007,1050
2026-07-01T19:25:00+00:00,196.11000000000007,196.20000000000007,195.8000000000001,196.07000000000008,1094
2026-07-01T19:30:00+00:00,196.07000000000008,196.48000000000008,196.0500000000001,196.2400000000001,1315
2026-07-01T19:35:00+00:00,196.2400000000001,196.25000000000009,195.44000000000008,195.58000000000007,1160
2026-07-01T19:40:00+00:00,195.58000000000007,195.5900000000001,195.00000000000009,195.01000000000008,1372
2026-07-01T19:45:00+00:00,195.01000000000008,195.35000000000008,194.97000000000008,195.22000000000008,1184
2026-07-01T19:50:00+00:00,195.22000000000008,195.5500000000001,194.2100000000001,194.57000000000008,2111
2026-07-01T19:55:00+00:00,194.57000000000008,194.72000000000008,194.01000000000008,194.38000000000008,2456
2026-07-02T13:30:00+00:00,194.38000000000008,195.44000000000008,193.54000000000008,195.14000000000007,2945
2026-07-02T13:35:00+00:00,195.14000000000007,195.29000000000008,194.2700000000001,194.5200000000001,3251
2026-07-02T13:40:00+00:00,194.5200000000001,195.0600000000001,194.3100000000001,194.8700000000001,2809
2026-07-02T13:45:00+00:00,194.8700000000001,195.35000000000008,194.38000000000008,195.08000000000007,2559
2026-07-02T13:50:00+00:00,195.08000000000007,195.70000000000007,194.2700000000001,195.14000000000007,2498
2026-07-02T13:55:00+00:00,195.14000000000007,195.67000000000007,194.79000000000008,195.6500000000001,1979
2026-07-02T14:00:00+00:00,195.6500000000001,196.82000000000008,195.33000000000007,196.29000000000008,2730
2026-07-02T14:05:00+00:00,196.29000000000008,196.60000000000008,195.42000000000007,195.5900000000001,2355
2026-07-02T14:10:00+00:00,195.5900000000001,196.1200000000001,195.29000000000008,195.8000000000001,2463
2026-07-02T14:15:00+00:00,195.8000000000001,196.13000000000008,195.25000000000009,196.01000000000008,2538
2026-07-02T14:20:00+00:00,196.01000000000008,196.13000000000008,195.22000000000008,195.26000000000008,2646
2026-07-02T14:25:00+00:00,195.26000000000008,195.5200000000001,194.20000000000007,194.61000000000007,3067
2026-07-02T14:30:00+00:00,194.61000000000007,194.9600000000001,193.42000000000007,193.57000000000008,3023
2026-07-02T14:35:00+00:00,193.57000000000008,194.26000000000008,193.38000000000008,193.86000000000007,2915
2026-07-02T14:40:00+00:00,193.86000000000007,194.04000000000008,192.83000000000007,193.23000000000008,3386
2026-07-02T14:45:00+00:00,193.23000000000008,193.64000000000007,192.64000000000007,193.19000000000008,3361
2026-07-02T14:50:00+00:00,193.19000000000008,193.3400000000001,191.97000000000008,192.25000000000009,3037
2026-07-02T14:55:00+00:00,192.25000000000009,192.9700000000001,192.25000000000009,192.9100000000001,2795.3094405594406
2026-07-02T15:00:00+00:00,192.9100000000001,193.1600000000001,192.2500000000001,192.27000000000012,2889
2026-07-02T15:05:00+00:00,192.27000000000012,192.4400000000001,191.37000000000012,191.65000000000012,3203
2026-07-02T15:10:00+00:00,191.65000000000012,192.11000000000013,191.4400000000001,191.92000000000013,2890
2026-07-02T15:15:00+00:00,191.92000000000013,192.12000000000012,191.4700000000001,191.70000000000013,2859
2026-07-02T15:20:00+00:00,191.70000000000013,191.9800000000001,191.28000000000011,191.4800000000001,3074
2026-07-02T15:25:00+00:00,191.4800000000001,191.8800000000001,191.08000000000013,191.4400000000001,2655
2026-07-02T15:30:00+00:00,191.4400000000001,192.2500000000001,191.42000000000013,192.14000000000013,2589
2026-07-02T15:35:00+00:00,192.14000000000013,192.58000000000013,192.0700000000001,192.1900000000001,2029
2026-07-02T15:40:00+00:00,192.1900000000001,192.6600000000001,191.71000000000012,191.7300000000001,2260
2026-07-02T15:45:00+00:00,191.7300000000001,192.0700000000001,191.3200000000001,191.40000000000012,2340
2026-07-02T15:50:00+00:00,191.40000000000012,191.40000000000012,190.7300000000001,191.1000000000001,2526
2026-07-02T15:55:00+00:00,191.1000000000001,191.31000000000012,190.6900000000001,191.1600000000001,2445
2026-07-02T16:00:00+00:00,191.1600000000001,191.24000000000012,190.55000000000013,191.0100000000001,2554
2026-07-02T16:05:00+00:00,191.0100000000001,191.1000000000001,190.53000000000011,190.65000000000012,2113
2026-07-02T16:10:00+00:00,190.65000000000012,191.3200000000001,190.6000000000001,191.2200000000001,2322
2026-07-02T16:15:00+00:00,191.2200000000001,191.28000000000011,190.7200000000001,190.74000000000012,2155
2026-07-02T16:20:00+00:00,190.74000000000012,190.8200000000001,190.2900000000001,190.55000000000013,1963
2026-07-02T16:25:00+00:00,190.55000000000013,190.81000000000012,190.33000000000013,190.46000000000012,1992
2026-07-02T16:30:00+00:00,190.46000000000012,190.53000000000011,190.1300000000001,190.1300000000001,2030
2026-07-02T16:35:00+00:00,190.1300000000001,190.34000000000012,189.8500000000001,190.11000000000013,2339
2026-07-02T16:40:00+00:00,190.11000000000013,190.83000000000013,190.0700000000001,190.74000000000012,2218
2026-07-02T16:45:00+00:00,190.74000000000012,190.83000000000013,190.52000000000012,190.58000000000013,1699
2026-07-02T16:50:00+00:00,190.58000000000013,190.7300000000001,190.30000000000013,190.5400000000001,1952
2026-07-02T16:55:00+00:00,190.5400000000001,190.55000000000013,189.81000000000012,190.1600000000001,2133
2026-07-02T17:00:00+00:00,190.1600000000001,190.1900000000001,189.55000000000013,189.7200000000001,2344
2026-07-02T17:05:00+00:00,189.7200000000001,190.3800000000001,189.56000000000012,189.8800000000001,2240
2026-07-02T17:10:00+00:00,189.8800000000001,190.0100000000001,189.56000000000012,189.7600000000001,1854
2026-07-02T17:15:00+00:00,189.7600000000001,190.08000000000013,189.59000000000012,189.74000000000012,1895
2026-07-02T17:20:00+00:00,189.74000000000012,190.0400000000001,189.5700000000001,189.6000000000001,1728
2026-07-02T17:25:00+00:00,189.6000000000001,189.81000000000012,189.43000000000012,189.7300000000001,1570
2026-07-02T17:30:00+00:00,189.7300000000001,189.95000000000013,189.6000000000001,189.61000000000013,1815
2026-07-02T17:35:00+00:00,189.61000000000013,189.6900000000001,189.03000000000011,189.03000000000011,1899
2026-07-02T17:40:00+00:00,189.03000000000011,189.7200000000001,189.0100000000001,189.64000000000013,2029
2026-07-02T17:45:00+00:00,189.64000000000013,189.7200000000001,189.1900000000001,189.5100000000001,1701
2026-07-02T17:50:00+00:00,189.5100000000001,189.80000000000013,189.3200000000001,189.77000000000012,1798
2026-07-02T17:55:00+00:00,189.77000000000012,189.83000000000013,189.0700000000001,189.20000000000013,1530
2026-07-02T18:00:00+00:00,189.20000000000013,189.5400000000001,189.17000000000013,189.53000000000011,1732
2026-07-02T18:05:00+00:00,189.53000000000011,190.18000000000012,189.5100000000001,190.17000000000013,2056
2026-07-02T18:10:00+00:00,190.17000000000013,190.3800000000001,189.8200000000001,189.87000000000012,1864
2026-07-02T18:15:00+00:00,189.87000000000012,189.93000000000012,189.30000000000013,189.6000000000001,1936
2026-07-02T18:20:00+00:00,189.6000000000001,189.99000000000012,189.53000000000011,189.95000000000013,1575
2026-07-02T18:25:00+00:00,189.95000000000013,190.53000000000011,189.92000000000013,190.4400000000001,1703
2026-07-02T18:30:00+00:00,190.4400000000001,190.62000000000012,190.20000000000013,190.28000000000011,1741
2026-07-02T18:35:00+00:00,190.28000000000011,190.3800000000001,190.0400000000001,190.14000000000013,1531
2026-07-02T18:40:00+00:00,190.14000000000013,190.20000000000013,189.87000000000012,189.90000000000012,1376
2026-07-02T18:45:00+00:00,189.90000000000012,190.14000000000013,189.5700000000001,190.1000000000001,1488
2026-07-02T18:50:00+00:00,190.1000000000001,190.43000000000012,189.99000000000012,190.12000000000012,1557
2026-07-02T18:55:00+00:00,190.12000000000012,190.34000000000012,189.89000000000013,190.11000000000013,1496
2026-07-02T19:00:00+00:00,190.11000000000013,190.20000000000013,189.40000000000012,189.4400000000001,1892
2026-07-02T19:05:00+00:00,189.4400000000001,189.64000000000013,189.2200000000001,189.3500000000001,2028
2026-07-02T19:10:00+00:00,189.3500000000001,189.6600000000001,189.20000000000013,189.55000000000013,1674
2026-07-02T19:15:00+00:00,189.55000000000013,189.8800000000001,189.45000000000013,189.7300000000001,1544
2026-07-02T19:20:00+00:00,189.7300000000001,189.7900000000001,189.39000000000013,189.49000000000012,1637
2026-07-02T19:25:00+00:00,189.49000000000012,190.0100000000001,189.3200000000001,189.78000000000011,1878
2026-07-02T19:30:00+00:00,189.78000000000011,190.2500000000001,189.7200000000001,190.21000000000012,1872
2026-07-02T19:35:00+00:00,190.21000000000012,190.4700000000001,189.99000000000012,190.36000000000013,1760
2026-07-02T19:40:00+00:00,190.36000000000013,190.42000000000013,190.1000000000001,190.34000000000012,1676
2026-07-02T19:45:00+00:00,190.34000000000012,190.42000000000013,190.0700000000001,190.2900000000001,1736
2026-07-02T19:50:00+00:00,190.2900000000001,191.36000000000013,190.2900000000001,191.33000000000013,2524
2026-07-02T19:55:00+00:00,191.33000000000013,191.52000000000012,190.86000000000013,191.2200000000001,2395
2026-07-06T13:30:00+00:00,191.2200000000001,191.53000000000011,190.65000000000012,191.4800000000001,2647
2026-07-06T13:35:00+00:00,191.4800000000001,192.12000000000012,191.12000000000012,192.08000000000013,2985
2026-07-06T13:40:00+00:00,192.08000000000013,192.14000000000013,191.3200000000001,192.02000000000012,2740
2026-07-06T13:45:00+00:00,192.02000000000012,192.14000000000013,191.2200000000001,191.77000000000012,2927
2026-07-06T13:50:00+00:00,191.77000000000012,192.64000000000013,191.56000000000012,192.6300000000001,2610
2026-07-06T13:55:00+00:00,192.6300000000001,193.17000000000013,192.6300000000001,192.90000000000012,2272
2026-07-06T14:00:00+00:00,192.90000000000012,193.30000000000013,192.70000000000013,192.92000000000013,2704
2026-07-06T14:05:00+00:00,192.92000000000013,194.0700000000001,192.81000000000012,193.77000000000012,2594
2026-07-06T14:10:00+00:00,193.77000000000012,193.7900000000001,193.12000000000012,193.2500000000001,2020
2026-07-06T14:15:00+00:00,193.2500000000001,193.43000000000012,192.9400000000001,192.95000000000013,1955
2026-07-06T14:20:00+00:00,192.95000000000013,193.2300000000001,192.53000000000011,193.18000000000012,1930
2026-07-06T14:25:00+00:00,193.18000000000012,193.42000000000013,193.0100000000001,193.2500000000001,1892
2026-07-06T14:30:00+00:00,193.2500000000001,193.4100000000001,193.02000000000012,193.34000000000012,1642
2026-07-06T14:35:00+00:00,193.34000000000012,193.43000000000012,192.8800000000001,192.89000000000013,1508
2026-07-06T14:40:00+00:00,192.89000000000013,193.36000000000013,192.62000000000012,193.1900000000001,1664
2026-07-06T14:45:00+00:00,193.1900000000001,193.40000000000012,192.7200000000001,192.74000000000012,1423
2026-07-06T14:50:00+00:00,192.74000000000012,192.96000000000012,192.6600000000001,192.81000000000012,1356
2026-07-06T14:55:00+00:00,192.81000000000012,192.86000000000013,192.33000000000013,192.6900000000001,1534
2026-07-06T15:00:00+00:00,192.6900000000001,192.7300000000001,192.4100000000001,192.4700000000001,1372
2026-07-06T15:05:00+00:00,192.4700000000001,192.77000000000012,192.2500000000001,192.52000000000012,1396
2026-07-06T15:10:00+00:00,192.52000000000012,192.6600000000001,192.27000000000012,192.36000000000013,1628
2026-07-06T15:15:00+00:00,192.36000000000013,192.4400000000001,192.02000000000012,192.33000000000013,1775
2026-07-06T15:20:00+00:00,192.33000000000013,192.65000000000012,192.31000000000012,192.6300000000001,1452
2026-07-06T15:25:00+00:00,192.6300000000001,193.2200000000001,192.55000000000013,193.1600000000001,1319
2026-07-06T15:30:00+00:00,193.1600000000001,193.21000000000012,192.93000000000012,192.9800000000001,1300
2026-07-06T15:35:00+00:00,192.9800000000001,193.33000000000013,192.93000000000012,193.0400000000001,1260
2026-07-06T15:40:00+00:00,193.0400000000001,193.05000000000013,192.83000000000013,192.87000000000012,1156
2026-07-06T15:45:00+00:00,192.87000000000012,193.0400000000001,192.7900000000001,193.03000000000011,892
2026-07-06T15:50:00+00:00,193.03000000000011,193.12000000000012,192.6900000000001,192.86000000000013,1001
2026-07-06T15:55:00+00:00,192.86000000000013,193.08000000000013,192.81000000000012,193.08000000000013,938
2026-07-06T16:00:00+00:00,193.08000000000013,193.39000000000013,192.93000000000012,193.12000000000012,1035
2026-07-06T16:05:00+00:00,193.12000000000012,193.53000000000011,193.03000000000011,193.42000000000013,823
2026-07-06T16:10:00+00:00,193.42000000000013,194.18000000000012,193.31000000000012,193.8500000000001,1419
2026-07-06T16:15:00+00:00,193.8500000000001,194.05000000000013,193.78000000000011,193.81000000000012,1074
2026-07-06T16:20:00+00:00,193.81000000000012,194.06000000000012,193.6900000000001,193.8200000000001,1011
2026-07-06T16:25:00+00:00,193.8200000000001,193.8500000000001,193.5700000000001,193.67000000000013,927
2026-07-06T16:30:00+00:00,193.67000000000013,193.92000000000013,193.43000000000012,193.4400000000001,1019
2026-07-06T16:35:00+00:00,193.4400000000001,193.56000000000012,193.28000000000011,193.5000000000001,844
2026-07-06T16:40:00+00:00,193.5000000000001,193.71000000000012,193.30000000000013,193.36000000000013,694
2026-07-06T16:45:00+00:00,193.36000000000013,193.39000000000013,193.14000000000013,193.3800000000001,698
2026-07-06T16:50:00+00:00,193.3800000000001,193.3800000000001,193.0400000000001,193.1000000000001,693
2026-07-06T16:55:00+00:00,193.1000000000001,193.24000000000012,192.93000000000012,193.09000000000012,911
2026-07-06T17:00:00+00:00,193.09000000000012,193.36000000000013,193.0400000000001,193.21000000000012,920
2026-07-06T17:05:00+00:00,193.21000000000012,193.5400000000001,193.15000000000012,193.4400000000001,771
2026-07-06T17:10:00+00:00,193.4400000000001,193.56000000000012,193.14000000000013,193.17000000000013,603
2026-07-06T17:15:00+00:00,193.17000000000013,193.2300000000001,192.80000000000013,192.80000000000013,635
2026-07-06T17:20:00+00:00,192.80000000000013,192.8200000000001,192.5100000000001,192.7300000000001,861
2026-07-06T17:25:00+00:00,192.7300000000001,192.9700000000001,192.62000000000012,192.64000000000013,773
2026-07-06T17:30:00+00:00,192.64000000000013,192.68000000000012,192.46000000000012,192.62000000000012,1134
2026-07-06T17:35:00+00:00,192.62000000000012,192.7300000000001,192.4800000000001,192.59000000000012,1088
2026-07-06T17:40:00+00:00,192.59000000000012,192.59000000000012,192.40000000000012,192.5400000000001,1079
2026-07-06T17:45:00+00:00,192.5400000000001,192.7500000000001,192.3500000000001,192.56000000000012,941
2026-07-06T17:50:00+00:00,192.56000000000012,192.71000000000012,192.42000000000013,192.4400000000001,746
2026-07-06T17:55:00+00:00,192.4400000000001,192.52000000000012,192.30000000000013,192.37000000000012,830
2026-07-06T18:00:00+00:00,192.37000000000012,192.67000000000013,192.3500000000001,192.64000000000013,1005
2026-07-06T18:05:00+00:00,192.64000000000013,193.0700000000001,192.59000000000012,193.06000000000012,815
2026-07-06T18:10:00+00:00,193.06000000000012,193.14000000000013,192.9400000000001,192.95000000000013,614
2026-07-06T18:15:00+00:00,192.95000000000013,193.3500000000001,192.9400000000001,193.11000000000013,735
2026-07-06T18:20:00+00:00,193.11000000000013,193.2300000000001,193.02000000000012,193.1000000000001,690
2026-07-06T18:25:00+00:00,193.1000000000001,193.20000000000013,192.92000000000013,192.9400000000001,676
2026-07-06T18:30:00+00:00,192.9400000000001,193.08000000000013,192.77000000000012,192.78000000000011,636
2026-07-06T18:35:00+00:00,192.78000000000011,192.89000000000013,192.70000000000013,192.74000000000012,518
2026-07-06T18:40:00+00:00,192.74000000000012,193.14000000000013,192.71000000000012,192.9800000000001,562
2026-07-06T18:45:00+00:00,192.9800000000001,193.3200000000001,192.96000000000012,193.1600000000001,748
2026-07-06T18:50:00+00:00,193.1600000000001,193.30000000000013,193.06000000000012,193.15000000000012,635
2026-07-06T18:55:00+00:00,193.15000000000012,193.31000000000012,193.08000000000013,193.2900000000001,473
2026-07-06T19:00:00+00:00,193.2900000000001,193.4800000000001,193.15000000000012,193.28000000000011,773
2026-07-06T19:05:00+00:00,193.28000000000011,193.40000000000012,193.1900000000001,193.33000000000013,987
2026-07-06T19:10:00+00:00,193.33000000000013,193.64000000000013,193.30000000000013,193.52000000000012,922
2026-07-06T19:15:00+00:00,193.52000000000012,193.81000000000012,193.4400000000001,193.55000000000013,933
2026-07-06T19:20:00+00:00,193.55000000000013,193.7500000000001,193.5000000000001,193.65000000000012,750
2026-07-06T19:25:00+00:00,193.65000000000012,193.6900000000001,193.49000000000012,193.52000000000012,717
2026-07-06T19:30:00+00:00,193.52000000000012,193.56000000000012,193.14000000000013,193.53000000000011,1226
2026-07-06T19:35:00+00:00,193.53000000000011,193.62000000000012,193.27000000000012,193.3200000000001,775
2026-07-06T19:40:00+00:00,193.3200000000001,193.43000000000012,193.2500000000001,193.33000000000013,651
2026-07-06T19:45:00+00:00,193.33000000000013,193.68000000000012,193.27000000000012,193.59000000000012,853
2026-07-06T19:50:00+00:00,193.59000000000012,193.6000000000001,192.86000000000013,192.8800000000001,1733
2026-07-06T19:55:00+00:00,192.8800000000001,192.90000000000012,192.12000000000012,192.27000000000012,2212
2026-07-07T13:30:00+00:00,192.27000000000012,192.27000000000012,188.11000000000013,189.4100000000001,4195
2026-07-07T13:35:00+00:00,189.4100000000001,189.55000000000013,188.31000000000012,188.9400000000001,4218
2026-07-07T13:40:00+00:00,188.9400000000001,189.90000000000012,188.7500000000001,189.2300000000001,3877
2026-07-07T13:45:00+00:00,189.2300000000001,189.3500000000001,188.49000000000012,188.6000000000001,3704
2026-07-07T13:50:00+00:00,188.6000000000001,189.1000000000001,188.37000000000012,188.64000000000013,3169
2026-07-07T13:55:00+00:00,188.64000000000013,189.56000000000012,188.24000000000012,189.3200000000001,3267
2026-07-07T14:00:00+00:00,189.3200000000001,190.06000000000012,189.20000000000013,189.86000000000013,3810
2026-07-07T14:05:00+00:00,189.86000000000013,190.1600000000001,189.6000000000001,189.9400000000001,3389
2026-07-07T14:10:00+00:00,189.9400000000001,190.14000000000013,189.4400000000001,189.64000000000013,3255
2026-07-07T14:15:00+00:00,189.64000000000013,189.7300000000001,188.92000000000013,188.99000000000012,3359
2026-07-07T14:20:00+00:00,188.99000000000012,189.17000000000013,188.5700000000001,188.74000000000012,3203
2026-07-07T14:25:00+00:00,188.74000000000012,188.7900000000001,188.1300000000001,188.52000000000012,3358
2026-07-07T14:30:00+00:00,188.52000000000012,188.84000000000012,188.24000000000012,188.42000000000013,3320
2026-07-07T14:35:00+00:00,188.42000000000013,188.5400000000001,187.8200000000001,188.43000000000012,2848
2026-07-07T14:40:00+00:00,188.43000000000012,188.58000000000013,188.1900000000001,188.30000000000013,2732
2026-07-07T14:45:00+00:00,188.30000000000013,188.77000000000012,188.2600000000001,188.58000000000013,2736
2026-07-07T14:50:00+00:00,188.58000000000013,189.27000000000012,188.52000000000012,189.1000000000001,2449
2026-07-07T14:55:00+00:00,189.1000000000001,189.46000000000012,189.0400000000001,189.2200000000001,2044
2026-07-07T15:00:00+00:00,189.2200000000001,189.5400000000001,188.99000000000012,189.4800000000001,2326
2026-07-07T15:05:00+00:00,189.4800000000001,189.55000000000013,189.24000000000012,189.42000000000013,1901
2026-07-07T15:10:00+00:00,189.42000000000013,190.03000000000011,189.28000000000011,189.70000000000013,1718
2026-07-07T15:15:00+00:00,189.70000000000013,189.7900000000001,189.2900000000001,189.39000000000013,2146
2026-07-07T15:20:00+00:00,189.39000000000013,189.61000000000013,189.21000000000012,189.4800000000001,1951
2026-07-07T15:25:00+00:00,189.4800000000001,189.87000000000012,189.4700000000001,189.7300000000001,1748
2026-07-07T15:30:00+00:00,189.7300000000001,189.95000000000013,189.70000000000013,189.7200000000001,1671
2026-07-07T15:35:00+00:00,189.7200000000001,190.1600000000001,189.6000000000001,189.61000000000013,1684
2026-07-07T15:40:00+00:00,189.61000000000013,190.15000000000012,189.4700000000001,190.15000000000012,1528
2026-07-07T15:45:00+00:00,190.15000000000012,190.8200000000001,190.1000000000001,190.56000000000012,1916
2026-07-07T15:50:00+00:00,190.56000000000012,190.8500000000001,190.4700000000001,190.78000000000011,1480
2026-07-07T15:55:00+00:00,190.78000000000011,191.45000000000013,190.68000000000012,191.40000000000012,1351
2026-07-07T16:00:00+00:00,191.40000000000012,192.18000000000012,191.27000000000012,191.96000000000012,1696
2026-07-07T16:05:00+00:00,191.96000000000012,192.17000000000013,191.7900000000001,192.0400000000001,1617
2026-07-07T16:10:00+00:00,192.0400000000001,192.83000000000013,192.0400000000001,192.7900000000001,1610
2026-07-07T16:15:00+00:00,192.7900000000001,193.21000000000012,192.64000000000013,193.1000000000001,1371
2026-07-07T16:20:00+00:00,193.1000000000001,193.83000000000013,193.06000000000012,193.27000000000012,1810
2026-07-07T16:25:00+00:00,193.27000000000012,194.2600000000001,193.1900000000001,194.05000000000013,1634
2026-07-07T16:30:00+00:00,194.05000000000013,194.80000000000013,194.02000000000012,194.3500000000001,1786
2026-07-07T16:35:00+00:00,194.3500000000001,194.4100000000001,193.58000000000013,193.6600000000001,1642
2026-07-07T16:40:00+00:00,193.6600000000001,194.12000000000012,193.45000000000013,193.9700000000001,1267
2026-07-07T16:45:00+00:00,193.9700000000001,194.17000000000013,193.81000000000012,194.03000000000011,1130
2026-07-07T16:50:00+00:00,194.03000000000011,194.1300000000001,193.64000000000013,193.71000000000012,1163
2026-07-07T16:55:00+00:00,193.71000000000012,194.1900000000001,193.30000000000013,194.12000000000012,1212
2026-07-07T17:00:00+00:00,194.12000000000012,194.9100000000001,194.02000000000012,194.83000000000013,1577
2026-07-07T17:05:00+00:00,194.83000000000013,195.0700000000001,194.58000000000013,194.68000000000012,1301
2026-07-07T17:10:00+00:00,194.68000000000012,194.6900000000001,194.0100000000001,194.12000000000012,1197
2026-07-07T17:15:00+00:00,194.12000000000012,194.3800000000001,193.99000000000012,194.03000000000011,1344
2026-07-07T17:20:00+00:00,194.03000000000011,194.6900000000001,193.96000000000012,194.45000000000013,1271
2026-07-07T17:25:00+00:00,194.45000000000013,194.4800000000001,194.0400000000001,194.11000000000013,989
2026-07-07T17:30:00+00:00,194.11000000000013,194.5100000000001,194.03000000000011,194.4400000000001,1131
2026-07-07T17:35:00+00:00,194.4400000000001,194.7200000000001,194.30000000000013,194.6900000000001,1071
2026-07-07T17:40:00+00:00,194.6900000000001,194.92000000000013,194.52000000000012,194.6000000000001,928
2026-07-07T17:45:00+00:00,194.6000000000001,194.7300000000001,194.2900000000001,194.71000000000012,1013
2026-07-07T17:50:00+00:00,194.71000000000012,194.81000000000012,194.5700000000001,194.58000000000013,892
2026-07-07T17:55:00+00:00,194.58000000000013,194.7500000000001,194.4400000000001,194.62000000000012,821
2026-07-07T18:00:00+00:00,194.62000000000012,194.6300000000001,194.05000000000013,194.1900000000001,1120
2026-07-07T18:05:00+00:00,194.1900000000001,194.28000000000011,193.9700000000001,194.06000000000012,944
2026-07-07T18:10:00+00:00,194.06000000000012,194.42000000000013,193.9800000000001,194.1900000000001,875
2026-07-07T18:15:00+00:00,194.1900000000001,194.46000000000012,194.1000000000001,194.33000000000013,942
2026-07-07T18:20:00+00:00,194.33000000000013,194.45000000000013,194.2500000000001,194.34000000000012,951
2026-07-07T18:25:00+00:00,194.34000000000012,194.3500000000001,193.89000000000013,193.93000000000012,823
2026-07-07T18:30:00+00:00,193.93000000000012,194.1600000000001,193.81000000000012,194.05000000000013,1109
2026-07-07T18:35:00+00:00,194.05000000000013,194.2900000000001,193.89000000000013,194.27000000000012,893
2026-07-07T18:40:00+00:00,194.27000000000012,194.3200000000001,193.62000000000012,193.7500000000001,1124
2026-07-07T18:45:00+00:00,193.7500000000001,194.03000000000011,193.5100000000001,193.78000000000011,1429
2026-07-07T18:50:00+00:00,193.78000000000011,193.8200000000001,193.2300000000001,193.4800000000001,1836
2026-07-07T18:55:00+00:00,193.4800000000001,193.4800000000001,192.9800000000001,193.08000000000013,1530
2026-07-07T19:00:00+00:00,193.08000000000013,193.2200000000001,192.84000000000012,193.09000000000012,1783
2026-07-07T19:05:00+00:00,193.09000000000012,193.58000000000013,193.0100000000001,193.14000000000013,1796
2026-07-07T19:10:00+00:00,193.14000000000013,193.30000000000013,192.9100000000001,193.18000000000012,1697
2026-07-07T19:15:00+00:00,193.18000000000012,193.18000000000012,192.55000000000013,192.83000000000013,1822
2026-07-07T19:20:00+00:00,192.83000000000013,192.95000000000013,192.5400000000001,192.6600000000001,2147
2026-07-07T19:25:00+00:00,192.6600000000001,192.8200000000001,192.37000000000012,192.81000000000012,1765
2026-07-07T19:30:00+00:00,192.81000000000012,193.34000000000012,192.74000000000012,193.17000000000013,2096
2026-07-07T19:35:00+00:00,193.17000000000013,193.1900000000001,192.5100000000001,192.52000000000012,1848
2026-07-07T19:40:00+00:00,192.52000000000012,192.7300000000001,192.15000000000012,192.6900000000001,1678
2026-07-07T19:45:00+00:00,192.6900000000001,192.87000000000012,192.5000000000001,192.7300000000001,1675
2026-07-07T19:50:00+00:00,192.7300000000001,193.05000000000013,192.52000000000012,192.9700000000001,2053
2026-07-07T19:55:00+00:00,192.9700000000001,193.6900000000001,192.96000000000012,193.62000000000012,2355
2026-07-08T13:30:00+00:00,193.62000000000012,194.55000000000013,191.6900000000001,193.8500000000001,2562
2026-07-08T13:35:00+00:00,193.8500000000001,194.64000000000013,193.4800000000001,194.52000000000012,3273
2026-07-08T13:40:00+00:00,194.52000000000012,195.14000000000013,194.1000000000001,194.92000000000013,3018
2026-07-08T13:45:00+00:00,194.92000000000013,196.52000000000012,194.27000000000012,194.27000000000012,3347
2026-07-08T13:50:00+00:00,194.27000000000012,194.59000000000012,193.9800000000001,194.1900000000001,3192
2026-07-08T13:55:00+00:00,194.1900000000001,194.49000000000012,193.77000000000012,194.2600000000001,2973
2026-07-08T14:00:00+00:00,194.2600000000001,194.3800000000001,193.8500000000001,193.9800000000001,3108
2026-07-08T14:05:00+00:00,193.9800000000001,194.21000000000012,193.7900000000001,193.9400000000001,2684
2026-07-08T14:10:00+00:00,193.9400000000001,194.09000000000012,193.0400000000001,194.0100000000001,3040
2026-07-08T14:15:00+00:00,194.0100000000001,194.24000000000012,193.4800000000001,194.08000000000013,2805
2026-07-08T14:20:00+00:00,194.08000000000013,194.2600000000001,193.4400000000001,193.45000000000013,2616
2026-07-08T14:25:00+00:00,193.45000000000013,194.0100000000001,193.20000000000013,193.67000000000013,2704
2026-07-08T14:30:00+00:00,193.67000000000013,194.0400000000001,193.58000000000013,193.83000000000013,2911
2026-07-08T14:35:00+00:00,193.83000000000013,193.9400000000001,193.4400000000001,193.6000000000001,2758
2026-07-08T14:40:00+00:00,193.6000000000001,193.99000000000012,193.45000000000013,193.9100000000001,2325
2026-07-08T14:45:00+00:00,193.9100000000001,193.95000000000013,192.9700000000001,193.02000000000012,2574
2026-07-08T14:50:00+00:00,193.02000000000012,195.74000000000012,192.7200000000001,193.7500000000001,3035
2026-07-08T14:55:00+00:00,193.7500000000001,195.7500000000001,193.49000000000012,195.4700000000001,2816.358437845214
2026-07-08T15:00:00+00:00,195.4700000000001,196.1300000000001,195.0100000000001,195.20000000000013,2071
2026-07-08T15:05:00+00:00,195.20000000000013,195.23000000000013,194.45000000000013,194.6600000000001,1544
2026-07-08T15:10:00+00:00,194.6600000000001,194.86000000000013,193.86000000000013,193.9400000000001,1470
2026-07-08T15:15:00+00:00,193.9400000000001,194.15000000000012,193.33000000000013,193.93000000000012,1604
2026-07-08T15:20:00+00:00,193.93000000000012,194.0700000000001,193.1300000000001,193.24000000000012,1525
2026-07-08T15:25:00+00:00,193.24000000000012,193.5400000000001,193.09000000000012,193.2600000000001,2176
2026-07-08T15:30:00+00:00,193.2600000000001,194.2600000000001,193.24000000000012,194.21000000000012,2056
2026-07-08T15:35:00+00:00,194.21000000000012,194.5400000000001,193.92000000000013,194.0100000000001,2024
2026-07-08T15:40:00+00:00,194.0100000000001,194.31000000000012,193.95000000000013,194.15000000000012,1478
2026-07-08T15:45:00+00:00,194.15000000000012,194.28000000000011,193.84000000000012,193.9700000000001,1443
2026-07-08T15:50:00+00:00,193.9700000000001,194.0100000000001,193.5700000000001,193.6900000000001,1562
2026-07-08T15:55:00+00:00,193.6900000000001,193.9700000000001,193.61000000000013,193.92000000000013,1539
2026-07-08T16:00:00+00:00,193.92000000000013,194.48000000000013,193.90000000000012,194.42000000000013,1718
2026-07-08T16:05:00+00:00,194.42000000000013,194.68000000000012,194.2200000000001,194.59000000000012,1620
2026-07-08T16:10:00+00:00,194.59000000000012,195.39000000000013,194.58000000000013,195.37000000000012,1434
2026-07-08T16:15:00+00:00,195.37000000000012,195.99000000000012,195.1300000000001,195.98000000000013,1528
2026-07-08T16:20:00+00:00,195.98000000000013,196.80000000000013,195.98000000000013,196.0000000000001,1734
2026-07-08T16:25:00+00:00,196.0000000000001,196.24000000000012,195.83000000000013,195.96000000000012,1373
2026-07-08T16:30:00+00:00,195.96000000000012,196.3500000000001,195.8800000000001,196.08000000000013,1486
2026-07-08T16:35:00+00:00,196.08000000000013,196.3200000000001,195.61000000000013,196.03000000000011,1664
2026-07-08T16:40:00+00:00,196.03000000000011,196.58000000000013,195.8500000000001,196.28000000000011,2019
2026-07-08T16:45:00+00:00,196.28000000000011,196.92000000000013,196.03000000000011,196.8800000000001,1375
2026-07-08T16:50:00+00:00,196.8800000000001,197.18000000000012,196.80000000000013,197.03000000000011,1404
2026-07-08T16:55:00+00:00,197.03000000000011,197.89000000000013,196.9700000000001,197.70000000000013,1446
2026-07-08T17:00:00+00:00,197.70000000000013,197.7200000000001,196.9400000000001,197.03000000000011,1475
2026-07-08T17:05:00+00:00,197.03000000000011,197.7200000000001,197.0100000000001,197.56000000000012,1292
2026-07-08T17:10:00+00:00,197.56000000000012,197.8200000000001,197.2900000000001,197.30000000000013,1152
2026-07-08T17:15:00+00:00,197.30000000000013,198.4700000000001,197.30000000000013,198.30000000000013,1137
2026-07-08T17:20:00+00:00,198.30000000000013,199.2600000000001,198.30000000000013,199.18000000000012,1391
2026-07-08T17:25:00+00:00,199.18000000000012,199.8200000000001,199.18000000000012,199.77000000000012,1307
2026-07-08T17:30:00+00:00,199.77000000000012,199.86000000000013,199.4400000000001,199.73000000000013,1467
2026-07-08T17:35:00+00:00,199.73000000000013,200.4100000000001,199.70000000000013,199.9400000000001,1525
2026-07-08T17:40:00+00:00,199.9400000000001,200.05000000000013,199.20000000000013,199.30000000000013,1284
2026-07-08T17:45:00+00:00,199.30000000000013,199.33000000000013,198.70000000000013,198.84000000000012,1206
2026-07-08T17:50:00+00:00,198.84000000000012,199.3800000000001,198.8200000000001,199.0100000000001,1134
2026-07-08T17:55:00+00:00,199.0100000000001,199.02000000000012,198.6300000000001,198.90000000000012,909
2026-07-08T18:00:00+00:00,198.90000000000012,199.3500000000001,198.6000000000001,199.20000000000013,1704
2026-07-08T18:05:00+00:00,199.20000000000013,199.2600000000001,198.7500000000001,199.23000000000013,1243
2026-07-08T18:10:00+00:00,199.23000000000013,199.49000000000012,199.0000000000001,199.23000000000013,1184
2026-07-08T18:15:00+00:00,199.23000000000013,199.59000000000012,198.95000000000013,199.58000000000013,1147
2026-07-08T18:20:00+00:00,199.58000000000013,199.65000000000012,199.18000000000012,199.21000000000012,1125
2026-07-08T18:25:00+00:00,199.21000000000012,199.4100000000001,198.8800000000001,198.90000000000012,1021
2026-07-08T18:30:00+00:00,198.90000000000012,199.20000000000013,198.7900000000001,198.99000000000012,1206
2026-07-08T18:35:00+00:00,198.99000000000012,199.93000000000012,198.9700000000001,199.64000000000013,1349
2026-07-08T18:40:00+00:00,199.64000000000013,199.92000000000013,199.2900000000001,199.7900000000001,1104
2026-07-08T18:45:00+00:00,199.7900000000001,199.95000000000013,199.59000000000012,199.7600000000001,909
2026-07-08T18:50:00+00:00,199.7600000000001,200.30000000000013,199.74000000000012,200.2500000000001,1035
2026-07-08T18:55:00+00:00,200.2500000000001,200.90000000000012,199.93000000000012,200.87000000000012,1087
2026-07-08T19:00:00+00:00,200.87000000000012,201.48000000000013,200.81000000000012,201.42000000000013,1482
2026-07-08T19:05:00+00:00,201.42000000000013,201.5100000000001,200.84000000000012,201.1600000000001,1351
2026-07-08T19:10:00+00:00,201.1600000000001,201.24000000000012,200.9100000000001,201.05000000000013,1187
2026-07-08T19:15:00+00:00,201.05000000000013,201.2600000000001,200.80000000000013,201.03000000000011,1184
2026-07-08T19:20:00+00:00,201.03000000000011,201.1900000000001,200.7600000000001,200.93000000000012,1041
2026-07-08T19:25:00+00:00,200.93000000000012,201.1900000000001,200.84000000000012,201.1300000000001,1033
2026-07-08T19:30:00+00:00,201.1300000000001,201.39000000000013,200.73000000000013,201.3200000000001,1504
2026-07-08T19:35:00+00:00,201.3200000000001,201.8500000000001,201.1300000000001,201.17000000000013,1348
2026-07-08T19:40:00+00:00,201.17000000000013,201.17000000000013,200.4700000000001,201.12000000000012,1326
2026-07-08T19:45:00+00:00,201.12000000000012,201.31000000000012,200.78000000000011,200.93000000000012,1588
2026-07-08T19:50:00+00:00,200.93000000000012,201.64000000000013,200.5400000000001,201.3500000000001,1845
2026-07-08T19:55:00+00:00,201.3500000000001,201.3500000000001,200.7600000000001,200.7900000000001,2424
2026-07-09T13:30:00+00:00,200.7900000000001,201.1300000000001,199.21000000000012,200.05000000000013,3343
2026-07-09T13:35:00+00:00,200.05000000000013,200.2600000000001,198.93000000000012,199.18000000000012,3164
2026-07-09T13:40:00+00:00,199.18000000000012,199.31000000000012,198.2500000000001,198.3500000000001,2993
2026-07-09T13:45:00+00:00,198.3500000000001,198.9100000000001,198.18000000000012,198.53000000000011,2658
2026-07-09T13:50:00+00:00,198.53000000000011,199.37000000000012,198.5000000000001,198.77000000000012,2384
2026-07-09T13:55:00+00:00,198.77000000000012,199.18000000000012,198.02000000000012,198.7500000000001,2022
2026-07-09T14:00:00+00:00,198.7500000000001,198.86000000000013,197.64000000000013,197.70000000000013,2258
2026-07-09T14:05:00+00:00,197.70000000000013,197.8500000000001,196.6600000000001,196.77000000000012,2363
2026-07-09T14:10:00+00:00,196.77000000000012,197.09000000000012,196.3800000000001,196.92000000000013,2413
2026-07-09T14:15:00+00:00,196.92000000000013,196.9400000000001,195.9100000000001,196.17000000000013,3110
2026-07-09T14:20:00+00:00,196.17000000000013,196.48000000000013,195.67000000000013,196.45000000000013,2988
2026-07-09T14:25:00+00:00,196.45000000000013,196.98000000000013,196.15000000000012,196.9100000000001,2360
2026-07-09T14:30:00+00:00,196.9100000000001,196.9400000000001,196.0000000000001,196.61000000000013,2440
2026-07-09T14:35:00+00:00,196.61000000000013,197.14000000000013,196.39000000000013,197.05000000000013,2352
2026-07-09T14:40:00+00:00,197.05000000000013,197.56000000000012,197.03000000000011,197.4400000000001,2044
2026-07-09T14:45:00+00:00,197.4400000000001,197.93000000000012,197.3500000000001,197.89000000000013,2045
2026-07-09T14:50:00+00:00,197.89000000000013,197.93000000000012,197.21000000000012,197.58000000000013,2303
2026-07-09T14:55:00+00:00,197.58000000000013,198.37000000000012,197.53000000000011,197.98000000000013,1979
2026-07-09T15:00:00+00:00,197.98000000000013,198.1900000000001,197.81000000000012,198.09000000000012,1910
2026-07-09T15:05:00+00:00,198.09000000000012,198.59000000000012,198.0000000000001,198.5700000000001,1642
2026-07-09T15:10:00+00:00,198.5700000000001,198.7500000000001,198.0700000000001,198.08000000000013,1536
2026-07-09T15:15:00+00:00,198.08000000000013,198.24000000000012,197.70000000000013,197.98000000000013,1542
2026-07-09T15:20:00+00:00,197.98000000000013,198.59000000000012,197.92000000000013,198.5400000000001,1394
2026-07-09T15:25:00+00:00,198.5400000000001,198.90000000000012,198.36000000000013,198.43000000000012,1184
2026-07-09T15:30:00+00:00,198.43000000000012,198.48000000000013,197.86000000000013,197.99000000000012,1388
2026-07-09T15:35:00+00:00,197.99000000000012,198.2200000000001,197.8800000000001,198.1600000000001,1211
2026-07-09T15:40:00+00:00,198.1600000000001,198.4100000000001,198.08000000000013,198.08000000000013,1069
2026-07-09T15:45:00+00:00,198.08000000000013,198.5000000000001,198.03000000000011,198.42000000000013,1016
2026-07-09T15:50:00+00:00,198.42000000000013,198.83000000000013,198.42000000000013,198.70000000000013,1075
2026-07-09T15:55:00+00:00,198.70000000000013,198.74000000000012,198.4100000000001,198.45000000000013,1105
2026-07-09T16:00:00+00:00,198.45000000000013,198.9400000000001,198.40000000000012,198.8200000000001,1066
2026-07-09T16:05:00+00:00,198.8200000000001,199.2200000000001,198.56000000000012,198.61000000000013,880
2026-07-09T16:10:00+00:00,198.61000000000013,198.9700000000001,198.53000000000011,198.74000000000012,1257
2026-07-09T16:15:00+00:00,198.74000000000012,198.98000000000013,198.61000000000013,198.7600000000001,992
2026-07-09T16:20:00+00:00,198.7600000000001,199.0000000000001,198.64000000000013,198.96000000000012,914
2026-07-09T16:25:00+00:00,198.96000000000012,199.0700000000001,198.83000000000013,198.8800000000001,858
2026-07-09T16:30:00+00:00,198.8800000000001,199.27000000000012,198.73000000000013,198.7500000000001,984
2026-07-09T16:35:00+00:00,198.7500000000001,198.8500000000001,198.48000000000013,198.64000000000013,1168
2026-07-09T16:40:00+00:00,198.64000000000013,198.8800000000001,198.42000000000013,198.4700000000001,809
2026-07-09T16:45:00+00:00,198.4700000000001,198.53000000000011,198.33000000000013,198.4100000000001,742
2026-07-09T16:50:00+00:00,198.4100000000001,198.6900000000001,198.4100000000001,198.67000000000013,877
2026-07-09T16:55:00+00:00,198.67000000000013,198.6900000000001,198.3500000000001,198.4100000000001,710
2026-07-09T17:00:00+00:00,198.4100000000001,198.98000000000013,198.39000000000013,198.93000000000012,711
2026-07-09T17:05:00+00:00,198.93000000000012,199.84000000000012,198.89000000000013,199.5400000000001,926
2026-07-09T17:10:00+00:00,199.5400000000001,199.95000000000013,199.5400000000001,199.77000000000012,887
2026-07-09T17:15:00+00:00,199.77000000000012,200.0400000000001,199.45000000000013,199.56000000000012,861
2026-07-09T17:20:00+00:00,199.56000000000012,199.8500000000001,199.5400000000001,199.7200000000001,790
2026-07-09T17:25:00+00:00,199.7200000000001,199.74000000000012,199.48000000000013,199.53000000000011,688
2026-07-09T17:30:00+00:00,199.53000000000011,199.74000000000012,199.49000000000012,199.5100000000001,781
2026-07-09T17:35:00+00:00,199.5100000000001,199.98000000000013,199.4700000000001,199.92000000000013,859
2026-07-09T17:40:00+00:00,199.92000000000013,200.0100000000001,199.84000000000012,199.87000000000012,763
2026-07-09T17:45:00+00:00,199.87000000000012,200.14000000000013,199.8200000000001,199.92000000000013,768
2026-07-09T17:50:00+00:00,199.92000000000013,200.1600000000001,199.92000000000013,200.0700000000001,696
2026-07-09T17:55:00+00:00,200.0700000000001,200.23000000000013,199.89000000000013,200.02000000000012,770
2026-07-09T18:00:00+00:00,200.02000000000012,200.1000000000001,199.77000000000012,199.81000000000012,804
2026-07-09T18:05:00+00:00,199.81000000000012,200.2600000000001,199.7900000000001,200.15000000000012,756
2026-07-09T18:10:00+00:00,200.15000000000012,200.15000000000012,199.7200000000001,199.9100000000001,720
2026-07-09T18:15:00+00:00,199.9100000000001,200.20000000000013,199.80000000000013,200.0100000000001,925
2026-07-09T18:20:00+00:00,200.0100000000001,200.0100000000001,199.62000000000012,199.8200000000001,760
2026-07-09T18:25:00+00:00,199.8200000000001,200.23000000000013,199.7200000000001,200.21000000000012,781
2026-07-09T18:30:00+00:00,200.21000000000012,200.74000000000012,200.21000000000012,200.49000000000012,928
2026-07-09T18:35:00+00:00,200.49000000000012,200.9100000000001,200.4400000000001,200.5400000000001,981
2026-07-09T18:40:00+00:00,200.5400000000001,200.7600000000001,200.37000000000012,200.70000000000013,855
2026-07-09T18:45:00+00:00,200.70000000000013,200.7200000000001,200.2500000000001,200.28000000000011,742
2026-07-09T18:50:00+00:00,200.28000000000011,200.6000000000001,200.27000000000012,200.43000000000012,683
2026-07-09T18:55:00+00:00,200.43000000000012,200.43000000000012,200.1000000000001,200.1600000000001,877
2026-07-09T19:00:00+00:00,200.1600000000001,200.23000000000013,199.68000000000012,199.71000000000012,1003
2026-07-09T19:05:00+00:00,199.71000000000012,200.0000000000001,199.65000000000012,199.96000000000012,886
2026-07-09T19:10:00+00:00,199.96000000000012,200.2200000000001,199.93000000000012,200.1000000000001,714
2026-07-09T19:15:00+00:00,200.1000000000001,201.0000000000001,200.03000000000011,200.95000000000013,1024
2026-07-09T19:20:00+00:00,200.95000000000013,201.2900000000001,200.87000000000012,200.87000000000012,874
2026-07-09T19:25:00+00:00,200.87000000000012,200.89000000000013,200.40000000000012,200.5000000000001,986
2026-07-09T19:30:00+00:00,200.5000000000001,200.62000000000012,200.20000000000013,200.4400000000001,1280
2026-07-09T19:35:00+00:00,200.4400000000001,200.83000000000013,200.39000000000013,200.6900000000001,1009
2026-07-09T19:40:00+00:00,200.6900000000001,200.77000000000012,200.3500000000001,200.65000000000012,835
2026-07-09T19:45:00+00:00,200.65000000000012,200.81000000000012,200.55000000000013,200.65000000000012,930
2026-07-09T19:50:00+00:00,200.65000000000012,200.65000000000012,199.95000000000013,200.0100000000001,1533
2026-07-09T19:55:00+00:00,200.0100000000001,200.21000000000012,199.28000000000011,199.45000000000013,1848
2026-07-10T13:30:00+00:00,199.45000000000013,201.08000000000013,198.56000000000012,200.83000000000013,2220
2026-07-10T13:35:00+00:00,200.83000000000013,201.68000000000012,200.11000000000013,200.27000000000012,2811
2026-07-10T13:40:00+00:00,200.27000000000012,201.6900000000001,199.7900000000001,201.33000000000013,2924
2026-07-10T13:45:00+00:00,201.33000000000013,203.17000000000013,201.0700000000001,203.12000000000012,2857
2026-07-10T13:50:00+00:00,203.12000000000012,203.43000000000012,202.45000000000013,203.0700000000001,2671
2026-07-10T13:55:00+00:00,203.0700000000001,204.14000000000013,202.48000000000013,204.0400000000001,2739
2026-07-10T14:00:00+00:00,204.0400000000001,204.71000000000012,203.78000000000011,203.84000000000012,2780
2026-07-10T14:05:00+00:00,203.84000000000012,203.90000000000012,202.6000000000001,203.7500000000001,2477
2026-07-10T14:10:00+00:00,203.7500000000001,204.8500000000001,203.39000000000013,204.71000000000012,2130
2026-07-10T14:15:00+00:00,204.71000000000012,204.7500000000001,203.5400000000001,203.6300000000001,2261
2026-07-10T14:20:00+00:00,203.6300000000001,203.7500000000001,202.9400000000001,203.5000000000001,2375
2026-07-10T14:25:00+00:00,203.5000000000001,204.27000000000012,203.2600000000001,204.0000000000001,2312
2026-07-10T14:30:00+00:00,204.0000000000001,204.53000000000011,202.40000000000012,203.90000000000012,3688
2026-07-10T14:35:00+00:00,203.90000000000012,204.42000000000013,203.7900000000001,204.0400000000001,3350
2026-07-10T14:40:00+00:00,204.0400000000001,204.1600000000001,203.3800000000001,203.6000000000001,2792
2026-07-10T14:45:00+00:00,203.6000000000001,203.7200000000001,203.2500000000001,203.6600000000001,2132
2026-07-10T14:50:00+00:00,203.6600000000001,203.92000000000013,203.09000000000012,203.12000000000012,2040
2026-07-10T14:55:00+00:00,203.12000000000012,203.28000000000011,202.6300000000001,202.78000000000011,2264.773179466773
2026-07-10T15:00:00+00:00,202.78000000000011,202.9700000000001,202.53000000000011,202.64000000000013,2440
2026-07-10T15:05:00+00:00,202.64000000000013,203.85000000000014,202.54000000000013,203.82000000000014,2147
2026-07-10T15:10:00+00:00,203.82000000000014,204.08000000000013,203.74000000000012,203.85000000000014,1667
2026-07-10T15:15:00+00:00,203.85000000000014,204.61000000000013,203.85000000000014,204.44000000000014,1868
2026-07-10T15:20:00+00:00,204.44000000000014,204.95000000000013,204.35000000000014,204.95000000000013,1687
2026-07-10T15:25:00+00:00,204.95000000000013,205.4700000000001,204.90000000000012,205.23000000000013,1542
2026-07-10T15:30:00+00:00,205.23000000000013,205.45000000000013,205.03000000000011,205.45000000000013,1834
2026-07-10T15:35:00+00:00,205.45000000000013,206.14000000000013,205.13000000000014,205.88000000000014,1902
2026-07-10T15:40:00+00:00,205.88000000000014,206.04000000000013,204.30000000000013,204.65000000000012,2450
2026-07-10T15:45:00+00:00,204.65000000000012,205.92000000000013,204.48000000000013,205.91000000000014,2359
2026-07-10T15:50:00+00:00,205.91000000000014,206.06000000000012,205.40000000000012,205.56000000000012,1820
2026-07-10T15:55:00+00:00,205.56000000000012,205.7500000000001,205.30000000000013,205.67000000000013,1326
2026-07-10T16:00:00+00:00,205.67000000000013,206.07000000000014,205.56000000000012,205.9700000000001,1600
2026-07-10T16:05:00+00:00,205.9700000000001,206.2500000000001,205.83000000000013,205.92000000000013,1453
2026-07-10T16:10:00+00:00,205.92000000000013,206.01000000000013,205.62000000000012,205.71000000000012,1365
2026-07-10T16:15:00+00:00,205.71000000000012,206.57000000000014,205.67000000000013,206.54000000000013,1392
2026-07-10T16:20:00+00:00,206.54000000000013,207.21000000000012,206.48000000000013,207.21000000000012,1567
2026-07-10T16:25:00+00:00,207.21000000000012,207.2200000000001,206.42000000000013,206.45000000000013,1513
2026-07-10T16:30:00+00:00,206.45000000000013,206.98000000000013,206.37000000000012,206.93000000000012,1066
2026-07-10T16:35:00+00:00,206.93000000000012,207.04000000000013,206.48000000000013,206.53000000000011,1184
2026-07-10T16:40:00+00:00,206.53000000000011,206.67000000000013,206.34000000000012,206.48000000000013,921
2026-07-10T16:45:00+00:00,206.48000000000013,206.69000000000014,206.34000000000012,206.44000000000014,811
2026-07-10T16:50:00+00:00,206.44000000000014,206.66000000000014,206.20000000000013,206.38000000000014,1006
2026-07-10T16:55:00+00:00,206.38000000000014,206.43000000000012,206.07000000000014,206.27000000000012,939
2026-07-10T17:00:00+00:00,206.27000000000012,206.4700000000001,206.16000000000014,206.41000000000014,875
2026-07-10T17:05:00+00:00,206.41000000000014,206.60000000000014,206.24000000000012,206.26000000000013,811
2026-07-10T17:10:00+00:00,206.26000000000013,206.86000000000013,206.26000000000013,206.51000000000013,846
2026-07-10T17:15:00+00:00,206.51000000000013,206.82000000000014,206.31000000000012,206.48000000000013,756
2026-07-10T17:20:00+00:00,206.48000000000013,206.7200000000001,206.4700000000001,206.57000000000014,668
2026-07-10T17:25:00+00:00,206.57000000000014,206.98000000000013,206.56000000000012,206.83000000000013,796
2026-07-10T17:30:00+00:00,206.83000000000013,207.09000000000012,206.73000000000013,206.96000000000012,907
2026-07-10T17:35:00+00:00,206.96000000000012,207.37000000000012,206.86000000000013,207.18000000000012,898
2026-07-10T17:40:00+00:00,207.18000000000012,207.45000000000013,207.12000000000012,207.42000000000013,954
2026-07-10T17:45:00+00:00,207.42000000000013,207.54000000000013,207.24000000000012,207.29000000000013,839
2026-07-10T17:50:00+00:00,207.29000000000013,207.42000000000013,207.03000000000011,207.07000000000014,706
2026-07-10T17:55:00+00:00,207.07000000000014,207.19000000000014,206.98000000000013,207.04000000000013,779
2026-07-10T18:00:00+00:00,207.04000000000013,207.51000000000013,206.93000000000012,207.11000000000013,942
2026-07-10T18:05:00+00:00,207.11000000000013,207.2200000000001,206.66000000000014,206.77000000000012,797
2026-07-10T18:10:00+00:00,206.77000000000012,206.93000000000012,206.62000000000012,206.73000000000013,837
2026-07-10T18:15:00+00:00,206.73000000000013,207.08000000000013,206.59000000000012,206.9700000000001,801
2026-07-10T18:20:00+00:00,206.9700000000001,207.10000000000014,206.84000000000012,207.08000000000013,765
2026-07-10T18:25:00+00:00,207.08000000000013,207.19000000000014,206.88000000000014,206.96000000000012,758
2026-07-10T18:30:00+00:00,206.96000000000012,207.08000000000013,206.77000000000012,207.02000000000012,731
2026-07-10T18:35:00+00:00,207.02000000000012,207.03000000000011,206.48000000000013,206.52000000000012,840
2026-07-10T18:40:00+00:00,206.52000000000012,206.83000000000013,206.45000000000013,206.65000000000012,639
2026-07-10T18:45:00+00:00,206.65000000000012,206.71000000000012,206.4700000000001,206.58000000000013,539
2026-07-10T18:50:00+00:00,206.58000000000013,206.7500000000001,206.51000000000013,206.71000000000012,576
2026-07-10T18:55:00+00:00,206.71000000000012,206.92000000000013,206.68000000000012,206.80000000000013,539
2026-07-10T19:00:00+00:00,206.80000000000013,207.08000000000013,206.76000000000013,207.03000000000011,741
2026-07-10T19:05:00+00:00,207.03000000000011,207.39000000000013,206.9700000000001,207.11000000000013,685
2026-07-10T19:10:00+00:00,207.11000000000013,207.17000000000013,206.81000000000012,206.90000000000012,631
2026-07-10T19:15:00+00:00,206.90000000000012,206.90000000000012,206.5000000000001,206.68000000000012,771
2026-07-10T19:20:00+00:00,206.68000000000012,206.73000000000013,206.40000000000012,206.67000000000013,858
2026-07-10T19:25:00+00:00,206.67000000000013,206.69000000000014,206.46000000000012,206.63000000000014,711
2026-07-10T19:30:00+00:00,206.63000000000014,206.95000000000013,206.4700000000001,206.55000000000013,986
2026-07-10T19:35:00+00:00,206.55000000000013,206.66000000000014,206.43000000000012,206.56000000000012,630
2026-07-10T19:40:00+00:00,206.56000000000012,206.67000000000013,206.30000000000013,206.30000000000013,737
2026-07-10T19:45:00+00:00,206.30000000000013,206.59000000000012,206.23000000000013,206.51000000000013,998
2026-07-10T19:50:00+00:00,206.51000000000013,206.94000000000014,206.5000000000001,206.90000000000012,1191
2026-07-10T19:55:00+00:00,206.90000000000012,207.66000000000014,206.86000000000013,207.62000000000012,1242
2026-07-13T13:30:00+00:00,207.62000000000012,207.62000000000012,205.16000000000014,206.54000000000013,2425
2026-07-13T13:35:00+00:00,206.54000000000013,207.2200000000001,205.19000000000014,205.65000000000012,2707
2026-07-13T13:40:00+00:00,205.65000000000012,205.79000000000013,204.31000000000012,204.73000000000013,2698
2026-07-13T13:45:00+00:00,204.73000000000013,205.42000000000013,204.42000000000013,205.19000000000014,2433
2026-07-13T13:50:00+00:00,205.19000000000014,205.45000000000013,203.70000000000013,203.78000000000011,2636
2026-07-13T13:55:00+00:00,203.78000000000011,205.46000000000012,203.67000000000013,205.34000000000012,2381
2026-07-13T14:00:00+00:00,205.34000000000012,205.86000000000013,204.98000000000013,205.41000000000014,2374
2026-07-13T14:05:00+00:00,205.41000000000014,206.23000000000013,205.31000000000012,206.15000000000012,2154
2026-07-13T14:10:00+00:00,206.15000000000012,206.19000000000014,205.57000000000014,205.77000000000012,2082
2026-07-13T14:15:00+00:00,205.77000000000012,205.94000000000014,204.38000000000014,205.36000000000013,2703
2026-07-13T14:20:00+00:00,205.36000000000013,205.89000000000013,204.94000000000014,205.73000000000013,1916
2026-07-13T14:25:00+00:00,205.73000000000013,205.79000000000013,204.96000000000012,205.29000000000013,2337
2026-07-13T14:30:00+00:00,205.29000000000013,205.53000000000011,204.67000000000013,204.95000000000013,2345
2026-07-13T14:35:00+00:00,204.95000000000013,205.0000000000001,204.19000000000014,204.85000000000014,2102
2026-07-13T14:40:00+00:00,204.85000000000014,204.87000000000012,203.71000000000012,203.98000000000013,2019
2026-07-13T14:45:00+00:00,203.98000000000013,204.30000000000013,203.64000000000013,204.16000000000014,2143
2026-07-13T14:50:00+00:00,204.16000000000014,204.30000000000013,203.39000000000013,203.45000000000013,1960
2026-07-13T14:55:00+00:00,203.45000000000013,204.26000000000013,203.30000000000013,204.06000000000012,1958
2026-07-13T15:00:00+00:00,204.06000000000012,204.30000000000013,203.86000000000013,203.94000000000014,1886
2026-07-13T15:05:00+00:00,203.94000000000014,204.34000000000012,203.71000000000012,203.95000000000013,1805
2026-07-13T15:10:00+00:00,203.95000000000013,204.20000000000013,203.77000000000012,204.08000000000013,1607
2026-07-13T15:15:00+00:00,204.08000000000013,204.59000000000012,203.96000000000012,204.19000000000014,1655
2026-07-13T15:20:00+00:00,204.19000000000014,204.68000000000012,204.13000000000014,204.46000000000012,1802
2026-07-13T15:25:00+00:00,204.46000000000012,204.71000000000012,204.26000000000013,204.45000000000013,1610
2026-07-13T15:30:00+00:00,204.45000000000013,204.70000000000013,204.09000000000012,204.10000000000014,1770
2026-07-13T15:35:00+00:00,204.10000000000014,204.2500000000001,203.84000000000012,204.09000000000012,1714
2026-07-13T15:40:00+00:00,204.09000000000012,204.15000000000012,203.76000000000013,203.81000000000012,1539
2026-07-13T15:45:00+00:00,203.81000000000012,203.86000000000013,203.52000000000012,203.74000000000012,1474
2026-07-13T15:50:00+00:00,203.74000000000012,203.81000000000012,203.39000000000013,203.69000000000014,1486
2026-07-13T15:55:00+00:00,203.69000000000014,203.80000000000013,203.33000000000013,203.41000000000014,1434
2026-07-13T16:00:00+00:00,203.41000000000014,203.48000000000013,202.73000000000013,202.85000000000014,1637
2026-07-13T16:05:00+00:00,202.85000000000014,202.9700000000001,202.46000000000012,202.7500000000001,1580
2026-07-13T16:10:00+00:00,202.7500000000001,203.0000000000001,202.68000000000012,202.92000000000013,1384
2026-07-13T16:15:00+00:00,202.92000000000013,202.92000000000013,202.51000000000013,202.67000000000013,1575
2026-07-13T16:20:00+00:00,202.67000000000013,202.76000000000013,202.42000000000013,202.53000000000011,1300
2026-07-13T16:25:00+00:00,202.53000000000011,202.70000000000013,202.2200000000001,202.55000000000013,1256
2026-07-13T16:30:00+00:00,202.55000000000013,202.56000000000012,201.76000000000013,201.77000000000012,1573
2026-07-13T16:35:00+00:00,201.77000000000012,201.81000000000012,201.17000000000013,201.64000000000013,2266
2026-07-13T16:40:00+00:00,201.64000000000013,201.96000000000012,201.41000000000014,201.79000000000013,1689
2026-07-13T16:45:00+00:00,201.79000000000013,201.90000000000012,201.34000000000012,201.36000000000013,1367
2026-07-13T16:50:00+00:00,201.36000000000013,201.60000000000014,200.98000000000013,201.2200000000001,1711
2026-07-13T16:55:00+00:00,201.2200000000001,201.63000000000014,201.07000000000014,201.29000000000013,1527
2026-07-13T17:00:00+00:00,201.29000000000013,201.60000000000014,201.2200000000001,201.23000000000013,1286
2026-07-13T17:05:00+00:00,201.23000000000013,201.76000000000013,201.15000000000012,201.70000000000013,1220
2026-07-13T17:10:00+00:00,201.70000000000013,201.83000000000013,201.20000000000013,201.35000000000014,1212
2026-07-13T17:15:00+00:00,201.35000000000014,201.46000000000012,200.92000000000013,200.98000000000013,1198
2026-07-13T17:20:00+00:00,200.98000000000013,201.13000000000014,200.77000000000012,200.87000000000012,1334
2026-07-13T17:25:00+00:00,200.87000000000012,200.90000000000012,200.5000000000001,200.89000000000013,1384
2026-07-13T17:30:00+00:00,200.89000000000013,201.01000000000013,200.63000000000014,200.90000000000012,1387
2026-07-13T17:35:00+00:00,200.90000000000012,200.93000000000012,200.43000000000012,200.51000000000013,1220
2026-07-13T17:40:00+00:00,200.51000000000013,200.78000000000011,200.36000000000013,200.66000000000014,1409
2026-07-13T17:45:00+00:00,200.66000000000014,200.80000000000013,200.34000000000012,200.37000000000012,1263
2026-07-13T17:50:00+00:00,200.37000000000012,200.43000000000012,200.13000000000014,200.27000000000012,1592
2026-07-13T17:55:00+00:00,200.27000000000012,200.62000000000012,200.2200000000001,200.31000000000012,1243
2026-07-13T18:00:00+00:00,200.31000000000012,200.83000000000013,200.26000000000013,200.69000000000014,1524
2026-07-13T18:05:00+00:00,200.69000000000014,201.11000000000013,200.67000000000013,200.7500000000001,1328
2026-07-13T18:10:00+00:00,200.7500000000001,200.84000000000012,200.43000000000012,200.81000000000012,1335
2026-07-13T18:15:00+00:00,200.81000000000012,200.90000000000012,200.38000000000014,200.52000000000012,1124
2026-07-13T18:20:00+00:00,200.52000000000012,200.83000000000013,200.39000000000013,200.78000000000011,1258
2026-07-13T18:25:00+00:00,200.78000000000011,200.81000000000012,200.27000000000012,200.29000000000013,1286
2026-07-13T18:30:00+00:00,200.29000000000013,200.73000000000013,200.0000000000001,200.43000000000012,1392
2026-07-13T18:35:00+00:00,200.43000000000012,200.86000000000013,200.38000000000014,200.82000000000014,1267
2026-07-13T18:40:00+00:00,200.82000000000014,200.96000000000012,200.67000000000013,200.7500000000001,1152
2026-07-13T18:45:00+00:00,200.7500000000001,200.81000000000012,200.56000000000012,200.70000000000013,1324
2026-07-13T18:50:00+00:00,200.70000000000013,200.81000000000012,200.4700000000001,200.61000000000013,1043
2026-07-13T18:55:00+00:00,200.61000000000013,200.74000000000012,200.20000000000013,200.43000000000012,1242
2026-07-13T19:00:00+00:00,200.43000000000012,201.09000000000012,200.31000000000012,201.07000000000014,1169
2026-07-13T19:05:00+00:00,201.07000000000014,201.16000000000014,200.46000000000012,200.4700000000001,1367
2026-07-13T19:10:00+00:00,200.4700000000001,200.62000000000012,200.26000000000013,200.51000000000013,1568
2026-07-13T19:15:00+00:00,200.51000000000013,200.70000000000013,200.39000000000013,200.65000000000012,1321
2026-07-13T19:20:00+00:00,200.65000000000012,200.71000000000012,200.21000000000012,200.32000000000014,1477
2026-07-13T19:25:00+00:00,200.32000000000014,200.49000000000012,200.20000000000013,200.48000000000013,1433
2026-07-13T19:30:00+00:00,200.48000000000013,201.0000000000001,200.48000000000013,200.84000000000012,1760
2026-07-13T19:35:00+00:00,200.84000000000012,200.84000000000012,200.32000000000014,200.38000000000014,1468
2026-07-13T19:40:00+00:00,200.38000000000014,200.7500000000001,200.27000000000012,200.68000000000012,1461
2026-07-13T19:45:00+00:00,200.68000000000012,200.77000000000012,200.41000000000014,200.68000000000012,1453
2026-07-13T19:50:00+00:00,200.68000000000012,201.11000000000013,200.13000000000014,200.30000000000013,2305
2026-07-13T19:55:00+00:00,200.30000000000013,200.87000000000012,200.12000000000012,200.12000000000012,2380
2026-07-14T13:30:00+00:00,200.12000000000012,204.85000000000014,200.12000000000012,201.57000000000014,2487
2026-07-14T13:35:00+00:00,201.57000000000014,201.83000000000013,200.88000000000014,200.92000000000013,2809
2026-07-14T13:40:00+00:00,200.92000000000013,201.19000000000014,200.46000000000012,200.83000000000013,2695
2026-07-14T13:45:00+00:00,200.83000000000013,201.9700000000001,200.81000000000012,201.71000000000012,2804
2026-07-14T13:50:00+00:00,201.71000000000012,202.19000000000014,201.44000000000014,201.81000000000012,2504
2026-07-14T13:55:00+00:00,201.81000000000012,201.96000000000012,201.49000000000012,201.62000000000012,2097
2026-07-14T14:00:00+00:00,201.62000000000012,201.76000000000013,201.07000000000014,201.14000000000013,2611
2026-07-14T14:05:00+00:00,201.14000000000013,201.54000000000013,200.7200000000001,201.11000000000013,2721
2026-07-14T14:10:00+00:00,201.11000000000013,201.5000000000001,200.84000000000012,201.34000000000012,2492
2026-07-14T14:15:00+00:00,201.34000000000012,202.15000000000012,200.88000000000014,202.01000000000013,2791
2026-07-14T14:20:00+00:00,202.01000000000013,202.49000000000012,201.7200000000001,201.77000000000012,2546
2026-07-14T14:25:00+00:00,201.77000000000012,202.68000000000012,201.58000000000013,202.20000000000013,2581
2026-07-14T14:30:00+00:00,202.20000000000013,204.01000000000013,201.86000000000013,203.63000000000014,2732
2026-07-14T14:35:00+00:00,203.63000000000014,203.76000000000013,203.19000000000014,203.32000000000014,2308
2026-07-14T14:40:00+00:00,203.32000000000014,203.42000000000013,202.93000000000012,203.13000000000014,1897
2026-07-14T14:45:00+00:00,203.13000000000014,203.46000000000012,203.01000000000013,203.15000000000012,2206
2026-07-14T14:50:00+00:00,203.15000000000012,204.0000000000001,203.02000000000012,204.0000000000001,2135
2026-07-14T14:55:00+00:00,204.0000000000001,204.35000000000014,203.89000000000013,204.14000000000013,1742
2026-07-14T15:00:00+00:00,204.14000000000013,204.41000000000014,203.87000000000012,204.15000000000012,2248
2026-07-14T15:05:00+00:00,204.15000000000012,204.98000000000013,204.09000000000012,204.81000000000012,2164
2026-07-14T15:10:00+00:00,204.81000000000012,204.96000000000012,204.30000000000013,204.43000000000012,1750
2026-07-14T15:15:00+00:00,204.43000000000012,204.80000000000013,204.40000000000012,204.67000000000013,1924
2026-07-14T15:20:00+00:00,204.67000000000013,205.57000000000014,204.57000000000014,205.34000000000012,1770
2026-07-14T15:25:00+00:00,205.34000000000012,205.80000000000013,205.17000000000013,205.76000000000013,1546
2026-07-14T15:30:00+00:00,205.76000000000013,205.83000000000013,205.08000000000013,205.58000000000013,1789
2026-07-14T15:35:00+00:00,205.58000000000013,205.71000000000012,205.29000000000013,205.56000000000012,1766
2026-07-14T15:40:00+00:00,205.56000000000012,205.96000000000012,205.21000000000012,205.78000000000011,1847
2026-07-14T15:45:00+00:00,205.78000000000011,205.96000000000012,205.49000000000012,205.51000000000013,1443
2026-07-14T15:50:00+00:00,205.51000000000013,205.58000000000013,204.98000000000013,205.49000000000012,1874
2026-07-14T15:55:00+00:00,205.49000000000012,205.88000000000014,205.35000000000014,205.83000000000013,1783
2026-07-14T16:00:00+00:00,205.83000000000013,205.93000000000012,205.17000000000013,205.49000000000012,1979
2026-07-14T16:05:00+00:00,205.49000000000012,205.57000000000014,205.2500000000001,205.30000000000013,1517
2026-07-14T16:10:00+00:00,205.30000000000013,205.39000000000013,204.9700000000001,205.21000000000012,1367
2026-07-14T16:15:00+00:00,205.21000000000012,205.87000000000012,205.02000000000012,205.79000000000013,1599
2026-07-14T16:20:00+00:00,205.79000000000013,206.16000000000014,205.61000000000013,205.9700000000001,1379
2026-07-14T16:25:00+00:00,205.9700000000001,206.24000000000012,205.87000000000012,206.23000000000013,1339
2026-07-14T16:30:00+00:00,206.23000000000013,206.57000000000014,205.95000000000013,206.53000000000011,1508
2026-07-14T16:35:00+00:00,206.53000000000011,206.56000000000012,205.9700000000001,206.39000000000013,1125
2026-07-14T16:40:00+00:00,206.39000000000013,206.92000000000013,206.30000000000013,206.74000000000012,1221
2026-07-14T16:45:00+00:00,206.74000000000012,206.89000000000013,206.45000000000013,206.76000000000013,1295
2026-07-14T16:50:00+00:00,206.76000000000013,207.11000000000013,206.68000000000012,206.92000000000013,974
2026-07-14T16:55:00+00:00,206.92000000000013,207.57000000000014,206.90000000000012,207.54000000000013,990
2026-07-14T17:00:00+00:00,207.54000000000013,207.98000000000013,207.45000000000013,207.80000000000013,1216
2026-07-14T17:05:00+00:00,207.80000000000013,208.14000000000013,207.77000000000012,207.87000000000012,1046
2026-07-14T17:10:00+00:00,207.87000000000012,208.01000000000013,207.66000000000014,207.88000000000014,1037
2026-07-14T17:15:00+00:00,207.88000000000014,208.18000000000012,207.54000000000013,207.86000000000013,1223
2026-07-14T17:20:00+00:00,207.86000000000013,208.14000000000013,207.80000000000013,207.93000000000012,940
2026-07-14T17:25:00+00:00,207.93000000000012,208.01000000000013,207.61000000000013,207.68000000000012,866
2026-07-14T17:30:00+00:00,207.68000000000012,207.90000000000012,207.27000000000012,207.31000000000012,933
2026-07-14T17:35:00+00:00,207.31000000000012,207.56000000000012,207.17000000000013,207.39000000000013,958
2026-07-14T17:40:00+00:00,207.39000000000013,207.45000000000013,207.18000000000012,207.42000000000013,791
2026-07-14T17:45:00+00:00,207.42000000000013,207.78000000000011,207.34000000000012,207.70000000000013,941
2026-07-14T17:50:00+00:00,207.70000000000013,208.06000000000012,207.69000000000014,208.0000000000001,774
2026-07-14T17:55:00+00:00,208.0000000000001,208.15000000000012,207.87000000000012,207.99000000000012,745
2026-07-14T18:00:00+00:00,207.99000000000012,208.16000000000014,207.82000000000014,208.07000000000014,868
2026-07-14T18:05:00+00:00,208.07000000000014,208.26000000000013,207.82000000000014,208.2500000000001,840
2026-07-14T18:10:00+00:00,208.2500000000001,208.66000000000014,208.17000000000013,208.56000000000012,754
2026-07-14T18:15:00+00:00,208.56000000000012,208.73000000000013,208.5000000000001,208.61000000000013,942
2026-07-14T18:20:00+00:00,208.61000000000013,208.76000000000013,208.34000000000012,208.41000000000014,807
2026-07-14T18:25:00+00:00,208.41000000000014,208.49000000000012,208.24000000000012,208.43000000000012,777
2026-07-14T18:30:00+00:00,208.43000000000012,208.95000000000013,208.38000000000014,208.95000000000013,817
2026-07-14T18:35:00+00:00,208.95000000000013,209.20000000000013,208.67000000000013,208.82000000000014,1032
2026-07-14T18:40:00+00:00,208.82000000000014,208.90000000000012,208.5000000000001,208.73000000000013,1309
2026-07-14T18:45:00+00:00,208.73000000000013,208.91000000000014,208.57000000000014,208.63000000000014,944
2026-07-14T18:50:00+00:00,208.63000000000014,209.09000000000012,208.60000000000014,209.05000000000013,761
2026-07-14T18:55:00+00:00,209.05000000000013,209.06000000000012,208.94000000000014,208.9700000000001,788
2026-07-14T19:00:00+00:00,208.9700000000001,209.01000000000013,208.49000000000012,208.60000000000014,1015
2026-07-14T19:05:00+00:00,208.60000000000014,208.7200000000001,208.31000000000012,208.31000000000012,886
2026-07-14T19:10:00+00:00,208.31000000000012,208.59000000000012,208.13000000000014,208.39000000000013,980
2026-07-14T19:15:00+00:00,208.39000000000013,208.65000000000012,208.33000000000013,208.60000000000014,938
2026-07-14T19:20:00+00:00,208.60000000000014,208.89000000000013,208.57000000000014,208.69000000000014,888
2026-07-14T19:25:00+00:00,208.69000000000014,208.77000000000012,207.91000000000014,207.92000000000013,1129
2026-07-14T19:30:00+00:00,207.92000000000013,208.29000000000013,207.68000000000012,208.29000000000013,1539
2026-07-14T19:35:00+00:00,208.29000000000013,208.39000000000013,207.73000000000013,207.87000000000012,987
2026-07-14T19:40:00+00:00,207.87000000000012,208.54000000000013,207.77000000000012,208.39000000000013,831
2026-07-14T19:45:00+00:00,208.39000000000013,208.65000000000012,208.32000000000014,208.59000000000012,863
2026-07-14T19:50:00+00:00,208.59000000000012,208.96000000000012,208.26000000000013,208.81000000000012,1697
2026-07-14T19:55:00+00:00,208.81000000000012,208.85000000000014,208.19000000000014,208.48000000000013,1660
2026-07-15T13:30:00+00:00,208.48000000000013,210.44000000000014,207.82000000000014,210.03000000000011,2427
2026-07-15T13:35:00+00:00,210.03000000000011,210.2200000000001,208.11000000000013,208.71000000000012,2609
2026-07-15T13:40:00+00:00,208.71000000000012,209.07000000000014,207.9700000000001,208.65000000000012,2271
2026-07-15T13:45:00+00:00,208.65000000000012,208.70000000000013,207.93000000000012,208.01000000000013,2475
2026-07-15T13:50:00+00:00,208.01000000000013,208.14000000000013,207.37000000000012,207.7200000000001,2461
2026-07-15T13:55:00+00:00,207.7200000000001,208.63000000000014,207.46000000000012,208.55000000000013,2322
2026-07-15T14:00:00+00:00,208.55000000000013,208.7200000000001,207.24000000000012,207.28000000000011,2274
2026-07-15T14:05:00+00:00,207.28000000000011,208.20000000000013,206.93000000000012,208.16000000000014,2217
2026-07-15T14:10:00+00:00,208.16000000000014,208.61000000000013,207.94000000000014,208.01000000000013,2112
2026-07-15T14:15:00+00:00,208.01000000000013,208.64000000000013,207.80000000000013,208.30000000000013,2054
2026-07-15T14:20:00+00:00,208.30000000000013,208.35000000000014,206.4700000000001,206.60000000000014,2692
2026-07-15T14:25:00+00:00,206.60000000000014,207.41000000000014,206.03000000000011,207.36000000000013,2521
2026-07-15T14:30:00+00:00,207.36000000000013,207.46000000000012,206.45000000000013,207.26000000000013,2622
2026-07-15T14:35:00+00:00,207.26000000000013,207.34000000000012,206.32000000000014,206.40000000000012,2399
2026-07-15T14:40:00+00:00,206.40000000000012,206.88000000000014,206.02000000000012,206.63000000000014,2382
2026-07-15T14:45:00+00:00,206.63000000000014,207.32000000000014,206.23000000000013,207.17000000000013,2354
2026-07-15T14:50:00+00:00,207.17000000000013,207.28000000000011,206.5000000000001,206.78000000000011,2231
2026-07-15T14:55:00+00:00,206.78000000000011,207.07000000000014,206.55000000000013,206.7000000000001,2050.905770860621
2026-07-15T15:00:00+00:00,206.7000000000001,206.72000000000008,206.1100000000001,206.1500000000001,2270
2026-07-15T15:05:00+00:00,206.1500000000001,206.88000000000008,206.0800000000001,206.5800000000001,1986
2026-07-15T15:10:00+00:00,206.5800000000001,206.6200000000001,205.76000000000008,205.8100000000001,1951
2026-07-15T15:15:00+00:00,205.8100000000001,205.88000000000008,205.04000000000008,205.5500000000001,2267
2026-07-15T15:20:00+00:00,205.5500000000001,205.73000000000008,205.22000000000008,205.6100000000001,2086
2026-07-15T15:25:00+00:00,205.6100000000001,206.19000000000008,205.48000000000008,206.1800000000001,1999
2026-07-15T15:30:00+00:00,206.1800000000001,206.3900000000001,206.00000000000009,206.1200000000001,1879
2026-07-15T15:35:00+00:00,206.1200000000001,206.1500000000001,205.6200000000001,205.9600000000001,1637
2026-07-15T15:40:00+00:00,205.9600000000001,205.9900000000001,205.4300000000001,205.5800000000001,1437
2026-07-15T15:45:00+00:00,205.5800000000001,205.66000000000008,205.1100000000001,205.57000000000008,1816
2026-07-15T15:50:00+00:00,205.57000000000008,205.5800000000001,205.04000000000008,205.23000000000008,1689
2026-07-15T15:55:00+00:00,205.23000000000008,205.4600000000001,205.0300000000001,205.3000000000001,1554
2026-07-15T16:00:00+00:00,205.3000000000001,205.4500000000001,204.3000000000001,204.48000000000008,1955
2026-07-15T16:05:00+00:00,204.48000000000008,204.5300000000001,203.5800000000001,204.0300000000001,2134
2026-07-15T16:10:00+00:00,204.0300000000001,204.16000000000008,203.50000000000009,203.6200000000001,1930
2026-07-15T16:15:00+00:00,203.6200000000001,203.9600000000001,203.4900000000001,203.6400000000001,1903
2026-07-15T16:20:00+00:00,203.6400000000001,203.7000000000001,203.19000000000008,203.29000000000008,1755
2026-07-15T16:25:00+00:00,203.29000000000008,203.66000000000008,203.2400000000001,203.51000000000008,1854
2026-07-15T16:30:00+00:00,203.51000000000008,203.76000000000008,202.9000000000001,203.0200000000001,1893
2026-07-15T16:35:00+00:00,203.0200000000001,203.1700000000001,202.8000000000001,203.0300000000001,1657
2026-07-15T16:40:00+00:00,203.0300000000001,203.3600000000001,202.7100000000001,203.32000000000008,1637
2026-07-15T16:45:00+00:00,203.32000000000008,204.2700000000001,203.1500000000001,203.72000000000008,1904
2026-07-15T16:50:00+00:00,203.72000000000008,204.3000000000001,203.6700000000001,204.0900000000001,1495
2026-07-15T16:55:00+00:00,204.0900000000001,204.1700000000001,203.4500000000001,203.97000000000008,1349
2026-07-15T17:00:00+00:00,203.97000000000008,204.5600000000001,203.82000000000008,204.3600000000001,1199
2026-07-15T17:05:00+00:00,204.3600000000001,205.04000000000008,204.3100000000001,204.9000000000001,1102
2026-07-15T17:10:00+00:00,204.9000000000001,204.9900000000001,204.5900000000001,204.6100000000001,1099
2026-07-15T17:15:00+00:00,204.6100000000001,205.66000000000008,204.5800000000001,205.6400000000001,1206
2026-07-15T17:20:00+00:00,205.6400000000001,205.7800000000001,205.3100000000001,205.66000000000008,1235
2026-07-15T17:25:00+00:00,205.66000000000008,205.7700000000001,205.3300000000001,205.7000000000001,928
2026-07-15T17:30:00+00:00,205.7000000000001,206.07000000000008,205.6800000000001,205.9000000000001,1214
2026-07-15T17:35:00+00:00,205.9000000000001,206.00000000000009,205.6700000000001,205.8000000000001,871
2026-07-15T17:40:00+00:00,205.8000000000001,205.9200000000001,205.5300000000001,205.7700000000001,826
2026-07-15T17:45:00+00:00,205.7700000000001,206.25000000000009,205.7100000000001,206.23000000000008,1047
2026-07-15T17:50:00+00:00,206.23000000000008,206.47000000000008,206.07000000000008,206.3600000000001,1083
2026-07-15T17:55:00+00:00,206.3600000000001,206.47000000000008,206.2100000000001,206.3100000000001,1025
2026-07-15T18:00:00+00:00,206.3100000000001,207.1700000000001,206.2400000000001,207.0200000000001,1099
2026-07-15T18:05:00+00:00,207.0200000000001,207.0500000000001,206.7700000000001,206.9500000000001,889
2026-07-15T18:10:00+00:00,206.9500000000001,207.1800000000001,206.85000000000008,207.04000000000008,807
2026-07-15T18:15:00+00:00,207.04000000000008,207.0600000000001,206.5900000000001,206.7800000000001,1071
2026-07-15T18:20:00+00:00,206.7800000000001,207.3300000000001,206.6800000000001,207.19000000000008,924
2026-07-15T18:25:00+00:00,207.19000000000008,207.4300000000001,207.04000000000008,207.1500000000001,791
2026-07-15T18:30:00+00:00,207.1500000000001,207.29000000000008,207.10000000000008,207.2100000000001,790
2026-07-15T18:35:00+00:00,207.2100000000001,207.23000000000008,206.88000000000008,206.9900000000001,792
2026-07-15T18:40:00+00:00,206.9900000000001,207.3700000000001,206.9000000000001,207.0300000000001,1055
2026-07-15T18:45:00+00:00,207.0300000000001,207.32000000000008,206.91000000000008,207.1500000000001,1153
2026-07-15T18:50:00+00:00,207.1500000000001,207.1700000000001,206.5200000000001,206.8000000000001,1238
2026-07-15T18:55:00+00:00,206.8000000000001,207.26000000000008,206.72000000000008,206.94000000000008,1180
2026-07-15T19:00:00+00:00,206.94000000000008,208.16000000000008,206.85000000000008,208.0600000000001,1366
2026-07-15T19:05:00+00:00,208.0600000000001,208.69000000000008,207.97000000000008,208.29000000000008,1530
2026-07-15T19:10:00+00:00,208.29000000000008,208.5500000000001,207.97000000000008,208.3000000000001,1277
2026-07-15T19:15:00+00:00,208.3000000000001,208.41000000000008,207.57000000000008,207.5900000000001,1185
2026-07-15T19:20:00+00:00,207.5900000000001,207.5900000000001,207.0800000000001,207.32000000000008,1384
2026-07-15T19:25:00+00:00,207.32000000000008,207.75000000000009,207.1400000000001,207.63000000000008,1092
2026-07-15T19:30:00+00:00,207.63000000000008,208.0800000000001,207.5300000000001,207.72000000000008,1737
2026-07-15T19:35:00+00:00,207.72000000000008,208.16000000000008,207.57000000000008,208.1200000000001,1077
2026-07-15T19:40:00+00:00,208.1200000000001,208.5200000000001,208.0600000000001,208.3900000000001,1063
2026-07-15T19:45:00+00:00,208.3900000000001,208.4000000000001,207.9200000000001,208.0300000000001,1209
2026-07-15T19:50:00+00:00,208.0300000000001,208.8100000000001,208.0300000000001,208.5800000000001,1766
2026-07-15T19:55:00+00:00,208.5800000000001,209.23000000000008,208.5800000000001,209.19000000000008,1659
2026-07-16T13:30:00+00:00,209.19000000000008,209.19000000000008,206.0200000000001,206.0900000000001,2336
2026-07-16T13:35:00+00:00,206.0900000000001,206.2100000000001,204.88000000000008,205.13000000000008,2610
2026-07-16T13:40:00+00:00,205.13000000000008,205.9000000000001,204.1500000000001,204.4300000000001,2704
2026-07-16T13:45:00+00:00,204.4300000000001,204.6700000000001,203.8300000000001,203.98000000000008,2696
2026-07-16T13:50:00+00:00,203.98000000000008,205.1500000000001,203.8700000000001,204.4900000000001,2771
2026-07-16T13:55:00+00:00,204.4900000000001,205.0900000000001,204.0500000000001,204.16000000000008,2422
2026-07-16T14:00:00+00:00,204.16000000000008,204.60000000000008,203.9600000000001,204.3100000000001,2641
2026-07-16T14:05:00+00:00,204.3100000000001,205.19000000000008,204.19000000000008,205.01000000000008,2710
2026-07-16T14:10:00+00:00,205.01000000000008,205.3100000000001,204.5600000000001,205.25000000000009,2472
2026-07-16T14:15:00+00:00,205.25000000000009,205.94000000000008,205.0800000000001,205.4200000000001,2385
2026-07-16T14:20:00+00:00,205.4200000000001,205.54000000000008,204.5900000000001,205.01000000000008,2419
2026-07-16T14:25:00+00:00,205.01000000000008,205.6500000000001,204.6700000000001,205.60000000000008,2324
2026-07-16T14:30:00+00:00,205.60000000000008,205.66000000000008,205.0300000000001,205.4600000000001,2105
2026-07-16T14:35:00+00:00,205.4600000000001,205.8100000000001,204.88000000000008,204.9500000000001,1911
2026-07-16T14:40:00+00:00,204.9500000000001,205.01000000000008,204.3100000000001,204.4900000000001,1811
2026-07-16T14:45:00+00:00,204.4900000000001,204.6800000000001,204.19000000000008,204.2400000000001,2088
2026-07-16T14:50:00+00:00,204.2400000000001,204.3000000000001,202.75000000000009,203.1800000000001,2327
2026-07-16T14:55:00+00:00,203.1800000000001,203.3600000000001,202.6800000000001,203.1400000000001,2057
2026-07-16T15:00:00+00:00,203.1400000000001,203.41000000000008,202.7800000000001,202.98000000000008,2087
2026-07-16T15:05:00+00:00,202.98000000000008,203.10000000000008,202.5200000000001,203.0900000000001,2077
2026-07-16T15:10:00+00:00,203.0900000000001,203.41000000000008,202.5300000000001,202.7000000000001,1737
2026-07-16T15:15:00+00:00,202.7000000000001,203.2700000000001,202.57000000000008,203.2700000000001,1764
2026-07-16T15:20:00+00:00,203.2700000000001,203.3600000000001,202.72000000000008,203.2800000000001,1831
2026-07-16T15:25:00+00:00,203.2800000000001,203.76000000000008,203.1400000000001,203.7100000000001,2122
2026-07-16T15:30:00+00:00,203.7100000000001,204.1200000000001,203.38000000000008,204.00000000000009,1728
2026-07-16T15:35:00+00:00,204.00000000000009,204.41000000000008,203.6500000000001,204.3600000000001,1612
2026-07-16T15:40:00+00:00,204.3600000000001,204.54000000000008,203.8700000000001,204.10000000000008,1708
2026-07-16T15:45:00+00:00,204.10000000000008,204.29000000000008,203.72000000000008,204.2100000000001,1794
2026-07-16T15:50:00+00:00,204.2100000000001,204.6100000000001,204.1800000000001,204.35000000000008,1501
2026-07-16T15:55:00+00:00,204.35000000000008,204.4300000000001,204.00000000000009,204.2800000000001,1542
2026-07-16T16:00:00+00:00,204.2800000000001,204.8400000000001,204.07000000000008,204.16000000000008,1909
2026-07-16T16:05:00+00:00,204.16000000000008,204.1800000000001,203.60000000000008,203.7100000000001,1810
2026-07-16T16:10:00+00:00,203.7100000000001,203.7100000000001,203.13000000000008,203.32000000000008,1567
2026-07-16T16:15:00+00:00,203.32000000000008,203.8300000000001,203.1500000000001,203.73000000000008,1759
2026-07-16T16:20:00+00:00,203.73000000000008,203.73000000000008,203.2100000000001,203.4900000000001,1957
2026-07-16T16:25:00+00:00,203.4900000000001,203.9200000000001,203.3000000000001,203.9000000000001,1558
2026-07-16T16:30:00+00:00,203.9000000000001,204.48000000000008,203.8600000000001,204.26000000000008,1544
2026-07-16T16:35:00+00:00,204.26000000000008,204.2800000000001,203.8100000000001,203.8600000000001,1526
2026-07-16T16:40:00+00:00,203.8600000000001,204.13000000000008,203.75000000000009,203.9600000000001,1523
2026-07-16T16:45:00+00:00,203.9600000000001,204.0800000000001,203.4900000000001,203.6200000000001,1694
2026-07-16T16:50:00+00:00,203.6200000000001,204.0900000000001,203.5500000000001,204.04000000000008,1478
2026-07-16T16:55:00+00:00,204.04000000000008,204.26000000000008,203.79000000000008,203.85000000000008,1445
2026-07-16T17:00:00+00:00,203.85000000000008,203.9200000000001,203.2800000000001,203.7800000000001,1523
2026-07-16T17:05:00+00:00,203.7800000000001,204.2800000000001,203.6100000000001,204.19000000000008,1482
2026-07-16T17:10:00+00:00,204.19000000000008,204.3600000000001,203.72000000000008,203.75000000000009,1261
2026-07-16T17:15:00+00:00,203.75000000000009,203.88000000000008,203.4200000000001,203.8400000000001,1398
2026-07-16T17:20:00+00:00,203.8400000000001,203.9500000000001,203.5800000000001,203.6500000000001,1293
2026-07-16T17:25:00+00:00,203.6500000000001,204.01000000000008,203.63000000000008,203.98000000000008,1276
2026-07-16T17:30:00+00:00,203.98000000000008,204.13000000000008,203.5800000000001,203.6500000000001,1242
2026-07-16T17:35:00+00:00,203.6500000000001,203.7000000000001,203.4000000000001,203.4500000000001,1204
2026-07-16T17:40:00+00:00,203.4500000000001,203.48000000000008,202.6800000000001,202.85000000000008,1587
2026-07-16T17:45:00+00:00,202.85000000000008,203.2800000000001,202.5500000000001,203.23000000000008,1519
2026-07-16T17:50:00+00:00,203.23000000000008,203.50000000000009,203.19000000000008,203.3000000000001,1291
2026-07-16T17:55:00+00:00,203.3000000000001,203.4300000000001,203.07000000000008,203.3400000000001,1147
2026-07-16T18:00:00+00:00,203.3400000000001,203.5200000000001,203.10000000000008,203.16000000000008,1372
2026-07-16T18:05:00+00:00,203.16000000000008,203.54000000000008,202.94000000000008,203.5300000000001,1631
2026-07-16T18:10:00+00:00,203.5300000000001,203.91000000000008,203.4500000000001,203.4900000000001,1652
2026-07-16T18:15:00+00:00,203.4900000000001,203.79000000000008,203.25000000000009,203.7100000000001,1479
2026-07-16T18:20:00+00:00,203.7100000000001,203.9900000000001,203.6400000000001,203.97000000000008,1343
2026-07-16T18:25:00+00:00,203.97000000000008,204.0600000000001,203.48000000000008,203.5600000000001,1344
2026-07-16T18:30:00+00:00,203.5600000000001,203.63000000000008,203.32000000000008,203.35000000000008,1373
2026-07-16T18:35:00+00:00,203.35000000000008,203.57000000000008,203.23000000000008,203.4600000000001,1316
2026-07-16T18:40:00+00:00,203.4600000000001,203.6400000000001,203.1800000000001,203.6200000000001,1407
2026-07-16T18:45:00+00:00,203.6200000000001,204.0200000000001,203.5500000000001,203.91000000000008,1145
2026-07-16T18:50:00+00:00,203.91000000000008,204.0900000000001,203.6700000000001,203.7400000000001,944
2026-07-16T18:55:00+00:00,203.7400000000001,203.9300000000001,203.5800000000001,203.7000000000001,1156
2026-07-16T19:00:00+00:00,203.7000000000001,204.3100000000001,203.6700000000001,204.22000000000008,1336
2026-07-16T19:05:00+00:00,204.22000000000008,204.3300000000001,203.5300000000001,203.63000000000008,1645
2026-07-16T19:10:00+00:00,203.63000000000008,203.8100000000001,203.35000000000008,203.48000000000008,1562
2026-07-16T19:15:00+00:00,203.48000000000008,203.7400000000001,203.3000000000001,203.50000000000009,1570
2026-07-16T19:20:00+00:00,203.50000000000009,203.8700000000001,203.16000000000008,203.29000000000008,1477
2026-07-16T19:25:00+00:00,203.29000000000008,203.3300000000001,202.8100000000001,203.13000000000008,1504
2026-07-16T19:30:00+00:00,203.13000000000008,203.25000000000009,202.7700000000001,203.2100000000001,1922
2026-07-16T19:35:00+00:00,203.2100000000001,203.2100000000001,202.75000000000009,202.91000000000008,1646
2026-07-16T19:40:00+00:00,202.91000000000008,202.97000000000008,202.63000000000008,202.72000000000008,1630
2026-07-16T19:45:00+00:00,202.72000000000008,202.9200000000001,202.6400000000001,202.7700000000001,2011
2026-07-16T19:50:00+00:00,202.7700000000001,203.3900000000001,202.75000000000009,203.22000000000008,2995
2026-07-16T19:55:00+00:00,203.22000000000008,204.2400000000001,203.1200000000001,204.16000000000008,2645
2026-07-17T13:30:00+00:00,204.16000000000008,204.16000000000008,196.6400000000001,196.8600000000001,2760
2026-07-17T13:35:00+00:00,196.8600000000001,197.29000000000008,196.07000000000008,196.10000000000008,3723
2026-07-17T13:40:00+00:00,196.10000000000008,196.6500000000001,194.6400000000001,195.0200000000001,3643
2026-07-17T13:45:00+00:00,195.0200000000001,196.26000000000008,194.9200000000001,195.9000000000001,3404
2026-07-17T13:50:00+00:00,195.9000000000001,197.22000000000008,195.69000000000008,197.1800000000001,2800
2026-07-17T13:55:00+00:00,197.1800000000001,198.35000000000008,196.66000000000008,198.32000000000008,2797
2026-07-17T14:00:00+00:00,198.32000000000008,199.6800000000001,198.1700000000001,199.38000000000008,3450
2026-07-17T14:05:00+00:00,199.38000000000008,201.6200000000001,199.35000000000008,201.29000000000008,3328
2026-07-17T14:10:00+00:00,201.29000000000008,202.2000000000001,200.7100000000001,201.16000000000008,3121
2026-07-17T14:15:00+00:00,201.16000000000008,202.8400000000001,200.8600000000001,201.73000000000008,3068
2026-07-17T14:20:00+00:00,201.73000000000008,202.3000000000001,201.0900000000001,201.3700000000001,2783
2026-07-17T14:25:00+00:00,201.3700000000001,201.63000000000008,200.2700000000001,200.47000000000008,2416
2026-07-17T14:30:00+00:00,200.47000000000008,201.0300000000001,199.5500000000001,200.26000000000008,2688
2026-07-17T14:35:00+00:00,200.26000000000008,201.32000000000008,200.2400000000001,201.2000000000001,2779
2026-07-17T14:40:00+00:00,201.2000000000001,201.2000000000001,199.6800000000001,199.91000000000008,2358
2026-07-17T14:45:00+00:00,199.91000000000008,200.8300000000001,199.44000000000008,200.57000000000008,2761
2026-07-17T14:50:00+00:00,200.57000000000008,200.9600000000001,200.0900000000001,200.22000000000008,2367
2026-07-17T14:55:00+00:00,200.22000000000008,200.8400000000001,199.6200000000001,199.66000000000008,2327.3367183324426
2026-07-17T15:00:00+00:00,199.66000000000008,199.94000000000008,199.0800000000001,199.1100000000001,2441
2026-07-17T15:05:00+00:00,199.1100000000001,199.94000000000008,199.00000000000009,199.8600000000001,2530
2026-07-17T15:10:00+00:00,199.8600000000001,200.1200000000001,199.44000000000008,199.9300000000001,2267
2026-07-17T15:15:00+00:00,199.9300000000001,200.5300000000001,199.7100000000001,200.2800000000001,2057
2026-07-17T15:20:00+00:00,200.2800000000001,200.66000000000008,199.7800000000001,200.1200000000001,2155
2026-07-17T15:25:00+00:00,200.1200000000001,200.70000000000007,200.0600000000001,200.54000000000008,2097
2026-07-17T15:30:00+00:00,200.54000000000008,201.0900000000001,200.4600000000001,200.76000000000008,2499
2026-07-17T15:35:00+00:00,200.76000000000008,201.5900000000001,200.50000000000009,201.38000000000008,2348
2026-07-17T15:40:00+00:00,201.38000000000008,201.5300000000001,200.6800000000001,201.0500000000001,1929
2026-07-17T15:45:00+00:00,201.0500000000001,201.51000000000008,200.9300000000001,201.4600000000001,1995
2026-07-17T15:50:00+00:00,201.4600000000001,201.6500000000001,201.16000000000008,201.6200000000001,1803
2026-07-17T15:55:00+00:00,201.6200000000001,202.0300000000001,201.5600000000001,201.76000000000008,2063
2026-07-17T16:00:00+00:00,201.76000000000008,202.0300000000001,200.97000000000008,201.1400000000001,2427
2026-07-17T16:05:00+00:00,201.1400000000001,201.3700000000001,200.6500000000001,201.3700000000001,2192
2026-07-17T16:10:00+00:00,201.3700000000001,201.69000000000008,201.10000000000008,201.6500000000001,1967
2026-07-17T16:15:00+00:00,201.6500000000001,201.8900000000001,201.51000000000008,201.8000000000001,1905
2026-07-17T16:20:00+00:00,201.8000000000001,201.9200000000001,200.8000000000001,200.88000000000008,1946
2026-07-17T16:25:00+00:00,200.88000000000008,201.5900000000001,200.8300000000001,201.47000000000008,1832
2026-07-17T16:30:00+00:00,201.47000000000008,201.8400000000001,201.20000000000007,201.75000000000009,1975
2026-07-17T16:35:00+00:00,201.75000000000009,201.8600000000001,201.4600000000001,201.60000000000008,1744
2026-07-17T16:40:00+00:00,201.60000000000008,201.95000000000007,201.3900000000001,201.9300000000001,1624
2026-07-17T16:45:00+00:00,201.9300000000001,202.51000000000008,201.8000000000001,202.4900000000001,1484
2026-07-17T16:50:00+00:00,202.4900000000001,202.79000000000008,202.3700000000001,202.66000000000008,1588
2026-07-17T16:55:00+00:00,202.66000000000008,202.8000000000001,202.0900000000001,202.25000000000009,1487
2026-07-17T17:00:00+00:00,202.25000000000009,202.79000000000008,202.1800000000001,202.50000000000009,1699
2026-07-17T17:05:00+00:00,202.50000000000009,203.2700000000001,202.44000000000008,203.1500000000001,1629
2026-07-17T17:10:00+00:00,203.1500000000001,203.2800000000001,202.7700000000001,202.8100000000001,1450
2026-07-17T17:15:00+00:00,202.8100000000001,203.01000000000008,202.45000000000007,202.50000000000009,1598
2026-07-17T17:20:00+00:00,202.50000000000009,202.51000000000008,201.9900000000001,202.3300000000001,1760
2026-07-17T17:25:00+00:00,202.3300000000001,202.82000000000008,202.3000000000001,202.7800000000001,1417
2026-07-17T17:30:00+00:00,202.7800000000001,202.8700000000001,202.3000000000001,202.35000000000008,1490
2026-07-17T17:35:00+00:00,202.35000000000008,202.4300000000001,201.8700000000001,202.0500000000001,1746
2026-07-17T17:40:00+00:00,202.0500000000001,202.13000000000008,201.7400000000001,201.9200000000001,1495
2026-07-17T17:45:00+00:00,201.9200000000001,202.1400000000001,201.76000000000008,201.8400000000001,1349
2026-07-17T17:50:00+00:00,201.8400000000001,201.9000000000001,201.5600000000001,201.6200000000001,1495
2026-07-17T17:55:00+00:00,201.6200000000001,201.66000000000008,200.88000000000008,201.0500000000001,1350
2026-07-17T18:00:00+00:00,201.0500000000001,201.35000000000008,200.98000000000008,201.01000000000008,1500
2026-07-17T18:05:00+00:00,201.01000000000008,201.01000000000008,200.4600000000001,200.54000000000008,1580
2026-07-17T18:10:00+00:00,200.54000000000008,200.63000000000008,200.2400000000001,200.26000000000008,1271
2026-07-17T18:15:00+00:00,200.26000000000008,200.3400000000001,199.6500000000001,200.04000000000008,1646
2026-07-17T18:20:00+00:00,200.04000000000008,200.22000000000008,199.7100000000001,199.95000000000007,1549
2026-07-17T18:25:00+00:00,199.95000000000007,200.0600000000001,199.7400000000001,200.0300000000001,1419
2026-07-17T18:30:00+00:00,200.0300000000001,200.5500000000001,199.8000000000001,199.95000000000007,1711
2026-07-17T18:35:00+00:00,199.95000000000007,200.1500000000001,199.8300000000001,199.9900000000001,1353
2026-07-17T18:40:00+00:00,199.9900000000001,200.0600000000001,199.44000000000008,199.7100000000001,1606
2026-07-17T18:45:00+00:00,199.7100000000001,200.1100000000001,199.5900000000001,199.8700000000001,1497
2026-07-17T18:50:00+00:00,199.8700000000001,200.26000000000008,199.7100000000001,200.2100000000001,1485
2026-07-17T18:55:00+00:00,200.2100000000001,200.3100000000001,199.76000000000008,199.9300000000001,1297
2026-07-17T19:00:00+00:00,199.9300000000001,200.0300000000001,199.60000000000008,199.7400000000001,1669
2026-07-17T19:05:00+00:00,199.7400000000001,199.79000000000008,199.3100000000001,199.3600000000001,1381
2026-07-17T19:10:00+00:00,199.3600000000001,199.4300000000001,198.7400000000001,198.91000000000008,1565
2026-07-17T19:15:00+00:00,198.91000000000008,198.9600000000001,198.2700000000001,198.8600000000001,2106
2026-07-17T19:20:00+00:00,198.8600000000001,198.9900000000001,198.72000000000008,198.7400000000001,1623
2026-07-17T19:25:00+00:00,198.7400000000001,199.76000000000008,198.5800000000001,199.60000000000008,1714
2026-07-17T19:30:00+00:00,199.60000000000008,199.94000000000008,199.4000000000001,199.5900000000001,2530
2026-07-17T19:35:00+00:00,199.5900000000001,199.98000000000008,199.23000000000008,199.25000000000009,2032
2026-07-17T19:40:00+00:00,199.25000000000009,199.9300000000001,199.1400000000001,199.6700000000001,1982
2026-07-17T19:45:00+00:00,199.6700000000001,200.1800000000001,199.50000000000009,200.0500000000001,2204
2026-07-17T19:50:00+00:00,200.0500000000001,200.4600000000001,199.94000000000008,200.1500000000001,2192
2026-07-17T19:55:00+00:00,200.1500000000001,200.23000000000008,199.20000000000007,199.29000000000008,2024
2026-07-20T13:30:00+00:00,199.29000000000008,203.97000000000008,199.29000000000008,203.38000000000008,2347
2026-07-20T13:35:00+00:00,203.38000000000008,204.35000000000008,203.2400000000001,203.5900000000001,2769
2026-07-20T13:40:00+00:00,203.5900000000001,204.2700000000001,203.3900000000001,203.8300000000001,2582
2026-07-20T13:45:00+00:00,203.8300000000001,203.9300000000001,203.3000000000001,203.75000000000009,2472
2026-07-20T13:50:00+00:00,203.75000000000009,203.8600000000001,202.6700000000001,202.88000000000008,2735
2026-07-20T13:55:00+00:00,202.88000000000008,203.0900000000001,202.23000000000008,202.4900000000001,2507
2026-07-20T14:00:00+00:00,202.4900000000001,203.2100000000001,202.1400000000001,202.8700000000001,2840
2026-07-20T14:05:00+00:00,202.8700000000001,203.1200000000001,202.50000000000009,202.82000000000008,2515
2026-07-20T14:10:00+00:00,202.82000000000008,202.8300000000001,201.91000000000008,202.3700000000001,2535
2026-07-20T14:15:00+00:00,202.3700000000001,202.3700000000001,201.60000000000008,201.76000000000008,2308
2026-07-20T14:20:00+00:00,201.76000000000008,202.25000000000009,201.29000000000008,202.1500000000001,2276
2026-07-20T14:25:00+00:00,202.1500000000001,202.63000000000008,202.13000000000008,202.57000000000008,2014
2026-07-20T14:30:00+00:00,202.57000000000008,202.8900000000001,202.16000000000008,202.2100000000001,2425
2026-07-20T14:35:00+00:00,202.2100000000001,202.4300000000001,201.85000000000008,202.0500000000001,2476
2026-07-20T14:40:00+00:00,202.0500000000001,202.45000000000007,202.0300000000001,202.1400000000001,2254
2026-07-20T14:45:00+00:00,202.1400000000001,202.54000000000008,201.79000000000008,201.8100000000001,2548
2026-07-20T14:50:00+00:00,201.8100000000001,201.97000000000008,201.22000000000008,201.38000000000008,2412
2026-07-20T14:55:00+00:00,201.38000000000008,201.63000000000008,201.25000000000009,201.4900000000001,2581
2026-07-20T15:00:00+00:00,201.4900000000001,202.3000000000001,201.3400000000001,202.0500000000001,2508
2026-07-20T15:05:00+00:00,202.0500000000001,202.66000000000008,201.63000000000008,202.6200000000001,2197
2026-07-20T15:10:00+00:00,202.6200000000001,202.72000000000008,202.2800000000001,202.4300000000001,2041
2026-07-20T15:15:00+00:00,202.4300000000001,202.85000000000008,202.26000000000008,202.5600000000001,1723
2026-07-20T15:20:00+00:00,202.5600000000001,203.1200000000001,202.4200000000001,202.7800000000001,1698
2026-07-20T15:25:00+00:00,202.7800000000001,203.1400000000001,202.60000000000008,203.13000000000008,1917
2026-07-20T15:30:00+00:00,203.13000000000008,203.1700000000001,202.8100000000001,202.8100000000001,1815
2026-07-20T15:35:00+00:00,202.8100000000001,202.8300000000001,202.22000000000008,202.2800000000001,1741
2026-07-20T15:40:00+00:00,202.2800000000001,202.8300000000001,202.1400000000001,202.7700000000001,1557
2026-07-20T15:45:00+00:00,202.7700000000001,202.8300000000001,201.41000000000008,201.54000000000008,1573
2026-07-20T15:50:00+00:00,201.54000000000008,202.22000000000008,201.44000000000008,202.20000000000007,1513
2026-07-20T15:55:00+00:00,202.20000000000007,202.69000000000008,202.19000000000008,202.5500000000001,1200
2026-07-20T16:00:00+00:00,202.5500000000001,202.8600000000001,202.38000000000008,202.6100000000001,1446
2026-07-20T16:05:00+00:00,202.6100000000001,202.98000000000008,202.57000000000008,202.82000000000008,1134
2026-07-20T16:10:00+00:00,202.82000000000008,202.98000000000008,202.45000000000007,202.5300000000001,1054
2026-07-20T16:15:00+00:00,202.5300000000001,202.57000000000008,202.1700000000001,202.2800000000001,1261
2026-07-20T16:20:00+00:00,202.2800000000001,202.4000000000001,202.04000000000008,202.1200000000001,1269
2026-07-20T16:25:00+00:00,202.1200000000001,202.1800000000001,201.76000000000008,201.9000000000001,1292
2026-07-20T16:30:00+00:00,201.9000000000001,202.00000000000009,201.51000000000008,201.54000000000008,1248
2026-07-20T16:35:00+00:00,201.54000000000008,201.8400000000001,201.50000000000009,201.75000000000009,1271
2026-07-20T16:40:00+00:00,201.75000000000009,201.85000000000008,200.94000000000008,200.95000000000007,1961
2026-07-20T16:45:00+00:00,200.95000000000007,201.45000000000007,200.8400000000001,201.3100000000001,1350
2026-07-20T16:50:00+00:00,201.3100000000001,201.32000000000008,200.5300000000001,200.5600000000001,1176
2026-07-20T16:55:00+00:00,200.5600000000001,200.7100000000001,200.3000000000001,200.6700000000001,1111
2026-07-20T17:00:00+00:00,200.6700000000001,200.73000000000008,200.2800000000001,200.3000000000001,1152
2026-07-20T17:05:00+00:00,200.3000000000001,200.3600000000001,200.1500000000001,200.2700000000001,923
2026-07-20T17:10:00+00:00,200.2700000000001,200.2700000000001,199.76000000000008,199.8400000000001,1072
2026-07-20T17:15:00+00:00,199.8400000000001,200.35000000000008,199.69000000000008,200.32000000000008,1195
2026-07-20T17:20:00+00:00,200.32000000000008,200.5200000000001,200.22000000000008,200.41000000000008,1154
2026-07-20T17:25:00+00:00,200.41000000000008,200.5600000000001,200.2400000000001,200.41000000000008,900
2026-07-20T17:30:00+00:00,200.41000000000008,200.69000000000008,200.2800000000001,200.5800000000001,888
2026-07-20T17:35:00+00:00,200.5800000000001,200.91000000000008,200.54000000000008,200.7400000000001,943
2026-07-20T17:40:00+00:00,200.7400000000001,200.7800000000001,200.4900000000001,200.6200000000001,865
2026-07-20T17:45:00+00:00,200.6200000000001,201.0600000000001,200.60000000000008,200.91000000000008,943
2026-07-20T17:50:00+00:00,200.91000000000008,201.35000000000008,200.88000000000008,201.2400000000001,949
2026-07-20T17:55:00+00:00,201.2400000000001,201.3000000000001,200.9000000000001,201.0600000000001,885
2026-07-20T18:00:00+00:00,201.0600000000001,201.54000000000008,201.0500000000001,201.29000000000008,1048
2026-07-20T18:05:00+00:00,201.29000000000008,201.4300000000001,201.20000000000007,201.4300000000001,790
2026-07-20T18:10:00+00:00,201.4300000000001,201.5300000000001,201.20000000000007,201.4900000000001,715
2026-07-20T18:15:00+00:00,201.4900000000001,201.66000000000008,201.3700000000001,201.4300000000001,808
2026-07-20T18:20:00+00:00,201.4300000000001,201.4600000000001,200.9200000000001,200.95000000000007,1046
2026-07-20T18:25:00+00:00,200.95000000000007,201.1800000000001,200.8700000000001,200.95000000000007,1042
2026-07-20T18:30:00+00:00,200.95000000000007,200.95000000000007,200.4200000000001,200.57000000000008,1137
2026-07-20T18:35:00+00:00,200.57000000000008,200.91000000000008,200.47000000000008,200.5600000000001,1101
2026-07-20T18:40:00+00:00,200.5600000000001,200.6800000000001,200.26000000000008,200.26000000000008,1242
2026-07-20T18:45:00+00:00,200.26000000000008,200.3400000000001,200.0600000000001,200.0600000000001,1253
2026-07-20T18:50:00+00:00,200.0600000000001,200.23000000000008,199.98000000000008,200.1400000000001,968
2026-07-20T18:55:00+00:00,200.1400000000001,200.19000000000008,199.7800000000001,199.9900000000001,963
2026-07-20T19:00:00+00:00,199.9900000000001,200.10000000000008,199.4600000000001,199.48000000000008,1195
2026-07-20T19:05:00+00:00,199.48000000000008,199.6200000000001,199.22000000000008,199.54000000000008,1421
2026-07-20T19:10:00+00:00,199.54000000000008,199.85000000000008,199.0200000000001,199.1100000000001,1389
2026-07-20T19:15:00+00:00,199.1100000000001,199.2700000000001,198.9300000000001,199.13000000000008,1411
2026-07-20T19:20:00+00:00,199.13000000000008,199.44000000000008,199.00000000000009,199.3900000000001,1263
2026-07-20T19:25:00+00:00,199.3900000000001,199.70000000000007,199.01000000000008,199.5500000000001,1307
2026-07-20T19:30:00+00:00,199.5500000000001,199.95000000000007,199.3300000000001,199.8000000000001,1679
2026-07-20T19:35:00+00:00,199.8000000000001,199.85000000000008,199.51000000000008,199.69000000000008,1146
2026-07-20T19:40:00+00:00,199.69000000000008,200.0300000000001,199.66000000000008,199.6700000000001,1042
2026-07-20T19:45:00+00:00,199.6700000000001,199.9900000000001,199.41000000000008,199.9900000000001,1341
2026-07-20T19:50:00+00:00,199.9900000000001,199.9900000000001,199.25000000000009,199.91000000000008,1632
2026-07-20T19:55:00+00:00,199.91000000000008,200.0800000000001,199.66000000000008,200.01000000000008,2439
2026-07-21T13:30:00+00:00,200.01000000000008,205.25000000000009,200.01000000000008,203.1100000000001,2890
2026-07-21T13:35:00+00:00,203.1100000000001,204.01000000000008,202.8900000000001,203.70000000000007,2846
2026-07-21T13:40:00+00:00,203.70000000000007,203.72000000000008,203.0600000000001,203.3100000000001,2434
2026-07-21T13:45:00+00:00,203.3100000000001,203.69000000000008,202.4300000000001,202.79000000000008,2590
2026-07-21T13:50:00+00:00,202.79000000000008,203.4300000000001,202.1700000000001,202.32000000000008,2419
2026-07-21T13:55:00+00:00,202.32000000000008,202.5200000000001,201.4600000000001,202.0600000000001,2421
2026-07-21T14:00:00+00:00,202.0600000000001,202.5600000000001,200.98000000000008,201.1200000000001,2578
2026-07-21T14:05:00+00:00,201.1200000000001,201.6800000000001,200.66000000000008,200.8400000000001,2346
2026-07-21T14:10:00+00:00,200.8400000000001,201.4300000000001,200.70000000000007,201.1500000000001,2343
2026-07-21T14:15:00+00:00,201.1500000000001,201.9000000000001,200.6500000000001,201.85000000000008,2281
2026-07-21T14:20:00+00:00,201.85000000000008,202.10000000000008,201.2400000000001,201.45000000000007,1968
2026-07-21T14:25:00+00:00,201.45000000000007,202.07000000000008,201.2700000000001,201.98000000000008,1761
2026-07-21T14:30:00+00:00,201.98000000000008,202.0800000000001,201.35000000000008,201.5900000000001,1902
2026-07-21T14:35:00+00:00,201.5900000000001,202.1700000000001,201.5300000000001,202.1100000000001,1789
2026-07-21T14:40:00+00:00,202.1100000000001,202.1400000000001,201.5500000000001,202.10000000000008,1752
2026-07-21T14:45:00+00:00,202.10000000000008,202.5300000000001,201.85000000000008,201.88000000000008,1791
2026-07-21T14:50:00+00:00,201.88000000000008,202.29000000000008,201.72000000000008,202.1400000000001,1502
2026-07-21T14:55:00+00:00,202.1400000000001,202.5200000000001,201.8000000000001,202.47000000000008,1448
2026-07-21T15:00:00+00:00,202.47000000000008,203.20000000000007,202.1700000000001,202.2100000000001,1796
2026-07-21T15:05:00+00:00,202.2100000000001,202.8700000000001,202.0900000000001,202.66000000000008,1585
2026-07-21T15:10:00+00:00,202.66000000000008,202.9900000000001,202.60000000000008,202.82000000000008,1260
2026-07-21T15:15:00+00:00,202.82000000000008,202.95000000000007,202.66000000000008,202.72000000000008,1246
2026-07-21T15:20:00+00:00,202.72000000000008,203.1400000000001,202.3400000000001,203.0900000000001,1569
2026-07-21T15:25:00+00:00,203.0900000000001,203.3600000000001,203.0600000000001,203.25000000000009,1302
2026-07-21T15:30:00+00:00,203.25000000000009,203.4600000000001,202.88000000000008,203.38000000000008,1404
2026-07-21T15:35:00+00:00,203.38000000000008,203.4600000000001,202.94000000000008,203.0500000000001,1128
2026-07-21T15:40:00+00:00,203.0500000000001,203.29000000000008,202.75000000000009,202.7800000000001,1037
2026-07-21T15:45:00+00:00,202.7800000000001,203.13000000000008,202.6500000000001,203.04000000000008,967
2026-07-21T15:50:00+00:00,203.04000000000008,203.10000000000008,202.57000000000008,202.5900000000001,766
2026-07-21T15:55:00+00:00,202.5900000000001,202.76000000000008,202.35000000000008,202.4000000000001,869
2026-07-21T16:00:00+00:00,202.4000000000001,202.91000000000008,202.22000000000008,202.91000000000008,981
2026-07-21T16:05:00+00:00,202.91000000000008,203.16000000000008,202.73000000000008,202.75000000000009,942
2026-07-21T16:10:00+00:00,202.75000000000009,202.88000000000008,202.45000000000007,202.47000000000008,844
2026-07-21T16:15:00+00:00,202.47000000000008,202.75000000000009,202.3000000000001,202.4300000000001,917
2026-07-21T16:20:00+00:00,202.4300000000001,202.60000000000008,202.0600000000001,202.07000000000008,935
2026-07-21T16:25:00+00:00,202.07000000000008,202.25000000000009,201.66000000000008,201.72000000000008,1054
2026-07-21T16:30:00+00:00,201.72000000000008,201.7800000000001,201.4600000000001,201.6200000000001,986
2026-07-21T16:35:00+00:00,201.6200000000001,201.7400000000001,201.4900000000001,201.72000000000008,998
2026-07-21T16:40:00+00:00,201.72000000000008,202.04000000000008,201.7100000000001,201.95000000000007,852
2026-07-21T16:45:00+00:00,201.95000000000007,202.0600000000001,201.60000000000008,201.76000000000008,898
2026-07-21T16:50:00+00:00,201.76000000000008,202.0200000000001,201.63000000000008,202.00000000000009,889
2026-07-21T16:55:00+00:00,202.00000000000009,202.1400000000001,201.7700000000001,202.0800000000001,893
2026-07-21T17:00:00+00:00,202.0800000000001,202.2100000000001,201.9300000000001,202.00000000000009,958
2026-07-21T17:05:00+00:00,202.00000000000009,202.3900000000001,201.9300000000001,202.3400000000001,1032
2026-07-21T17:10:00+00:00,202.3400000000001,203.01000000000008,202.3400000000001,203.01000000000008,1333
2026-07-21T17:15:00+00:00,203.01000000000008,203.01000000000008,202.6200000000001,202.6700000000001,1146
2026-07-21T17:20:00+00:00,202.6700000000001,202.88000000000008,202.5200000000001,202.5800000000001,802
2026-07-21T17:25:00+00:00,202.5800000000001,202.7800000000001,202.3000000000001,202.7700000000001,815
2026-07-21T17:30:00+00:00,202.7700000000001,203.5900000000001,202.7700000000001,203.5200000000001,1055
2026-07-21T17:35:00+00:00,203.5200000000001,203.5500000000001,203.26000000000008,203.5500000000001,783
2026-07-21T17:40:00+00:00,203.5500000000001,203.6200000000001,203.3600000000001,203.4200000000001,747
2026-07-21T17:45:00+00:00,203.4200000000001,203.57000000000008,203.1800000000001,203.4600000000001,745
2026-07-21T17:50:00+00:00,203.4600000000001,203.50000000000009,203.0200000000001,203.0800000000001,659
2026-07-21T17:55:00+00:00,203.0800000000001,203.1200000000001,202.82000000000008,202.9200000000001,643
2026-07-21T18:00:00+00:00,202.9200000000001,203.3000000000001,202.8400000000001,202.97000000000008,922
2026-07-21T18:05:00+00:00,202.97000000000008,203.23000000000008,202.94000000000008,203.0200000000001,753
2026-07-21T18:10:00+00:00,203.0200000000001,203.0900000000001,202.79000000000008,202.8300000000001,695
2026-07-21T18:15:00+00:00,202.8300000000001,202.95000000000007,202.6500000000001,202.7400000000001,616
2026-07-21T18:20:00+00:00,202.7400000000001,203.0800000000001,202.5800000000001,202.94000000000008,700
2026-07-21T18:25:00+00:00,202.94000000000008,203.00000000000009,202.79000000000008,202.88000000000008,648
2026-07-21T18:30:00+00:00,202.88000000000008,203.10000000000008,202.85000000000008,202.9900000000001,712
2026-07-21T18:35:00+00:00,202.9900000000001,203.5200000000001,202.97000000000008,203.4600000000001,717
2026-07-21T18:40:00+00:00,203.4600000000001,203.7100000000001,203.3900000000001,203.6200000000001,643
2026-07-21T18:45:00+00:00,203.6200000000001,203.9300000000001,203.5500000000001,203.60000000000008,910
2026-07-21T18:50:00+00:00,203.60000000000008,203.9900000000001,203.5600000000001,203.66000000000008,733
2026-07-21T18:55:00+00:00,203.66000000000008,203.95000000000007,203.6500000000001,203.8100000000001,679
2026-07-21T19:00:00+00:00,203.8100000000001,203.94000000000008,203.41000000000008,203.4300000000001,830
2026-07-21T19:05:00+00:00,203.4300000000001,203.5500000000001,203.1400000000001,203.1400000000001,833
2026-07-21T19:10:00+00:00,203.1400000000001,203.45000000000007,203.13000000000008,203.38000000000008,785
2026-07-21T19:15:00+00:00,203.38000000000008,203.6800000000001,203.25000000000009,203.60000000000008,873
2026-07-21T19:20:00+00:00,203.60000000000008,203.8400000000001,203.54000000000008,203.7400000000001,767
2026-07-21T19:25:00+00:00,203.7400000000001,203.7800000000001,203.3400000000001,203.4200000000001,979
2026-07-21T19:30:00+00:00,203.4200000000001,203.70000000000007,203.25000000000009,203.5600000000001,991
2026-07-21T19:35:00+00:00,203.5600000000001,203.82000000000008,203.5300000000001,203.6400000000001,916
2026-07-21T19:40:00+00:00,203.6400000000001,203.85000000000008,203.5500000000001,203.5800000000001,973
2026-07-21T19:45:00+00:00,203.5800000000001,203.66000000000008,203.29000000000008,203.4600000000001,1031
2026-07-21T19:50:00+00:00,203.4600000000001,203.94000000000008,203.1400000000001,203.88000000000008,1951
2026-07-21T19:55:00+00:00,203.88000000000008,204.47000000000008,203.73000000000008,203.8300000000001,2322
2026-07-22T13:30:00+00:00,203.8300000000001,203.8300000000001,201.5200000000001,203.25000000000009,1691
2026-07-22T13:35:00+00:00,203.25000000000009,203.6800000000001,202.8100000000001,203.4200000000001,2323
2026-07-22T13:40:00+00:00,203.4200000000001,204.0600000000001,203.1200000000001,203.9200000000001,2339
2026-07-22T13:45:00+00:00,203.9200000000001,204.1700000000001,203.3900000000001,203.7800000000001,1995
2026-07-22T13:50:00+00:00,203.7800000000001,204.8700000000001,203.69000000000008,204.5900000000001,2249
2026-07-22T13:55:00+00:00,204.5900000000001,204.7400000000001,204.04000000000008,204.4000000000001,2098
2026-07-22T14:00:00+00:00,204.4000000000001,204.41000000000008,203.82000000000008,204.0500000000001,1971
2026-07-22T14:05:00+00:00,204.0500000000001,204.3700000000001,203.4600000000001,203.4600000000001,1622
2026-07-22T14:10:00+00:00,203.4600000000001,204.0300000000001,203.16000000000008,203.6800000000001,1774
2026-07-22T14:15:00+00:00,203.6800000000001,203.82000000000008,203.1800000000001,203.82000000000008,1690
2026-07-22T14:20:00+00:00,203.82000000000008,204.22000000000008,203.13000000000008,203.48000000000008,1853
2026-07-22T14:25:00+00:00,203.48000000000008,203.6400000000001,203.10000000000008,203.4300000000001,1573
2026-07-22T14:30:00+00:00,203.4300000000001,203.8900000000001,203.10000000000008,203.5300000000001,1955
2026-07-22T14:35:00+00:00,203.5300000000001,204.3700000000001,203.51000000000008,204.3600000000001,2022
2026-07-22T14:40:00+00:00,204.3600000000001,204.8100000000001,203.76000000000008,203.9200000000001,2133
2026-07-22T14:45:00+00:00,203.9200000000001,204.6200000000001,203.82000000000008,204.48000000000008,1821
2026-07-22T14:50:00+00:00,204.48000000000008,204.9000000000001,204.2800000000001,204.75000000000009,1800
2026-07-22T14:55:00+00:00,204.75000000000009,206.1500000000001,204.5800000000001,205.8700000000001,1787.1587144971459
2026-07-22T15:00:00+00:00,205.8700000000001,206.57000000000008,205.7700000000001,206.47000000000008,1812
2026-07-22T15:05:00+00:00,206.47000000000008,208.48000000000008,206.4500000000001,208.3000000000001,2131
2026-07-22T15:10:00+00:00,208.3000000000001,209.7700000000001,208.2800000000001,209.7000000000001,2393
2026-07-22T15:15:00+00:00,209.7000000000001,210.2000000000001,209.1700000000001,209.38000000000008,2167
2026-07-22T15:20:00+00:00,209.38000000000008,209.4900000000001,208.7800000000001,209.07000000000008,1847
2026-07-22T15:25:00+00:00,209.07000000000008,209.38000000000008,208.7800000000001,208.8600000000001,1540
2026-07-22T15:30:00+00:00,208.8600000000001,209.35000000000008,208.76000000000008,209.0500000000001,1547
2026-07-22T15:35:00+00:00,209.0500000000001,209.2400000000001,208.50000000000009,208.6200000000001,1416
2026-07-22T15:40:00+00:00,208.6200000000001,209.0300000000001,208.5500000000001,208.6400000000001,1392
2026-07-22T15:45:00+00:00,208.6400000000001,209.10000000000008,208.5500000000001,209.10000000000008,1404
2026-07-22T15:50:00+00:00,209.10000000000008,210.26000000000008,208.98000000000008,209.5200000000001,1674
2026-07-22T15:55:00+00:00,209.5200000000001,210.1200000000001,209.32000000000008,209.8900000000001,1403
2026-07-22T16:00:00+00:00,209.8900000000001,210.3300000000001,209.85000000000008,210.2400000000001,1351
2026-07-22T16:05:00+00:00,210.2400000000001,210.3700000000001,209.8300000000001,209.85000000000008,1204
2026-07-22T16:10:00+00:00,209.85000000000008,210.19000000000008,209.5800000000001,210.1400000000001,1156
2026-07-22T16:15:00+00:00,210.1400000000001,210.9300000000001,210.10000000000008,210.6200000000001,1464
2026-07-22T16:20:00+00:00,210.6200000000001,210.91000000000008,210.4300000000001,210.6500000000001,1384
2026-07-22T16:25:00+00:00,210.6500000000001,210.7100000000001,210.0800000000001,210.16000000000008,1025
2026-07-22T16:30:00+00:00,210.16000000000008,211.00000000000009,210.0500000000001,210.6800000000001,1269
2026-07-22T16:35:00+00:00,210.6800000000001,210.6800000000001,210.3300000000001,210.4600000000001,1036
2026-07-22T16:40:00+00:00,210.4600000000001,210.51000000000008,210.2100000000001,210.2700000000001,961
2026-07-22T16:45:00+00:00,210.2700000000001,210.44000000000008,209.9900000000001,210.0500000000001,1084
2026-07-22T16:50:00+00:00,210.0500000000001,210.5600000000001,209.98000000000008,210.38000000000008,1069
2026-07-22T16:55:00+00:00,210.38000000000008,210.8400000000001,210.3600000000001,210.6700000000001,962
2026-07-22T17:00:00+00:00,210.6700000000001,211.0500000000001,210.6500000000001,210.82000000000008,1100
2026-07-22T17:05:00+00:00,210.82000000000008,210.94000000000008,210.5500000000001,210.7000000000001,974
2026-07-22T17:10:00+00:00,210.7000000000001,210.7100000000001,210.13000000000008,210.1500000000001,965
2026-07-22T17:15:00+00:00,210.1500000000001,210.2100000000001,209.9300000000001,209.9600000000001,926
2026-07-22T17:20:00+00:00,209.9600000000001,210.4500000000001,209.8600000000001,210.38000000000008,1005
2026-07-22T17:25:00+00:00,210.38000000000008,210.5200000000001,210.2100000000001,210.44000000000008,717
2026-07-22T17:30:00+00:00,210.44000000000008,211.0500000000001,210.3600000000001,210.48000000000008,983
2026-07-22T17:35:00+00:00,210.48000000000008,211.0200000000001,210.41000000000008,210.9500000000001,937
2026-07-22T17:40:00+00:00,210.9500000000001,211.0200000000001,210.44000000000008,210.50000000000009,774
2026-07-22T17:45:00+00:00,210.50000000000009,210.8300000000001,210.48000000000008,210.63000000000008,754
2026-07-22T17:50:00+00:00,210.63000000000008,210.7100000000001,210.23000000000008,210.23000000000008,837
2026-07-22T17:55:00+00:00,210.23000000000008,210.4300000000001,210.1200000000001,210.2700000000001,1030
2026-07-22T18:00:00+00:00,210.2700000000001,210.5300000000001,210.23000000000008,210.4000000000001,1202
2026-07-22T18:05:00+00:00,210.4000000000001,210.5500000000001,210.25000000000009,210.26000000000008,884
2026-07-22T18:10:00+00:00,210.26000000000008,210.6200000000001,210.1700000000001,210.19000000000008,1035
2026-07-22T18:15:00+00:00,210.19000000000008,210.48000000000008,210.1700000000001,210.2700000000001,892
2026-07-22T18:20:00+00:00,210.2700000000001,210.41000000000008,210.1500000000001,210.29000000000008,773
2026-07-22T18:25:00+00:00,210.29000000000008,210.4900000000001,210.22000000000008,210.41000000000008,694
2026-07-22T18:30:00+00:00,210.41000000000008,210.41000000000008,210.1400000000001,210.22000000000008,878
2026-07-22T18:35:00+00:00,210.22000000000008,210.47000000000008,210.1800000000001,210.41000000000008,762
2026-07-22T18:40:00+00:00,210.41000000000008,210.4300000000001,210.19000000000008,210.35000000000008,659
2026-07-22T18:45:00+00:00,210.35000000000008,210.5500000000001,210.3100000000001,210.38000000000008,779
2026-07-22T18:50:00+00:00,210.38000000000008,210.54000000000008,210.23000000000008,210.54000000000008,747
2026-07-22T18:55:00+00:00,210.54000000000008,210.6500000000001,210.3300000000001,210.4300000000001,707
2026-07-22T19:00:00+00:00,210.4300000000001,210.8700000000001,210.4000000000001,210.6100000000001,870
2026-07-22T19:05:00+00:00,210.6100000000001,210.7400000000001,210.29000000000008,210.35000000000008,850
2026-07-22T19:10:00+00:00,210.35000000000008,210.4000000000001,209.98000000000008,210.00000000000009,860
2026-07-22T19:15:00+00:00,210.00000000000009,210.2000000000001,209.6800000000001,210.07000000000008,1206
2026-07-22T19:20:00+00:00,210.07000000000008,210.2700000000001,209.9200000000001,209.9900000000001,872
2026-07-22T19:25:00+00:00,209.9900000000001,210.1700000000001,209.5800000000001,210.01000000000008,805
2026-07-22T19:30:00+00:00,210.01000000000008,210.0800000000001,209.3900000000001,209.47000000000008,1094
2026-07-22T19:35:00+00:00,209.47000000000008,209.48000000000008,209.01000000000008,209.22000000000008,1133
2026-07-22T19:40:00+00:00,209.22000000000008,209.4300000000001,209.0600000000001,209.1500000000001,958
2026-07-22T19:45:00+00:00,209.1500000000001,209.48000000000008,209.0500000000001,209.1500000000001,916
2026-07-22T19:50:00+00:00,209.1500000000001,209.47000000000008,208.8300000000001,209.0800000000001,1618
2026-07-22T19:55:00+00:00,209.0800000000001,209.13000000000008,208.4000000000001,208.7800000000001,2078
2026-07-23T13:30:00+00:00,208.7800000000001,208.7800000000001,205.13000000000008,205.75000000000009,2553
2026-07-23T13:35:00+00:00,205.75000000000009,207.54000000000008,205.29000000000008,205.4500000000001,2618
2026-07-23T13:40:00+00:00,205.4500000000001,206.60000000000008,205.4200000000001,206.32000000000008,2262
2026-07-23T13:45:00+00:00,206.32000000000008,206.50000000000009,205.5200000000001,205.6400000000001,2659
2026-07-23T13:50:00+00:00,205.6400000000001,206.9300000000001,205.6200000000001,206.8400000000001,3334
2026-07-23T13:55:00+00:00,206.8400000000001,207.01000000000008,205.4200000000001,205.5800000000001,2992
2026-07-23T14:00:00+00:00,205.5800000000001,206.2800000000001,205.35000000000008,205.6700000000001,3410
2026-07-23T14:05:00+00:00,205.6700000000001,206.6500000000001,205.13000000000008,205.6100000000001,3261
2026-07-23T14:10:00+00:00,205.6100000000001,205.9600000000001,205.19000000000008,205.29000000000008,3213
2026-07-23T14:15:00+00:00,205.29000000000008,205.57000000000008,204.9300000000001,204.97000000000008,3420
2026-07-23T14:20:00+00:00,204.97000000000008,205.8600000000001,204.72000000000008,205.2100000000001,3143
2026-07-23T14:25:00+00:00,205.2100000000001,205.4300000000001,204.8100000000001,205.23000000000008,2848
2026-07-23T14:30:00+00:00,205.23000000000008,205.4500000000001,204.0300000000001,204.3900000000001,3300
2026-07-23T14:35:00+00:00,204.3900000000001,205.6700000000001,204.19000000000008,205.6100000000001,3548
2026-07-23T14:40:00+00:00,205.6100000000001,205.7700000000001,204.7000000000001,204.88000000000008,3315
2026-07-23T14:45:00+00:00,204.88000000000008,205.38000000000008,204.7400000000001,204.9900000000001,3264
2026-07-23T14:50:00+00:00,204.9900000000001,205.19000000000008,203.98000000000008,203.9900000000001,2633
2026-07-23T14:55:00+00:00,203.9900000000001,204.35000000000008,203.8900000000001,203.9600000000001,2891
2026-07-23T15:00:00+00:00,203.9600000000001,204.0300000000001,203.5200000000001,203.6100000000001,2608
2026-07-23T15:05:00+00:00,203.6100000000001,203.7700000000001,203.3700000000001,203.4600000000001,2522
2026-07-23T15:10:00+00:00,203.4600000000001,203.73000000000008,203.2000000000001,203.3100000000001,2444
2026-07-23T15:15:00+00:00,203.3100000000001,204.0500000000001,203.1700000000001,203.98000000000008,2593
2026-07-23T15:20:00+00:00,203.98000000000008,204.44000000000008,202.9300000000001,203.4600000000001,2618
2026-07-23T15:25:00+00:00,203.4600000000001,203.5600000000001,202.7100000000001,203.0300000000001,2314
2026-07-23T15:30:00+00:00,203.0300000000001,203.41000000000008,202.63000000000008,203.3300000000001,2483
2026-07-23T15:35:00+00:00,203.3300000000001,204.1500000000001,203.3100000000001,203.9600000000001,2510
2026-07-23T15:40:00+00:00,203.9600000000001,204.16000000000008,203.76000000000008,203.91000000000008,2195
2026-07-23T15:45:00+00:00,203.91000000000008,204.3700000000001,203.7700000000001,204.2700000000001,2198
2026-07-23T15:50:00+00:00,204.2700000000001,204.8000000000001,204.1700000000001,204.7800000000001,1952
2026-07-23T15:55:00+00:00,204.7800000000001,204.9200000000001,204.4200000000001,204.8700000000001,1626
2026-07-23T16:00:00+00:00,204.8700000000001,206.0200000000001,204.7000000000001,206.00000000000009,2015
2026-07-23T16:05:00+00:00,206.00000000000009,206.0800000000001,205.38000000000008,205.4300000000001,1883
2026-07-23T16:10:00+00:00,205.4300000000001,205.66000000000008,205.3400000000001,205.5600000000001,1619
2026-07-23T16:15:00+00:00,205.5600000000001,205.7700000000001,205.3900000000001,205.60000000000008,1447
2026-07-23T16:20:00+00:00,205.60000000000008,206.47000000000008,205.5900000000001,206.41000000000008,1509
2026-07-23T16:25:00+00:00,206.41000000000008,206.44000000000008,206.0200000000001,206.3000000000001,1348
2026-07-23T16:30:00+00:00,206.3000000000001,206.50000000000009,205.91000000000008,206.35000000000008,1490
2026-07-23T16:35:00+00:00,206.35000000000008,207.0600000000001,206.2400000000001,206.8900000000001,1756
2026-07-23T16:40:00+00:00,206.8900000000001,206.97000000000008,206.5500000000001,206.6400000000001,1503
2026-07-23T16:45:00+00:00,206.6400000000001,206.6400000000001,206.1100000000001,206.3700000000001,1848
2026-07-23T16:50:00+00:00,206.3700000000001,206.48000000000008,206.0900000000001,206.26000000000008,1815
2026-07-23T16:55:00+00:00,206.26000000000008,206.6200000000001,206.23000000000008,206.5500000000001,1948
2026-07-23T17:00:00+00:00,206.5500000000001,206.91000000000008,206.32000000000008,206.3300000000001,2099
2026-07-23T17:05:00+00:00,206.3300000000001,206.3600000000001,205.8400000000001,206.25000000000009,2104
2026-07-23T17:10:00+00:00,206.25000000000009,207.1100000000001,206.25000000000009,206.8100000000001,2010
2026-07-23T17:15:00+00:00,206.8100000000001,206.9200000000001,206.48000000000008,206.69000000000008,1828
2026-07-23T17:20:00+00:00,206.69000000000008,207.07000000000008,206.4900000000001,206.9600000000001,1874
2026-07-23T17:25:00+00:00,206.9600000000001,207.00000000000009,206.76000000000008,206.8000000000001,1596
2026-07-23T17:30:00+00:00,206.8000000000001,206.85000000000008,206.0600000000001,206.38000000000008,1964
2026-07-23T17:35:00+00:00,206.38000000000008,206.41000000000008,205.8100000000001,205.9600000000001,1955
2026-07-23T17:40:00+00:00,205.9600000000001,206.1700000000001,205.9000000000001,206.0900000000001,1749
2026-07-23T17:45:00+00:00,206.0900000000001,206.50000000000009,205.98000000000008,206.3600000000001,1761
2026-07-23T17:50:00+00:00,206.3600000000001,206.47000000000008,205.9600000000001,205.97000000000008,1683
2026-07-23T17:55:00+00:00,205.97000000000008,205.9900000000001,205.6800000000001,205.7400000000001,1358
2026-07-23T18:00:00+00:00,205.7400000000001,205.7800000000001,205.32000000000008,205.4600000000001,1975
2026-07-23T18:05:00+00:00,205.4600000000001,205.50000000000009,204.9300000000001,205.04000000000008,1748
2026-07-23T18:10:00+00:00,205.04000000000008,205.5600000000001,204.98000000000008,205.1400000000001,1727
2026-07-23T18:15:00+00:00,205.1400000000001,205.2000000000001,204.8600000000001,204.94000000000008,1554
2026-07-23T18:20:00+00:00,204.94000000000008,205.4000000000001,204.9200000000001,205.3600000000001,1555
2026-07-23T18:25:00+00:00,205.3600000000001,205.4000000000001,205.0600000000001,205.25000000000009,1596
2026-07-23T18:30:00+00:00,205.25000000000009,205.48000000000008,205.2000000000001,205.4600000000001,1516
2026-07-23T18:35:00+00:00,205.4600000000001,205.51000000000008,204.7100000000001,204.8700000000001,1432
2026-07-23T18:40:00+00:00,204.8700000000001,204.88000000000008,204.2400000000001,204.3100000000001,1500
2026-07-23T18:45:00+00:00,204.3100000000001,204.63000000000008,204.3000000000001,204.35000000000008,1456
2026-07-23T18:50:00+00:00,204.35000000000008,204.63000000000008,204.1100000000001,204.16000000000008,1359
2026-07-23T18:55:00+00:00,204.16000000000008,204.3600000000001,204.00000000000009,204.3600000000001,1659
2026-07-23T19:00:00+00:00,204.3600000000001,204.48000000000008,203.8900000000001,203.9000000000001,1229
2026-07-23T19:05:00+00:00,203.9000000000001,204.2000000000001,203.7800000000001,203.98000000000008,1234
2026-07-23T19:10:00+00:00,203.98000000000008,204.26000000000008,203.9500000000001,204.07000000000008,1234
2026-07-23T19:15:00+00:00,204.07000000000008,204.4900000000001,204.0300000000001,204.3300000000001,1436
2026-07-23T19:20:00+00:00,204.3300000000001,204.7100000000001,204.29000000000008,204.7000000000001,1455
2026-07-23T19:25:00+00:00,204.7000000000001,204.8400000000001,204.23000000000008,204.5200000000001,1629
2026-07-23T19:30:00+00:00,204.5200000000001,204.5900000000001,203.8100000000001,204.19000000000008,2062
2026-07-23T19:35:00+00:00,204.19000000000008,204.4500000000001,204.0300000000001,204.1800000000001,1847
2026-07-23T19:40:00+00:00,204.1800000000001,204.2100000000001,203.5600000000001,203.63000000000008,1701
2026-07-23T19:45:00+00:00,203.63000000000008,204.07000000000008,203.57000000000008,204.0500000000001,1787
2026-07-23T19:50:00+00:00,204.0500000000001,204.6500000000001,203.9300000000001,204.48000000000008,2523
2026-07-23T19:55:00+00:00,204.48000000000008,205.6200000000001,204.48000000000008,205.47000000000008,3100
2026-07-24T13:30:00+00:00,205.47000000000008,205.47000000000008,203.3600000000001,204.7700000000001,1967
2026-07-24T13:35:00+00:00,204.7700000000001,205.2400000000001,203.7100000000001,204.0900000000001,2646
2026-07-24T13:40:00+00:00,204.0900000000001,204.57000000000008,203.6400000000001,204.44000000000008,2329
2026-07-24T13:45:00+00:00,204.44000000000008,205.16000000000008,204.0600000000001,205.0600000000001,2856
2026-07-24T13:50:00+00:00,205.0600000000001,205.0600000000001,202.4300000000001,202.69000000000008,2886
2026-07-24T13:55:00+00:00,202.69000000000008,203.13000000000008,202.35000000000008,202.97000000000008,2418
2026-07-24T14:00:00+00:00,202.97000000000008,204.2100000000001,202.88000000000008,203.8300000000001,2974
2026-07-24T14:05:00+00:00,203.8300000000001,204.8300000000001,203.5900000000001,204.79000000000008,3022
2026-07-24T14:10:00+00:00,204.79000000000008,204.9500000000001,204.32000000000008,204.5900000000001,2874
2026-07-24T14:15:00+00:00,204.5900000000001,204.7000000000001,203.1700000000001,203.73000000000008,2795
2026-07-24T14:20:00+00:00,203.73000000000008,205.00000000000009,203.3100000000001,204.5900000000001,2503
2026-07-24T14:25:00+00:00,204.5900000000001,204.9000000000001,204.3300000000001,204.7700000000001,2669
2026-07-24T14:30:00+00:00,204.7700000000001,204.79000000000008,204.2000000000001,204.3900000000001,2679
2026-07-24T14:35:00+00:00,204.3900000000001,204.9300000000001,204.1100000000001,204.19000000000008,2763
2026-07-24T14:40:00+00:00,204.19000000000008,204.3700000000001,203.79000000000008,204.1200000000001,2938
2026-07-24T14:45:00+00:00,204.1200000000001,204.8100000000001,203.79000000000008,204.7400000000001,2627
2026-07-24T14:50:00+00:00,204.7400000000001,204.97000000000008,204.3100000000001,204.6400000000001,2404
2026-07-24T14:55:00+00:00,204.6400000000001,206.23000000000008,204.6200000000001,206.1700000000001,2347
2026-07-24T15:00:00+00:00,206.1700000000001,206.7100000000001,205.7000000000001,205.7000000000001,2613
2026-07-24T15:05:00+00:00,205.7000000000001,206.13000000000008,205.35000000000008,205.3900000000001,2497
2026-07-24T15:10:00+00:00,205.3900000000001,206.5600000000001,205.2800000000001,206.3900000000001,3044
2026-07-24T15:15:00+00:00,206.3900000000001,207.01000000000008,205.98000000000008,206.0500000000001,3049
2026-07-24T15:20:00+00:00,206.0500000000001,206.4900000000001,206.0200000000001,206.23000000000008,2655
2026-07-24T15:25:00+00:00,206.23000000000008,206.5200000000001,205.7700000000001,205.8900000000001,2369
2026-07-24T15:30:00+00:00,205.8900000000001,206.4200000000001,205.75000000000009,205.82000000000008,2509
2026-07-24T15:35:00+00:00,205.82000000000008,206.3300000000001,205.6400000000001,206.22000000000008,2223
2026-07-24T15:40:00+00:00,206.22000000000008,206.51000000000008,205.73000000000008,205.8900000000001,2250
2026-07-24T15:45:00+00:00,205.8900000000001,206.26000000000008,205.82000000000008,205.85000000000008,2050
2026-07-24T15:50:00+00:00,205.85000000000008,206.60000000000008,205.85000000000008,206.48000000000008,1970
2026-07-24T15:55:00+00:00,206.48000000000008,206.97000000000008,206.3400000000001,206.85000000000008,1852
2026-07-24T16:00:00+00:00,206.85000000000008,207.60000000000008,206.69000000000008,207.5600000000001,1892
2026-07-24T16:05:00+00:00,207.5600000000001,208.2100000000001,207.48000000000008,208.13000000000008,1901
2026-07-24T16:10:00+00:00,208.13000000000008,208.5600000000001,207.5200000000001,207.5300000000001,1999
2026-07-24T16:15:00+00:00,207.5300000000001,207.6700000000001,207.35000000000008,207.4500000000001,1624
2026-07-24T16:20:00+00:00,207.4500000000001,207.66000000000008,207.3400000000001,207.4200000000001,1387
2026-07-24T16:25:00+00:00,207.4200000000001,207.76000000000008,207.41000000000008,207.4500000000001,1524
2026-07-24T16:30:00+00:00,207.4500000000001,207.47000000000008,206.9600000000001,207.2800000000001,1811
2026-07-24T16:35:00+00:00,207.2800000000001,207.54000000000008,207.0200000000001,207.1700000000001,1505
2026-07-24T16:40:00+00:00,207.1700000000001,207.2700000000001,206.66000000000008,206.8400000000001,1706
2026-07-24T16:45:00+00:00,206.8400000000001,206.9300000000001,206.5900000000001,206.7400000000001,1785
2026-07-24T16:50:00+00:00,206.7400000000001,206.8400000000001,206.4300000000001,206.6400000000001,1733
2026-07-24T16:55:00+00:00,206.6400000000001,207.10000000000008,206.5300000000001,206.8900000000001,1449
2026-07-24T17:00:00+00:00,206.8900000000001,207.00000000000009,206.5800000000001,206.75000000000009,1850
2026-07-24T17:05:00+00:00,206.75000000000009,206.8700000000001,206.29000000000008,206.35000000000008,1912
2026-07-24T17:10:00+00:00,206.35000000000008,206.6200000000001,206.2100000000001,206.4600000000001,1664
2026-07-24T17:15:00+00:00,206.4600000000001,206.97000000000008,206.2700000000001,206.8700000000001,1518
2026-07-24T17:20:00+00:00,206.8700000000001,207.0200000000001,206.47000000000008,206.7100000000001,1503
2026-07-24T17:25:00+00:00,206.7100000000001,207.0300000000001,206.5300000000001,206.91000000000008,1378
2026-07-24T17:30:00+00:00,206.91000000000008,207.2000000000001,206.8000000000001,207.16000000000008,1416
2026-07-24T17:35:00+00:00,207.16000000000008,207.19000000000008,206.9300000000001,206.9600000000001,1257
2026-07-24T17:40:00+00:00,206.9600000000001,206.98000000000008,206.48000000000008,206.5200000000001,1425
2026-07-24T17:45:00+00:00,206.5200000000001,206.8300000000001,206.38000000000008,206.8000000000001,1189
2026-07-24T17:50:00+00:00,206.8000000000001,206.9600000000001,206.60000000000008,206.7100000000001,1369
2026-07-24T17:55:00+00:00,206.7100000000001,206.8400000000001,206.35000000000008,206.3700000000001,1309
2026-07-24T18:00:00+00:00,206.3700000000001,206.57000000000008,206.2700000000001,206.3700000000001,1351
2026-07-24T18:05:00+00:00,206.3700000000001,206.4200000000001,206.0500000000001,206.2000000000001,1285
2026-07-24T18:10:00+00:00,206.2000000000001,206.2700000000001,205.69000000000008,205.9300000000001,1230
2026-07-24T18:15:00+00:00,205.9300000000001,206.00000000000009,205.6700000000001,205.72000000000008,1376
2026-07-24T18:20:00+00:00,205.72000000000008,205.72000000000008,205.0600000000001,205.10000000000008,1651
2026-07-24T18:25:00+00:00,205.10000000000008,205.1500000000001,204.3900000000001,204.4900000000001,1870
2026-07-24T18:30:00+00:00,204.4900000000001,204.5600000000001,203.8000000000001,203.82000000000008,2141
2026-07-24T18:35:00+00:00,203.82000000000008,204.00000000000009,203.38000000000008,203.54000000000008,2141
2026-07-24T18:40:00+00:00,203.54000000000008,203.54000000000008,202.82000000000008,202.88000000000008,2154
2026-07-24T18:45:00+00:00,202.88000000000008,203.73000000000008,202.8400000000001,203.2100000000001,1929
2026-07-24T18:50:00+00:00,203.2100000000001,203.3300000000001,202.6800000000001,202.9000000000001,1836
2026-07-24T18:55:00+00:00,202.9000000000001,203.2800000000001,202.8300000000001,202.9300000000001,1792
2026-07-24T19:00:00+00:00,202.9300000000001,203.3700000000001,202.4500000000001,202.5200000000001,2032
2026-07-24T19:05:00+00:00,202.5200000000001,202.91000000000008,201.6800000000001,201.79000000000008,2116
2026-07-24T19:10:00+00:00,201.79000000000008,202.0900000000001,201.6200000000001,201.7700000000001,2013
2026-07-24T19:15:00+00:00,201.7700000000001,202.0600000000001,201.5900000000001,201.7800000000001,2191
2026-07-24T19:20:00+00:00,201.7800000000001,202.1800000000001,201.50000000000009,201.8400000000001,2000
2026-07-24T19:25:00+00:00,201.8400000000001,202.5200000000001,201.6800000000001,202.2700000000001,1850
2026-07-24T19:30:00+00:00,202.2700000000001,202.79000000000008,202.2400000000001,202.47000000000008,2239
2026-07-24T19:35:00+00:00,202.47000000000008,202.7800000000001,202.3400000000001,202.41000000000008,2363
2026-07-24T19:40:00+00:00,202.41000000000008,202.54000000000008,202.04000000000008,202.4300000000001,2249
2026-07-24T19:45:00+00:00,202.4300000000001,202.5600000000001,202.0200000000001,202.5600000000001,2170
2026-07-24T19:50:00+00:00,202.5600000000001,202.76000000000008,201.9600000000001,202.6500000000001,2340
2026-07-24T19:55:00+00:00,202.6500000000001,203.73000000000008,202.60000000000008,203.6700000000001,2921
2026-07-27T13:30:00+00:00,203.6700000000001,205.3100000000001,201.69000000000008,202.3600000000001,1420
2026-07-27T13:35:00+00:00,202.3600000000001,203.2700000000001,201.3100000000001,201.4200000000001,1436
2026-07-27T13:40:00+00:00,201.4200000000001,201.50000000000009,198.73000000000008,198.9500000000001,971
2026-07-27T13:45:00+00:00,198.9500000000001,199.4900000000001,197.8900000000001,199.26000000000008,973
2026-07-27T13:50:00+00:00,199.26000000000008,199.7100000000001,198.8900000000001,199.0300000000001,1261
2026-07-27T13:55:00+00:00,199.0300000000001,199.4000000000001,198.26000000000008,198.50000000000009,1043
2026-07-27T14:00:00+00:00,198.50000000000009,198.63000000000008,198.0300000000001,198.57000000000008,1611
2026-07-27T14:05:00+00:00,198.57000000000008,199.5500000000001,198.4900000000001,199.16000000000008,1400
2026-07-27T14:10:00+00:00,199.16000000000008,199.1700000000001,197.5300000000001,197.88000000000008,918
2026-07-27T14:15:00+00:00,197.88000000000008,198.2400000000001,197.4600000000001,197.72000000000008,786
2026-07-27T14:20:00+00:00,197.72000000000008,197.72000000000008,196.5300000000001,196.76000000000008,987
2026-07-27T14:25:00+00:00,196.76000000000008,196.8300000000001,195.6400000000001,195.6400000000001,1006
2026-07-27T14:30:00+00:00,195.6400000000001,195.7800000000001,195.13000000000008,195.4600000000001,764
2026-07-27T14:35:00+00:00,195.4600000000001,196.2800000000001,195.0200000000001,195.8400000000001,899
2026-07-27T14:40:00+00:00,195.8400000000001,195.94000000000008,194.1200000000001,194.3300000000001,500
2026-07-27T14:45:00+00:00,194.3300000000001,195.6500000000001,194.3300000000001,195.6200000000001,972
2026-07-27T14:50:00+00:00,195.6200000000001,196.22000000000008,195.4900000000001,195.9500000000001,1306
2026-07-27T14:55:00+00:00,195.9500000000001,196.6500000000001,195.7700000000001,196.44000000000008,1327
2026-07-27T15:00:00+00:00,196.44000000000008,196.5200000000001,195.1700000000001,195.2400000000001,1248
2026-07-27T15:05:00+00:00,195.2400000000001,195.5600000000001,194.7400000000001,194.8000000000001,1690
2026-07-27T15:10:00+00:00,194.8000000000001,195.0900000000001,194.4200000000001,194.5800000000001,1283
2026-07-27T15:15:00+00:00,194.5800000000001,194.66000000000008,193.50000000000009,194.23000000000008,1194
2026-07-27T15:20:00+00:00,194.23000000000008,195.00000000000009,193.69000000000008,193.97000000000008,1081
2026-07-27T15:25:00+00:00,193.97000000000008,194.04000000000008,193.4300000000001,193.82000000000008,1394
2026-07-27T15:30:00+00:00,193.82000000000008,193.82000000000008,192.85000000000008,193.0600000000001,1293
2026-07-27T15:35:00+00:00,193.0600000000001,193.38000000000008,192.60000000000008,193.1200000000001,1607
2026-07-27T15:40:00+00:00,193.1200000000001,193.60000000000008,192.76000000000008,193.4900000000001,1393
2026-07-27T15:45:00+00:00,193.4900000000001,193.6700000000001,193.1200000000001,193.22000000000008,1414
2026-07-27T15:50:00+00:00,193.22000000000008,193.5300000000001,193.0800000000001,193.2800000000001,1232
2026-07-27T15:55:00+00:00,193.2800000000001,194.29000000000008,193.2400000000001,194.2800000000001,1235
2026-07-27T16:00:00+00:00,194.2800000000001,194.94000000000008,194.16000000000008,194.76000000000008,1323
2026-07-27T16:05:00+00:00,194.76000000000008,194.9300000000001,194.3600000000001,194.8700000000001,1240
2026-07-27T16:10:00+00:00,194.8700000000001,195.1800000000001,194.23000000000008,194.3400000000001,1329
2026-07-27T16:15:00+00:00,194.3400000000001,194.38000000000008,193.44000000000008,193.6400000000001,1403
2026-07-27T16:20:00+00:00,193.6400000000001,194.23000000000008,193.5300000000001,194.1100000000001,1415
2026-07-27T16:25:00+00:00,194.1100000000001,194.98000000000008,194.0600000000001,194.4500000000001,1425
2026-07-27T16:30:00+00:00,194.4500000000001,194.76000000000008,193.7800000000001,193.82000000000008,1350
2026-07-27T16:35:00+00:00,193.82000000000008,194.32000000000008,193.41000000000008,194.1100000000001,1443
2026-07-27T16:40:00+00:00,194.1100000000001,194.22000000000008,193.7800000000001,193.98000000000008,1232
2026-07-27T16:45:00+00:00,193.98000000000008,194.4900000000001,193.9000000000001,194.0800000000001,1262
2026-07-27T16:50:00+00:00,194.0800000000001,194.0800000000001,193.2700000000001,193.3900000000001,1771
2026-07-27T16:55:00+00:00,193.3900000000001,193.4000000000001,192.85000000000008,192.97000000000008,1024
2026-07-27T17:00:00+00:00,192.97000000000008,193.0600000000001,192.47000000000008,192.4900000000001,1231
2026-07-27T17:05:00+00:00,192.4900000000001,192.6800000000001,192.25000000000009,192.44000000000008,1521
2026-07-27T17:10:00+00:00,192.44000000000008,192.7400000000001,192.3000000000001,192.6700000000001,1355
2026-07-27T17:15:00+00:00,192.6700000000001,192.69000000000008,192.1200000000001,192.2100000000001,1340
2026-07-27T17:20:00+00:00,192.2100000000001,192.47000000000008,192.1200000000001,192.2100000000001,1095
2026-07-27T17:25:00+00:00,192.2100000000001,192.4500000000001,192.1200000000001,192.2400000000001,1249
2026-07-27T17:30:00+00:00,192.2400000000001,192.75000000000009,192.1800000000001,192.72000000000008,1294
2026-07-27T17:35:00+00:00,192.72000000000008,192.8300000000001,192.5200000000001,192.66000000000008,1202
2026-07-27T17:40:00+00:00,192.66000000000008,192.7800000000001,192.4200000000001,192.57000000000008,1248
2026-07-27T17:45:00+00:00,192.57000000000008,193.0500000000001,192.4300000000001,192.82000000000008,1109
2026-07-27T17:50:00+00:00,192.82000000000008,193.23000000000008,192.7800000000001,193.23000000000008,989
2026-07-27T17:55:00+00:00,193.23000000000008,193.44000000000008,193.1800000000001,193.44000000000008,237
2026-07-27T18:00:00+00:00,193.44000000000008,193.76000000000008,193.44000000000008,193.50000000000009,47
2026-07-27T18:05:00+00:00,193.50000000000009,193.50000000000009,193.04000000000008,193.2100000000001,30
2026-07-27T18:10:00+00:00,193.2100000000001,193.29000000000008,192.98000000000008,193.29000000000008,212.28956551488196
2026-07-27T18:15:00+00:00,193.29000000000008,193.29000000000008,192.7400000000001,193.1200000000001,898
2026-07-27T18:20:00+00:00,193.1200000000001,193.23000000000008,192.91000000000008,193.2000000000001,1168
2026-07-27T18:25:00+00:00,193.2000000000001,193.4200000000001,193.1100000000001,193.38000000000008,1127
2026-07-27T18:30:00+00:00,193.38000000000008,193.38000000000008,192.91000000000008,192.9500000000001,1317
2026-07-27T18:35:00+00:00,192.9500000000001,192.98000000000008,192.79000000000008,192.85000000000008,1055
2026-07-27T18:40:00+00:00,192.85000000000008,193.47000000000008,192.75000000000009,193.47000000000008,1317
2026-07-27T18:45:00+00:00,193.47000000000008,193.60000000000008,193.3000000000001,193.3300000000001,1114
2026-07-27T18:50:00+00:00,193.3300000000001,193.9900000000001,193.22000000000008,193.97000000000008,1253
2026-07-27T18:55:00+00:00,193.97000000000008,194.3300000000001,193.76000000000008,194.0900000000001,1313
2026-07-27T19:00:00+00:00,194.0900000000001,194.2700000000001,193.8600000000001,194.0300000000001,1402
2026-07-27T19:05:00+00:00,194.0300000000001,194.4300000000001,193.8300000000001,194.3000000000001,1221
2026-07-27T19:10:00+00:00,194.3000000000001,194.51000000000008,194.0500000000001,194.1700000000001,1175
2026-07-27T19:15:00+00:00,194.1700000000001,194.3900000000001,194.0800000000001,194.3400000000001,1187
2026-07-27T19:20:00+00:00,194.3400000000001,194.6100000000001,194.16000000000008,194.60000000000008,1165
2026-07-27T19:25:00+00:00,194.60000000000008,194.7100000000001,194.1700000000001,194.3900000000001,1101
2026-07-27T19:30:00+00:00,194.3900000000001,194.4000000000001,194.0900000000001,194.2800000000001,1306
2026-07-27T19:35:00+00:00,194.2800000000001,194.50000000000009,193.4200000000001,193.4600000000001,1322
2026-07-27T19:40:00+00:00,193.4600000000001,193.7100000000001,193.35000000000008,193.48000000000008,1339
2026-07-27T19:45:00+00:00,193.48000000000008,193.76000000000008,193.3400000000001,193.69000000000008,1529
2026-07-27T19:50:00+00:00,193.69000000000008,193.98000000000008,193.5600000000001,193.76000000000008,1369
2026-07-27T19:55:00+00:00,193.76000000000008,193.7700000000001,193.0800000000001,193.2100000000001,1038
2026-07-28T13:30:00+00:00,193.2100000000001,193.2100000000001,190.26000000000008,190.8700000000001,3911
2026-07-28T13:35:00+00:00,190.8700000000001,191.57000000000008,190.57000000000008,191.0800000000001,3732
2026-07-28T13:40:00+00:00,191.0800000000001,191.8400000000001,190.3300000000001,190.9300000000001,3917
2026-07-28T13:45:00+00:00,190.9300000000001,191.16000000000008,189.47000000000008,190.5900000000001,4203
2026-07-28T13:50:00+00:00,190.5900000000001,191.10000000000008,189.9900000000001,190.0600000000001,4194
2026-07-28T13:55:00+00:00,190.0600000000001,190.88000000000008,189.9200000000001,190.29000000000008,3395
2026-07-28T14:00:00+00:00,190.29000000000008,191.3100000000001,190.1700000000001,190.88000000000008,3760
2026-07-28T14:05:00+00:00,190.88000000000008,191.79000000000008,190.3700000000001,190.85000000000008,3483
2026-07-28T14:10:00+00:00,190.85000000000008,191.5800000000001,190.29000000000008,190.5500000000001,3567
2026-07-28T14:15:00+00:00,190.5500000000001,190.82000000000008,189.91000000000008,189.9200000000001,3594
2026-07-28T14:20:00+00:00,189.9200000000001,190.5300000000001,189.4200000000001,190.0800000000001,3761
2026-07-28T14:25:00+00:00,190.0800000000001,190.82000000000008,189.9200000000001,190.75000000000009,3335
2026-07-28T14:30:00+00:00,190.75000000000009,191.50000000000009,190.57000000000008,191.0600000000001,3378
2026-07-28T14:35:00+00:00,191.0600000000001,192.7700000000001,191.0600000000001,192.3100000000001,3237
2026-07-28T14:40:00+00:00,192.3100000000001,193.00000000000009,192.16000000000008,192.6800000000001,2953
2026-07-28T14:45:00+00:00,192.6800000000001,193.82000000000008,192.38000000000008,193.7000000000001,2770
2026-07-28T14:50:00+00:00,193.7000000000001,194.23000000000008,193.47000000000008,194.0300000000001,2527
2026-07-28T14:55:00+00:00,194.0300000000001,194.2400000000001,193.0600000000001,193.4300000000001,2281
2026-07-28T15:00:00+00:00,193.4300000000001,193.75000000000009,192.8000000000001,192.8600000000001,2788
2026-07-28T15:05:00+00:00,192.8600000000001,193.35000000000008,192.5300000000001,193.04000000000008,2628
2026-07-28T15:10:00+00:00,193.04000000000008,193.5200000000001,192.73000000000008,193.16000000000008,2419
2026-07-28T15:15:00+00:00,193.16000000000008,193.9300000000001,192.9200000000001,193.91000000000008,2408
2026-07-28T15:20:00+00:00,193.91000000000008,194.51000000000008,193.91000000000008,194.23000000000008,2216
2026-07-28T15:25:00+00:00,194.23000000000008,194.4900000000001,193.32000000000008,193.4200000000001,2046
2026-07-28T15:30:00+00:00,193.4200000000001,193.7100000000001,193.1100000000001,193.51000000000008,1915
2026-07-28T15:35:00+00:00,193.51000000000008,194.1700000000001,193.44000000000008,194.0500000000001,1652
2026-07-28T15:40:00+00:00,194.0500000000001,194.57000000000008,193.7000000000001,194.4200000000001,1434
2026-07-28T15:45:00+00:00,194.4200000000001,195.26000000000008,194.3600000000001,194.9900000000001,1385
2026-07-28T15:50:00+00:00,194.9900000000001,195.1500000000001,194.4000000000001,194.6400000000001,1464
2026-07-28T15:55:00+00:00,194.6400000000001,195.2400000000001,194.44000000000008,195.00000000000009,1205
2026-07-28T16:00:00+00:00,195.00000000000009,195.23000000000008,194.8400000000001,194.9500000000001,1142
2026-07-28T16:05:00+00:00,194.9500000000001,195.35000000000008,194.29000000000008,194.3900000000001,1266
2026-07-28T16:10:00+00:00,194.3900000000001,194.7400000000001,194.13000000000008,194.3700000000001,1117
2026-07-28T16:15:00+00:00,194.3700000000001,194.7100000000001,194.19000000000008,194.6700000000001,1117
2026-07-28T16:20:00+00:00,194.6700000000001,194.85000000000008,193.98000000000008,194.1200000000001,1107
2026-07-28T16:25:00+00:00,194.1200000000001,194.22000000000008,193.91000000000008,193.9500000000001,1001
2026-07-28T16:30:00+00:00,193.9500000000001,193.97000000000008,193.2800000000001,193.5500000000001,1327
2026-07-28T16:35:00+00:00,193.5500000000001,194.0300000000001,193.5200000000001,194.0200000000001,1018
2026-07-28T16:40:00+00:00,194.0200000000001,194.48000000000008,194.00000000000009,194.35000000000008,1202
2026-07-28T16:45:00+00:00,194.35000000000008,194.5200000000001,194.0300000000001,194.2100000000001,1097
2026-07-28T16:50:00+00:00,194.2100000000001,194.8100000000001,194.2000000000001,194.7700000000001,945
2026-07-28T16:55:00+00:00,194.7700000000001,194.91000000000008,194.6200000000001,194.6800000000001,860
2026-07-28T17:00:00+00:00,194.6800000000001,194.8600000000001,194.0800000000001,194.1200000000001,1109
2026-07-28T17:05:00+00:00,194.1200000000001,194.32000000000008,193.9500000000001,194.00000000000009,1176
2026-07-28T17:10:00+00:00,194.00000000000009,194.5600000000001,193.8000000000001,194.2800000000001,1177
2026-07-28T17:15:00+00:00,194.2800000000001,194.5600000000001,194.1800000000001,194.54000000000008,941
2026-07-28T17:20:00+00:00,194.54000000000008,194.9000000000001,194.3600000000001,194.3600000000001,1344
2026-07-28T17:25:00+00:00,194.3600000000001,194.69000000000008,194.2400000000001,194.3600000000001,1295
2026-07-28T17:30:00+00:00,194.3600000000001,194.6500000000001,194.2700000000001,194.5300000000001,1300
2026-07-28T17:35:00+00:00,194.5300000000001,194.7400000000001,194.23000000000008,194.2700000000001,1043
2026-07-28T17:40:00+00:00,194.2700000000001,194.3900000000001,193.94000000000008,194.01000000000008,1042
2026-07-28T17:45:00+00:00,194.01000000000008,194.10000000000008,193.60000000000008,193.88000000000008,1516
2026-07-28T17:50:00+00:00,193.88000000000008,193.8900000000001,193.4900000000001,193.5200000000001,1177
2026-07-28T17:55:00+00:00,193.5200000000001,193.8100000000001,193.3300000000001,193.7700000000001,1206
2026-07-28T18:00:00+00:00,193.7700000000001,194.0500000000001,193.66000000000008,193.8600000000001,1408
2026-07-28T18:05:00+00:00,193.8600000000001,193.9500000000001,193.4600000000001,193.5900000000001,1263
2026-07-28T18:10:00+00:00,193.5900000000001,193.7000000000001,193.4300000000001,193.54000000000008,1326
2026-07-28T18:15:00+00:00,193.54000000000008,193.8400000000001,193.44000000000008,193.6500000000001,1300
2026-07-28T18:20:00+00:00,193.6500000000001,193.8400000000001,193.5800000000001,193.6700000000001,1213
2026-07-28T18:25:00+00:00,193.6700000000001,193.7000000000001,193.3100000000001,193.3600000000001,1328
2026-07-28T18:30:00+00:00,193.3600000000001,193.7700000000001,193.32000000000008,193.6200000000001,1519
2026-07-28T18:35:00+00:00,193.6200000000001,193.9900000000001,193.5500000000001,193.76000000000008,1358
2026-07-28T18:40:00+00:00,193.76000000000008,193.8100000000001,193.22000000000008,193.69000000000008,1391
2026-07-28T18:45:00+00:00,193.69000000000008,194.00000000000009,193.51000000000008,193.79000000000008,1395
2026-07-28T18:50:00+00:00,193.79000000000008,194.0500000000001,193.57000000000008,193.6800000000001,1318
2026-07-28T18:55:00+00:00,193.6800000000001,193.9200000000001,193.54000000000008,193.7400000000001,1185
2026-07-28T19:00:00+00:00,193.7400000000001,194.3300000000001,193.72000000000008,194.25000000000009,1555
2026-07-28T19:05:00+00:00,194.25000000000009,194.41000000000008,193.9500000000001,194.00000000000009,1450
2026-07-28T19:10:00+00:00,194.00000000000009,194.3700000000001,193.8700000000001,194.26000000000008,1402
2026-07-28T19:15:00+00:00,194.26000000000008,194.4000000000001,193.9600000000001,194.3600000000001,1347
2026-07-28T19:20:00+00:00,194.3600000000001,194.69000000000008,194.1700000000001,194.60000000000008,1278
2026-07-28T19:25:00+00:00,194.60000000000008,194.6700000000001,194.2100000000001,194.57000000000008,1269
2026-07-28T19:30:00+00:00,194.57000000000008,194.6500000000001,194.3300000000001,194.3700000000001,1456
2026-07-28T19:35:00+00:00,194.3700000000001,194.38000000000008,193.66000000000008,193.7700000000001,1636
2026-07-28T19:40:00+00:00,193.7700000000001,194.0900000000001,193.69000000000008,193.85000000000008,1601
2026-07-28T19:45:00+00:00,193.85000000000008,194.0800000000001,193.6200000000001,194.07000000000008,1618
2026-07-28T19:50:00+00:00,194.07000000000008,194.76000000000008,193.7400000000001,194.6700000000001,2012
2026-07-28T19:55:00+00:00,194.6700000000001,194.6700000000001,193.51000000000008,193.6100000000001,3527
2026-07-29T13:30:00+00:00,193.6100000000001,193.69000000000008,191.5600000000001,193.4500000000001,3003
2026-07-29T13:35:00+00:00,193.4500000000001,193.69000000000008,192.4000000000001,192.4000000000001,3684
2026-07-29T13:40:00+00:00,192.4000000000001,193.1700000000001,192.19000000000008,193.0800000000001,3604
2026-07-29T13:45:00+00:00,193.0800000000001,193.22000000000008,191.7100000000001,192.19000000000008,3454
2026-07-29T13:50:00+00:00,192.19000000000008,192.2800000000001,190.7400000000001,190.8300000000001,3338
2026-07-29T13:55:00+00:00,190.8300000000001,190.8300000000001,189.3700000000001,190.0200000000001,3660
2026-07-29T14:00:00+00:00,190.0200000000001,190.32000000000008,189.50000000000009,189.85000000000008,3831
2026-07-29T14:05:00+00:00,189.85000000000008,190.2400000000001,188.9000000000001,189.32000000000008,3509
2026-07-29T14:10:00+00:00,189.32000000000008,189.32000000000008,187.88000000000008,188.44000000000008,3540
2026-07-29T14:15:00+00:00,188.44000000000008,189.0800000000001,188.4000000000001,188.7700000000001,3483
2026-07-29T14:20:00+00:00,188.7700000000001,189.1400000000001,188.2400000000001,188.3100000000001,3151
2026-07-29T14:25:00+00:00,188.3100000000001,188.3900000000001,187.6100000000001,188.3100000000001,3114
2026-07-29T14:30:00+00:00,188.3100000000001,188.97000000000008,188.23000000000008,188.6500000000001,2929
2026-07-29T14:35:00+00:00,188.6500000000001,188.6500000000001,188.1700000000001,188.23000000000008,2819
2026-07-29T14:40:00+00:00,188.23000000000008,188.29000000000008,187.63000000000008,187.79000000000008,2700
2026-07-29T14:45:00+00:00,187.79000000000008,188.5200000000001,187.6700000000001,188.41000000000008,3134
2026-07-29T14:50:00+00:00,188.41000000000008,189.10000000000008,188.3700000000001,188.9000000000001,2911
2026-07-29T14:55:00+00:00,188.9000000000001,189.3000000000001,188.5500000000001,189.1700000000001,2727
2026-07-29T15:00:00+00:00,189.1700000000001,189.8000000000001,188.8900000000001,189.7800000000001,2960
2026-07-29T15:05:00+00:00,189.7800000000001,189.82000000000008,189.3400000000001,189.5500000000001,2573
2026-07-29T15:10:00+00:00,189.5500000000001,189.63000000000008,188.85000000000008,189.0500000000001,2517
2026-07-29T15:15:00+00:00,189.0500000000001,189.51000000000008,188.8900000000001,189.0300000000001,2661
2026-07-29T15:20:00+00:00,189.0300000000001,189.50000000000009,188.9000000000001,189.50000000000009,2604
2026-07-29T15:25:00+00:00,189.50000000000009,189.7800000000001,189.0200000000001,189.0500000000001,2443
2026-07-29T15:30:00+00:00,189.0500000000001,189.2100000000001,188.8400000000001,189.00000000000009,2426
2026-07-29T15:35:00+00:00,189.00000000000009,189.26000000000008,188.5200000000001,188.5200000000001,2423
2026-07-29T15:40:00+00:00,188.5200000000001,188.8000000000001,188.3100000000001,188.44000000000008,2183
2026-07-29T15:45:00+00:00,188.44000000000008,188.66000000000008,188.2700000000001,188.5500000000001,2064
2026-07-29T15:50:00+00:00,188.5500000000001,188.79000000000008,188.16000000000008,188.2400000000001,2183
2026-07-29T15:55:00+00:00,188.2400000000001,188.6400000000001,188.1200000000001,188.5200000000001,2478
2026-07-29T16:00:00+00:00,188.5200000000001,188.7800000000001,187.8900000000001,188.00000000000009,2016
2026-07-29T16:05:00+00:00,188.00000000000009,188.0300000000001,187.47000000000008,187.8300000000001,2072
2026-07-29T16:10:00+00:00,187.8300000000001,188.13000000000008,187.5800000000001,187.5800000000001,1904
2026-07-29T16:15:00+00:00,187.5800000000001,187.8400000000001,187.35000000000008,187.7000000000001,1944
2026-07-29T16:20:00+00:00,187.7000000000001,188.35000000000008,187.5900000000001,188.13000000000008,2036
2026-07-29T16:25:00+00:00,188.13000000000008,188.3300000000001,188.00000000000009,188.26000000000008,1854
2026-07-29T16:30:00+00:00,188.26000000000008,188.69000000000008,188.1700000000001,188.2100000000001,2015
2026-07-29T16:35:00+00:00,188.2100000000001,188.6100000000001,187.9900000000001,188.54000000000008,1773
2026-07-29T16:40:00+00:00,188.54000000000008,188.5600000000001,188.0600000000001,188.3000000000001,1708
2026-07-29T16:45:00+00:00,188.3000000000001,188.63000000000008,188.1700000000001,188.57000000000008,1837
2026-07-29T16:50:00+00:00,188.57000000000008,188.8600000000001,188.3300000000001,188.6800000000001,1849
2026-07-29T16:55:00+00:00,188.6800000000001,188.7000000000001,188.3600000000001,188.66000000000008,1931
2026-07-29T17:00:00+00:00,188.66000000000008,189.10000000000008,188.54000000000008,189.04000000000008,2146
2026-07-29T17:05:00+00:00,189.04000000000008,189.3000000000001,188.8900000000001,189.2000000000001,1901
2026-07-29T17:10:00+00:00,189.2000000000001,189.66000000000008,189.07000000000008,189.6500000000001,2045
2026-07-29T17:15:00+00:00,189.6500000000001,189.7800000000001,189.25000000000009,189.35000000000008,2182
2026-07-29T17:20:00+00:00,189.35000000000008,189.6700000000001,189.2400000000001,189.2800000000001,1885
2026-07-29T17:25:00+00:00,189.2800000000001,189.3900000000001,188.8100000000001,188.8400000000001,1858
2026-07-29T17:30:00+00:00,188.8400000000001,189.04000000000008,188.4600000000001,188.8900000000001,2053
2026-07-29T17:35:00+00:00,188.8900000000001,188.9600000000001,188.50000000000009,188.8300000000001,1624
2026-07-29T17:40:00+00:00,188.8300000000001,189.01000000000008,188.6200000000001,188.7800000000001,1951
2026-07-29T17:45:00+00:00,188.7800000000001,188.9000000000001,188.41000000000008,188.82000000000008,1830
2026-07-29T17:50:00+00:00,188.82000000000008,189.2300000000001,188.8100000000001,188.9200000000001,1747
2026-07-29T17:55:00+00:00,188.9200000000001,189.0200000000001,188.6100000000001,188.9500000000001,1528
2026-07-29T18:00:00+00:00,188.9500000000001,190.44000000000008,188.9500000000001,189.6100000000001,4077
2026-07-29T18:05:00+00:00,189.6100000000001,190.7400000000001,189.5500000000001,190.5500000000001,3567
2026-07-29T18:10:00+00:00,190.5500000000001,190.7100000000001,189.3700000000001,189.51000000000008,3614
2026-07-29T18:15:00+00:00,189.51000000000008,190.00000000000009,189.0900000000001,189.3100000000001,2695
2026-07-29T18:20:00+00:00,189.3100000000001,189.85000000000008,189.0900000000001,189.69000000000008,2478
2026-07-29T18:25:00+00:00,189.69000000000008,189.9000000000001,189.4500000000001,189.9000000000001,2768
2026-07-29T18:30:00+00:00,189.9000000000001,190.2800000000001,189.4300000000001,189.76000000000008,3964
2026-07-29T18:35:00+00:00,189.76000000000008,191.16000000000008,189.5200000000001,190.88000000000008,3280
2026-07-29T18:40:00+00:00,190.88000000000008,192.2400000000001,190.8600000000001,192.1500000000001,3670
2026-07-29T18:45:00+00:00,192.1500000000001,192.79000000000008,191.91000000000008,192.6500000000001,3665
2026-07-29T18:50:00+00:00,192.6500000000001,192.8300000000001,192.25000000000009,192.7000000000001,3298
2026-07-29T18:55:00+00:00,192.7000000000001,192.8600000000001,192.1500000000001,192.6200000000001,3342
2026-07-29T19:00:00+00:00,192.6200000000001,193.0200000000001,192.04000000000008,192.32000000000008,3871
2026-07-29T19:05:00+00:00,192.32000000000008,192.3300000000001,191.1800000000001,191.22000000000008,3778
2026-07-29T19:10:00+00:00,191.22000000000008,191.82000000000008,190.9000000000001,191.5600000000001,3976
2026-07-29T19:15:00+00:00,191.5600000000001,191.82000000000008,190.66000000000008,190.9300000000001,3849
2026-07-29T19:20:00+00:00,190.9300000000001,190.9600000000001,189.60000000000008,189.8300000000001,4150
2026-07-29T19:25:00+00:00,189.8300000000001,190.0900000000001,189.25000000000009,190.07000000000008,3957
2026-07-29T19:30:00+00:00,190.07000000000008,190.4600000000001,188.60000000000008,188.9600000000001,3972
2026-07-29T19:35:00+00:00,188.9600000000001,189.25000000000009,188.07000000000008,188.1500000000001,3656
2026-07-29T19:40:00+00:00,188.1500000000001,188.69000000000008,187.7300000000001,188.1700000000001,4300
2026-07-29T19:45:00+00:00,188.1700000000001,189.00000000000009,187.8400000000001,188.8400000000001,4368
2026-07-29T19:50:00+00:00,188.8400000000001,188.85000000000008,187.91000000000008,188.0500000000001,3887
2026-07-29T19:55:00+00:00,188.0500000000001,188.0500000000001,186.7300000000001,186.79000000000008,4343
2026-07-30T13:30:00+00:00,186.79000000000008,190.0300000000001,186.79000000000008,188.82000000000008,2940
2026-07-30T13:35:00+00:00,188.82000000000008,189.26000000000008,188.2400000000001,189.22000000000008,3349
2026-07-30T13:40:00+00:00,189.22000000000008,189.3900000000001,188.6100000000001,189.1400000000001,3189
2026-07-30T13:45:00+00:00,189.1400000000001,190.22000000000008,189.0800000000001,190.0800000000001,3768
2026-07-30T13:50:00+00:00,190.0800000000001,191.00000000000009,189.6500000000001,190.8900000000001,3178
2026-07-30T13:55:00+00:00,190.8900000000001,192.26000000000008,190.7300000000001,192.22000000000008,3349
2026-07-30T14:00:00+00:00,192.22000000000008,193.0900000000001,192.2000000000001,192.82000000000008,3347
2026-07-30T14:05:00+00:00,192.82000000000008,193.0200000000001,191.7700000000001,191.9200000000001,2766
2026-07-30T14:10:00+00:00,191.9200000000001,192.5500000000001,191.6100000000001,192.4800000000001,3067
2026-07-30T14:15:00+00:00,192.4800000000001,192.66000000000008,192.00000000000009,192.3300000000001,2765
2026-07-30T14:20:00+00:00,192.3300000000001,193.5200000000001,192.2100000000001,193.25000000000009,2611
2026-07-30T14:25:00+00:00,193.25000000000009,193.8700000000001,193.00000000000009,193.51000000000008,2415
2026-07-30T14:30:00+00:00,193.51000000000008,193.9300000000001,193.2100000000001,193.9300000000001,2771
2026-07-30T14:35:00+00:00,193.9300000000001,193.9300000000001,192.7700000000001,192.9900000000001,2651
2026-07-30T14:40:00+00:00,192.9900000000001,193.3100000000001,192.60000000000008,192.6700000000001,2335
2026-07-30T14:45:00+00:00,192.6700000000001,192.6800000000001,191.7400000000001,192.3000000000001,2925
2026-07-30T14:50:00+00:00,192.3000000000001,192.3400000000001,191.4300000000001,191.5900000000001,2615
2026-07-30T14:55:00+00:00,191.5900000000001,191.7400000000001,190.94000000000008,191.54000000000008,2957
2026-07-30T15:00:00+00:00,191.54000000000008,191.8300000000001,191.0200000000001,191.8000000000001,3026
2026-07-30T15:05:00+00:00,191.8000000000001,192.01000000000008,191.2100000000001,191.9200000000001,3041
2026-07-30T15:10:00+00:00,191.9200000000001,191.94000000000008,190.75000000000009,190.9900000000001,2742
2026-07-30T15:15:00+00:00,190.9900000000001,191.22000000000008,190.4500000000001,190.4900000000001,2779
2026-07-30T15:20:00+00:00,190.4900000000001,190.9200000000001,190.2100000000001,190.5500000000001,2832
2026-07-30T15:25:00+00:00,190.5500000000001,190.8600000000001,190.1200000000001,190.19000000000008,2740
2026-07-30T15:30:00+00:00,190.19000000000008,190.3000000000001,189.8400000000001,190.10000000000008,2651
2026-07-30T15:35:00+00:00,190.10000000000008,190.2000000000001,189.54000000000008,189.8700000000001,2265
2026-07-30T15:40:00+00:00,189.8700000000001,190.1100000000001,189.6400000000001,189.8600000000001,2264
2026-07-30T15:45:00+00:00,189.8600000000001,190.2100000000001,189.8400000000001,190.1100000000001,2077
2026-07-30T15:50:00+00:00,190.1100000000001,190.1500000000001,189.4300000000001,189.8400000000001,2013
2026-07-30T15:55:00+00:00,189.8400000000001,190.0800000000001,189.63000000000008,189.82000000000008,1733
2026-07-30T16:00:00+00:00,189.82000000000008,190.79000000000008,189.5600000000001,190.6800000000001,1995
2026-07-30T16:05:00+00:00,190.6800000000001,190.9300000000001,190.57000000000008,190.7700000000001,1694
2026-07-30T16:10:00+00:00,190.7700000000001,191.07000000000008,190.72000000000008,190.9200000000001,1490
2026-07-30T16:15:00+00:00,190.9200000000001,191.0200000000001,190.4600000000001,190.47000000000008,1459
2026-07-30T16:20:00+00:00,190.47000000000008,190.75000000000009,190.3400000000001,190.57000000000008,1543
2026-07-30T16:25:00+00:00,190.57000000000008,190.7400000000001,190.50000000000009,190.50000000000009,1295
2026-07-30T16:30:00+00:00,190.50000000000009,190.6400000000001,190.2700000000001,190.5900000000001,1567
2026-07-30T16:35:00+00:00,190.5900000000001,190.7100000000001,190.22000000000008,190.22000000000008,1444
2026-07-30T16:40:00+00:00,190.22000000000008,190.22000000000008,189.3900000000001,189.5900000000001,1827
2026-07-30T16:45:00+00:00,189.5900000000001,190.2700000000001,189.5500000000001,190.1200000000001,1618
2026-07-30T16:50:00+00:00,190.1200000000001,190.2300000000001,189.75000000000009,190.0900000000001,1496
2026-07-30T16:55:00+00:00,190.0900000000001,190.1800000000001,189.94000000000008,190.10000000000008,1219
2026-07-30T17:00:00+00:00,190.10000000000008,190.60000000000008,190.10000000000008,190.5500000000001,1186
2026-07-30T17:05:00+00:00,190.5500000000001,190.7000000000001,190.1800000000001,190.2100000000001,1119
2026-07-30T17:10:00+00:00,190.2100000000001,190.3600000000001,190.1200000000001,190.22000000000008,1203
2026-07-30T17:15:00+00:00,190.22000000000008,190.69000000000008,190.13000000000008,190.6500000000001,1200
2026-07-30T17:20:00+00:00,190.6500000000001,190.69000000000008,190.4200000000001,190.5900000000001,939
2026-07-30T17:25:00+00:00,190.5900000000001,190.6200000000001,190.29000000000008,190.32000000000008,1038
2026-07-30T17:30:00+00:00,190.32000000000008,190.51000000000008,190.1200000000001,190.1700000000001,1036
2026-07-30T17:35:00+00:00,190.1700000000001,190.51000000000008,189.7700000000001,189.82000000000008,1594
2026-07-30T17:40:00+00:00,189.82000000000008,190.44000000000008,189.82000000000008,190.3700000000001,1327
2026-07-30T17:45:00+00:00,190.3700000000001,190.6800000000001,190.32000000000008,190.4900000000001,1108
2026-07-30T17:50:00+00:00,190.4900000000001,190.7300000000001,190.3700000000001,190.3900000000001,1033
2026-07-30T17:55:00+00:00,190.3900000000001,190.5900000000001,190.26000000000008,190.4500000000001,762
2026-07-30T18:00:00+00:00,190.4500000000001,190.7300000000001,190.4500000000001,190.4600000000001,895
2026-07-30T18:05:00+00:00,190.4600000000001,190.6700000000001,190.3900000000001,190.5900000000001,997
2026-07-30T18:10:00+00:00,190.5900000000001,190.6400000000001,190.2800000000001,190.38000000000008,779
2026-07-30T18:15:00+00:00,190.38000000000008,190.44000000000008,189.97000000000008,190.00000000000009,958
2026-07-30T18:20:00+00:00,190.00000000000009,190.2800000000001,189.94000000000008,190.2000000000001,942
2026-07-30T18:25:00+00:00,190.2000000000001,190.2800000000001,190.10000000000008,190.19000000000008,790
2026-07-30T18:30:00+00:00,190.19000000000008,190.54000000000008,190.07000000000008,190.13000000000008,944
2026-07-30T18:35:00+00:00,190.13000000000008,190.2000000000001,189.8400000000001,189.91000000000008,1001
2026-07-30T18:40:00+00:00,189.91000000000008,190.0900000000001,189.8300000000001,190.0300000000001,869
2026-07-30T18:45:00+00:00,190.0300000000001,190.44000000000008,190.01000000000008,190.4000000000001,856
2026-07-30T18:50:00+00:00,190.4000000000001,190.4600000000001,190.2400000000001,190.26000000000008,673
2026-07-30T18:55:00+00:00,190.26000000000008,190.2700000000001,189.9800000000001,190.25000000000009,810
2026-07-30T19:00:00+00:00,190.25000000000009,190.4300000000001,190.1200000000001,190.35000000000008,996
2026-07-30T19:05:00+00:00,190.35000000000008,191.2800000000001,190.3300000000001,191.1200000000001,1129
2026-07-30T19:10:00+00:00,191.1200000000001,191.4600000000001,191.0900000000001,191.29000000000008,1261
2026-07-30T19:15:00+00:00,191.29000000000008,191.63000000000008,191.13000000000008,191.51000000000008,1309
2026-07-30T19:20:00+00:00,191.51000000000008,191.54000000000008,191.01000000000008,191.0300000000001,1102
2026-07-30T19:25:00+00:00,191.0300000000001,191.04000000000008,190.69000000000008,190.76000000000008,1012
2026-07-30T19:30:00+00:00,190.76000000000008,190.9600000000001,190.69000000000008,190.8300000000001,1337
2026-07-30T19:35:00+00:00,190.8300000000001,191.0600000000001,190.72000000000008,191.0300000000001,1178
2026-07-30T19:40:00+00:00,191.0300000000001,191.5300000000001,191.00000000000009,191.4600000000001,1234
2026-07-30T19:45:00+00:00,191.4600000000001,191.7400000000001,191.4500000000001,191.6500000000001,1373
2026-07-30T19:50:00+00:00,191.6500000000001,192.0300000000001,191.3000000000001,191.8400000000001,2192
2026-07-30T19:55:00+00:00,191.8400000000001,191.9800000000001,191.4600000000001,191.82000000000008,2514
2026-07-31T13:30:00+00:00,191.82000000000008,196.3700000000001,191.82000000000008,196.22000000000008,2684
2026-07-31T13:35:00+00:00,196.22000000000008,196.7300000000001,195.1800000000001,195.2800000000001,3135
2026-07-31T13:40:00+00:00,195.2800000000001,196.26000000000008,194.13000000000008,194.19000000000008,3216
2026-07-31T13:45:00+00:00,194.19000000000008,195.19000000000008,193.7100000000001,194.3600000000001,3583
2026-07-31T13:50:00+00:00,194.3600000000001,194.9800000000001,194.1100000000001,194.50000000000009,3635
2026-07-31T13:55:00+00:00,194.50000000000009,195.00000000000009,194.2300000000001,194.38000000000008,2732
2026-07-31T14:00:00+00:00,194.38000000000008,194.54000000000008,192.8700000000001,192.8900000000001,3350
2026-07-31T14:05:00+00:00,192.8900000000001,193.63000000000008,192.19000000000008,192.38000000000008,3261
2026-07-31T14:10:00+00:00,192.38000000000008,192.6700000000001,191.6800000000001,192.16000000000008,3519
2026-07-31T14:15:00+00:00,192.16000000000008,193.1700000000001,191.75000000000009,192.7800000000001,3222
2026-07-31T14:20:00+00:00,192.7800000000001,193.9300000000001,192.54000000000008,193.50000000000009,3084
2026-07-31T14:25:00+00:00,193.50000000000009,193.8000000000001,192.6200000000001,193.69000000000008,2758
2026-07-31T14:30:00+00:00,193.69000000000008,194.2100000000001,193.4600000000001,193.79000000000008,2654
2026-07-31T14:35:00+00:00,193.79000000000008,194.6800000000001,193.7400000000001,194.38000000000008,2336
2026-07-31T14:40:00+00:00,194.38000000000008,194.76000000000008,193.9600000000001,194.5500000000001,2427
2026-07-31T14:45:00+00:00,194.5500000000001,195.4200000000001,194.26000000000008,195.3300000000001,2560
2026-07-31T14:50:00+00:00,195.3300000000001,195.6200000000001,194.91000000000008,194.94000000000008,2198
2026-07-31T14:55:00+00:00,194.94000000000008,195.1400000000001,194.29000000000008,194.82000000000008,2250
2026-07-31T15:00:00+00:00,194.82000000000008,195.04000000000008,194.0200000000001,194.4000000000001,2227
2026-07-31T15:05:00+00:00,194.4000000000001,194.5300000000001,193.94000000000008,194.22000000000008,2016
2026-07-31T15:10:00+00:00,194.22000000000008,194.2800000000001,193.3000000000001,193.8700000000001,2450
2026-07-31T15:15:00+00:00,193.8700000000001,194.63000000000008,193.29000000000008,193.35000000000008,2362
2026-07-31T15:20:00+00:00,193.35000000000008,193.3900000000001,192.4900000000001,192.57000000000008,2251
2026-07-31T15:25:00+00:00,192.57000000000008,192.6200000000001,192.01000000000008,192.32000000000008,2670
2026-07-31T15:30:00+00:00,192.32000000000008,192.63000000000008,191.9300000000001,192.4800000000001,2339
2026-07-31T15:35:00+00:00,192.4800000000001,193.3700000000001,192.4500000000001,193.19000000000008,2270
2026-07-31T15:40:00+00:00,193.19000000000008,193.3400000000001,192.5200000000001,192.85000000000008,1908
2026-07-31T15:45:00+00:00,192.85000000000008,192.97000000000008,192.3400000000001,192.6100000000001,1943
2026-07-31T15:50:00+00:00,192.6100000000001,193.2000000000001,192.5600000000001,193.0800000000001,1884
2026-07-31T15:55:00+00:00,193.0800000000001,193.19000000000008,192.72000000000008,192.9900000000001,1650
2026-07-31T16:00:00+00:00,192.9900000000001,193.50000000000009,192.9000000000001,193.3000000000001,1770
2026-07-31T16:05:00+00:00,193.3000000000001,193.4000000000001,192.8900000000001,193.3600000000001,1562
2026-07-31T16:10:00+00:00,193.3600000000001,193.50000000000009,193.16000000000008,193.3000000000001,1440
2026-07-31T16:15:00+00:00,193.3000000000001,193.3900000000001,192.8400000000001,193.25000000000009,1559
2026-07-31T16:20:00+00:00,193.25000000000009,194.26000000000008,193.2300000000001,194.1800000000001,1365
2026-07-31T16:25:00+00:00,194.1800000000001,194.72000000000008,193.9200000000001,194.72000000000008,1263
2026-07-31T16:30:00+00:00,194.72000000000008,194.9800000000001,194.4000000000001,194.7000000000001,1420
2026-07-31T16:35:00+00:00,194.7000000000001,194.9300000000001,194.54000000000008,194.6700000000001,1268
2026-07-31T16:40:00+00:00,194.6700000000001,194.7400000000001,194.19000000000008,194.38000000000008,1478
2026-07-31T16:45:00+00:00,194.38000000000008,194.6700000000001,194.29000000000008,194.66000000000008,1238
2026-07-31T16:50:00+00:00,194.66000000000008,195.1100000000001,194.5800000000001,194.8100000000001,1204
2026-07-31T16:55:00+00:00,194.8100000000001,195.22000000000008,194.79000000000008,194.91000000000008,1202
2026-07-31T17:00:00+00:00,194.91000000000008,195.3400000000001,194.82000000000008,195.2300000000001,1135
2026-07-31T17:05:00+00:00,195.2300000000001,195.2300000000001,194.8900000000001,195.0600000000001,1049
2026-07-31T17:10:00+00:00,195.0600000000001,195.5500000000001,195.00000000000009,195.4200000000001,1007
2026-07-31T17:15:00+00:00,195.4200000000001,195.8000000000001,195.3700000000001,195.72000000000008,952
2026-07-31T17:20:00+00:00,195.72000000000008,195.8600000000001,195.4200000000001,195.8300000000001,977
2026-07-31T17:25:00+00:00,195.8300000000001,196.0200000000001,195.75000000000009,195.9500000000001,1092
2026-07-31T17:30:00+00:00,195.9500000000001,196.1800000000001,195.8400000000001,196.07000000000008,1069
2026-07-31T17:35:00+00:00,196.07000000000008,196.6500000000001,195.9600000000001,195.9800000000001,1178
2026-07-31T17:40:00+00:00,195.9800000000001,196.16000000000008,195.88000000000008,196.04000000000008,1215
2026-07-31T17:45:00+00:00,196.04000000000008,196.2400000000001,195.66000000000008,195.85000000000008,1237
2026-07-31T17:50:00+00:00,195.85000000000008,196.3400000000001,195.79000000000008,196.1500000000001,1213
2026-07-31T17:55:00+00:00,196.1500000000001,196.41000000000008,196.10000000000008,196.2100000000001,930
2026-07-31T18:00:00+00:00,196.2100000000001,196.4900000000001,196.0600000000001,196.25000000000009,1173
2026-07-31T18:05:00+00:00,196.25000000000009,196.4600000000001,196.10000000000008,196.3000000000001,1122
2026-07-31T18:10:00+00:00,196.3000000000001,196.32000000000008,195.54000000000008,195.63000000000008,1356
2026-07-31T18:15:00+00:00,195.63000000000008,195.9300000000001,195.5600000000001,195.5800000000001,1227
2026-07-31T18:20:00+00:00,195.5800000000001,195.7800000000001,195.54000000000008,195.60000000000008,832
2026-07-31T18:25:00+00:00,195.60000000000008,195.6100000000001,195.1800000000001,195.2700000000001,1107
2026-07-31T18:30:00+00:00,195.2700000000001,195.5800000000001,195.2700000000001,195.4600000000001,956
2026-07-31T18:35:00+00:00,195.4600000000001,195.47000000000008,195.1700000000001,195.3900000000001,836
2026-07-31T18:40:00+00:00,195.3900000000001,195.50000000000009,195.29000000000008,195.4200000000001,732
2026-07-31T18:45:00+00:00,195.4200000000001,195.7700000000001,195.41000000000008,195.7400000000001,812
2026-07-31T18:50:00+00:00,195.7400000000001,196.01000000000008,195.72000000000008,195.85000000000008,820
2026-07-31T18:55:00+00:00,195.85000000000008,195.9600000000001,195.5300000000001,195.66000000000008,964
2026-07-31T19:00:00+00:00,195.66000000000008,195.8000000000001,195.3000000000001,195.3300000000001,1055
2026-07-31T19:05:00+00:00,195.3300000000001,195.4200000000001,194.9800000000001,195.0900000000001,1096
2026-07-31T19:10:00+00:00,195.0900000000001,195.4800000000001,194.9800000000001,195.4000000000001,921
2026-07-31T19:15:00+00:00,195.4000000000001,197.25000000000009,195.38000000000008,197.2300000000001,1478
2026-07-31T19:20:00+00:00,197.2300000000001,197.8000000000001,196.9200000000001,196.9500000000001,1602
2026-07-31T19:25:00+00:00,196.9500000000001,197.3100000000001,196.8000000000001,197.00000000000009,1262
2026-07-31T19:30:00+00:00,197.00000000000009,197.1500000000001,196.5900000000001,197.07000000000008,1545
2026-07-31T19:35:00+00:00,197.07000000000008,197.3400000000001,196.9900000000001,197.3100000000001,1280
2026-07-31T19:40:00+00:00,197.3100000000001,197.79000000000008,197.0200000000001,197.79000000000008,1370
2026-07-31T19:45:00+00:00,197.79000000000008,198.3100000000001,197.7300000000001,198.3100000000001,1714
2026-07-31T19:50:00+00:00,198.3100000000001,198.63000000000008,197.91000000000008,198.4900000000001,2287
2026-07-31T19:55:00+00:00,198.4900000000001,198.6500000000001,197.35000000000008,197.5600000000001,3091
2026-08-03T13:30:00+00:00,197.5600000000001,197.5600000000001,193.5600000000001,196.16000000000008,2424
2026-08-03T13:35:00+00:00,196.16000000000008,196.4800000000001,195.4600000000001,195.8100000000001,3319
2026-08-03T13:40:00+00:00,195.8100000000001,195.88000000000008,194.79000000000008,195.5300000000001,3045
2026-08-03T13:45:00+00:00,195.5300000000001,196.63000000000008,195.29000000000008,196.4200000000001,3151
2026-08-03T13:50:00+00:00,196.4200000000001,196.9200000000001,196.04000000000008,196.9000000000001,3121
2026-08-03T13:55:00+00:00,196.9000000000001,199.04000000000008,196.6400000000001,198.9500000000001,2914
2026-08-03T14:00:00+00:00,198.9500000000001,199.41000000000008,198.2100000000001,199.0900000000001,3281
2026-08-03T14:05:00+00:00,199.0900000000001,200.7400000000001,198.8000000000001,200.63000000000008,3239
2026-08-03T14:10:00+00:00,200.63000000000008,202.3000000000001,200.5900000000001,200.9200000000001,2919
2026-08-03T14:15:00+00:00,200.9200000000001,201.9200000000001,200.6400000000001,201.07000000000008,2661
2026-08-03T14:20:00+00:00,201.07000000000008,202.3900000000001,200.9300000000001,202.13000000000008,2552
2026-08-03T14:25:00+00:00,202.13000000000008,202.35000000000008,201.44000000000008,202.07000000000008,2068
2026-08-03T14:30:00+00:00,202.07000000000008,202.4500000000001,201.50000000000009,202.1700000000001,2061
2026-08-03T14:35:00+00:00,202.1700000000001,202.9800000000001,202.0500000000001,202.5800000000001,2079
2026-08-03T14:40:00+00:00,202.5800000000001,203.0500000000001,202.2100000000001,202.7100000000001,2065
2026-08-03T14:45:00+00:00,202.7100000000001,203.0800000000001,202.41000000000008,202.8600000000001,1903
2026-08-03T14:50:00+00:00,202.8600000000001,203.26000000000008,202.7000000000001,202.8300000000001,1862
2026-08-03T14:55:00+00:00,202.8300000000001,203.3000000000001,202.76000000000008,202.97000000000008,1962
2026-08-03T15:00:00+00:00,202.97000000000008,203.7700000000001,202.7800000000001,203.7700000000001,1913
2026-08-03T15:05:00+00:00,203.7700000000001,203.9000000000001,203.10000000000008,203.16000000000008,2021
2026-08-03T15:10:00+00:00,203.16000000000008,203.79000000000008,202.9200000000001,203.35000000000008,1823
2026-08-03T15:15:00+00:00,203.35000000000008,203.9300000000001,203.3000000000001,203.6700000000001,1657
2026-08-03T15:20:00+00:00,203.6700000000001,204.0900000000001,203.50000000000009,203.6700000000001,1720
2026-08-03T15:25:00+00:00,203.6700000000001,203.91000000000008,203.0900000000001,203.1100000000001,2020
2026-08-03T15:30:00+00:00,203.1100000000001,203.94000000000008,203.10000000000008,203.75000000000009,1937
2026-08-03T15:35:00+00:00,203.75000000000009,203.7700000000001,202.9600000000001,203.25000000000009,1705
2026-08-03T15:40:00+00:00,203.25000000000009,203.5600000000001,203.2100000000001,203.3400000000001,1512
2026-08-03T15:45:00+00:00,203.3400000000001,203.69000000000008,203.3000000000001,203.6100000000001,1259
2026-08-03T15:50:00+00:00,203.6100000000001,203.82000000000008,203.47000000000008,203.6800000000001,1299
2026-08-03T15:55:00+00:00,203.6800000000001,203.8900000000001,203.4300000000001,203.50000000000009,1374
2026-08-03T16:00:00+00:00,203.50000000000009,203.6200000000001,203.3100000000001,203.5300000000001,1322
2026-08-03T16:05:00+00:00,203.5300000000001,203.8000000000001,203.4300000000001,203.7800000000001,1291
2026-08-03T16:10:00+00:00,203.7800000000001,203.94000000000008,203.6100000000001,203.8400000000001,1142
2026-08-03T16:15:00+00:00,203.8400000000001,204.1200000000001,203.7300000000001,203.88000000000008,1179
2026-08-03T16:20:00+00:00,203.88000000000008,204.19000000000008,203.7000000000001,203.7700000000001,1139
2026-08-03T16:25:00+00:00,203.7700000000001,203.9800000000001,203.60000000000008,203.76000000000008,1085
2026-08-03T16:30:00+00:00,203.76000000000008,203.8100000000001,203.3900000000001,203.5800000000001,1128
2026-08-03T16:35:00+00:00,203.5800000000001,203.8300000000001,203.44000000000008,203.6700000000001,1133
2026-08-03T16:40:00+00:00,203.6700000000001,203.8300000000001,203.41000000000008,203.7800000000001,1011
2026-08-03T16:45:00+00:00,203.7800000000001,204.0300000000001,203.63000000000008,203.8000000000001,865
2026-08-03T16:50:00+00:00,203.8000000000001,203.9500000000001,203.6100000000001,203.6800000000001,881
2026-08-03T16:55:00+00:00,203.6800000000001,203.8300000000001,203.5500000000001,203.6100000000001,809
2026-08-03T17:00:00+00:00,203.6100000000001,203.8400000000001,203.50000000000009,203.7700000000001,1034
2026-08-03T17:05:00+00:00,203.7700000000001,203.97000000000008,203.6200000000001,203.85000000000008,977
2026-08-03T17:10:00+00:00,203.85000000000008,204.3300000000001,203.8300000000001,204.2400000000001,1016
2026-08-03T17:15:00+00:00,204.2400000000001,204.5800000000001,204.0600000000001,204.5500000000001,952
2026-08-03T17:20:00+00:00,204.5500000000001,205.04000000000008,204.3900000000001,204.9900000000001,971
2026-08-03T17:25:00+00:00,204.9900000000001,205.38000000000008,204.9000000000001,205.3100000000001,928
2026-08-03T17:30:00+00:00,205.3100000000001,205.41000000000008,205.0300000000001,205.38000000000008,1054
2026-08-03T17:35:00+00:00,205.38000000000008,205.3900000000001,204.63000000000008,204.6400000000001,989
2026-08-03T17:40:00+00:00,204.6400000000001,204.6800000000001,204.38000000000008,204.6500000000001,886
2026-08-03T17:45:00+00:00,204.6500000000001,204.7000000000001,204.3600000000001,204.51000000000008,763
2026-08-03T17:50:00+00:00,204.51000000000008,204.69000000000008,204.4000000000001,204.69000000000008,813
2026-08-03T17:55:00+00:00,204.69000000000008,205.1400000000001,204.69000000000008,204.82000000000008,1036
2026-08-03T18:00:00+00:00,204.82000000000008,205.1500000000001,204.7700000000001,205.07000000000008,1176
2026-08-03T18:05:00+00:00,205.07000000000008,205.26000000000008,204.94000000000008,205.2100000000001,998
2026-08-03T18:10:00+00:00,205.2100000000001,205.44000000000008,204.9600000000001,204.97000000000008,1139
2026-08-03T18:15:00+00:00,204.97000000000008,205.22000000000008,204.7100000000001,204.76000000000008,1000
2026-08-03T18:20:00+00:00,204.76000000000008,204.91000000000008,204.4000000000001,204.75000000000009,1088
2026-08-03T18:25:00+00:00,204.75000000000009,204.82000000000008,204.26000000000008,204.3900000000001,999
2026-08-03T18:30:00+00:00,204.3900000000001,204.5800000000001,204.29000000000008,204.3900000000001,1122
2026-08-03T18:35:00+00:00,204.3900000000001,204.6100000000001,204.3400000000001,204.54000000000008,1082
2026-08-03T18:40:00+00:00,204.54000000000008,204.7800000000001,204.50000000000009,204.7000000000001,1006
2026-08-03T18:45:00+00:00,204.7000000000001,204.82000000000008,204.4600000000001,204.6100000000001,1083
2026-08-03T18:50:00+00:00,204.6100000000001,204.76000000000008,204.50000000000009,204.6100000000001,820
2026-08-03T18:55:00+00:00,204.6100000000001,204.88000000000008,204.38000000000008,204.8600000000001,941
2026-08-03T19:00:00+00:00,204.8600000000001,205.35000000000008,204.8300000000001,205.3400000000001,1247
2026-08-03T19:05:00+00:00,205.3400000000001,205.4200000000001,204.88000000000008,205.0600000000001,1251
2026-08-03T19:10:00+00:00,205.0600000000001,205.13000000000008,204.3300000000001,204.4300000000001,1183
2026-08-03T19:15:00+00:00,204.4300000000001,204.8100000000001,204.3700000000001,204.75000000000009,1278
2026-08-03T19:20:00+00:00,204.75000000000009,204.79000000000008,204.5900000000001,204.6700000000001,882
2026-08-03T19:25:00+00:00,204.6700000000001,204.8400000000001,204.4900000000001,204.5500000000001,1037
2026-08-03T19:30:00+00:00,204.5500000000001,204.63000000000008,204.2100000000001,204.3700000000001,1263
2026-08-03T19:35:00+00:00,204.3700000000001,204.5300000000001,203.91000000000008,203.9500000000001,1131
2026-08-03T19:40:00+00:00,203.9500000000001,204.1800000000001,203.8000000000001,203.97000000000008,1207
2026-08-03T19:45:00+00:00,203.97000000000008,204.1400000000001,203.8000000000001,203.8600000000001,1099
2026-08-03T19:50:00+00:00,203.8600000000001,204.00000000000009,202.63000000000008,202.88000000000008,1982
2026-08-03T19:55:00+00:00,202.88000000000008,203.47000000000008,202.7000000000001,203.3900000000001,2287
2026-08-04T13:30:00+00:00,203.3900000000001,208.85000000000008,203.3900000000001,207.57000000000008,2858
2026-08-04T13:35:00+00:00,207.57000000000008,208.41000000000008,207.22000000000008,207.6500000000001,3109
2026-08-04T13:40:00+00:00,207.6500000000001,208.13000000000008,207.4800000000001,207.9000000000001,2562
2026-08-04T13:45:00+00:00,207.9000000000001,208.7800000000001,207.3900000000001,207.4800000000001,2901
2026-08-04T13:50:00+00:00,207.4800000000001,207.94000000000008,207.2300000000001,207.6100000000001,2359
2026-08-04T13:55:00+00:00,207.6100000000001,207.6200000000001,205.8900000000001,206.69000000000008,2167
2026-08-04T14:00:00+00:00,206.69000000000008,206.9600000000001,206.4800000000001,206.69000000000008,2331
2026-08-04T14:05:00+00:00,206.69000000000008,207.54000000000008,206.5900000000001,207.0500000000001,2146
2026-08-04T14:10:00+00:00,207.0500000000001,207.1200000000001,206.6500000000001,206.9200000000001,1963
2026-08-04T14:15:00+00:00,206.9200000000001,206.9900000000001,206.3100000000001,206.4200000000001,2121
2026-08-04T14:20:00+00:00,206.4200000000001,206.44000000000008,205.8000000000001,206.2800000000001,2286
2026-08-04T14:25:00+00:00,206.2800000000001,207.0800000000001,206.1700000000001,206.9500000000001,2068
2026-08-04T14:30:00+00:00,206.9500000000001,206.9600000000001,206.4800000000001,206.8700000000001,2134
2026-08-04T14:35:00+00:00,206.8700000000001,207.4300000000001,206.85000000000008,207.01000000000008,2349
2026-08-04T14:40:00+00:00,207.01000000000008,207.0300000000001,206.5300000000001,206.8300000000001,2023
2026-08-04T14:45:00+00:00,206.8300000000001,207.72000000000008,206.7000000000001,207.6100000000001,1899
2026-08-04T14:50:00+00:00,207.6100000000001,207.72000000000008,206.07000000000008,206.3300000000001,1959
2026-08-04T14:55:00+00:00,206.3300000000001,206.44000000000008,205.75000000000009,206.26000000000008,1834
2026-08-04T15:00:00+00:00,206.26000000000008,206.7400000000001,206.2000000000001,206.5900000000001,1681
2026-08-04T15:05:00+00:00,206.5900000000001,206.6700000000001,206.41000000000008,206.4500000000001,1485
2026-08-04T15:10:00+00:00,206.4500000000001,206.8100000000001,206.2700000000001,206.75000000000009,1411
2026-08-04T15:15:00+00:00,206.75000000000009,206.9600000000001,206.63000000000008,206.91000000000008,1478
2026-08-04T15:20:00+00:00,206.91000000000008,207.1400000000001,206.69000000000008,206.79000000000008,1341
2026-08-04T15:25:00+00:00,206.79000000000008,206.82000000000008,206.54000000000008,206.6100000000001,1197
2026-08-04T15:30:00+00:00,206.6100000000001,206.6800000000001,206.3100000000001,206.4900000000001,1264
2026-08-04T15:35:00+00:00,206.4900000000001,206.9800000000001,206.38000000000008,206.91000000000008,1597
2026-08-04T15:40:00+00:00,206.91000000000008,207.35000000000008,206.88000000000008,207.3400000000001,1352
2026-08-04T15:45:00+00:00,207.3400000000001,207.6500000000001,207.29000000000008,207.3400000000001,1312
2026-08-04T15:50:00+00:00,207.3400000000001,207.5600000000001,207.26000000000008,207.41000000000008,1253
2026-08-04T15:55:00+00:00,207.41000000000008,207.6100000000001,207.3700000000001,207.4900000000001,1163
2026-08-04T16:00:00+00:00,207.4900000000001,207.5300000000001,207.1700000000001,207.35000000000008,1168
2026-08-04T16:05:00+00:00,207.35000000000008,207.4900000000001,207.13000000000008,207.1800000000001,1143
2026-08-04T16:10:00+00:00,207.1800000000001,207.3300000000001,207.0600000000001,207.2100000000001,1153
2026-08-04T16:15:00+00:00,207.2100000000001,207.5900000000001,207.16000000000008,207.5900000000001,1114
2026-08-04T16:20:00+00:00,207.5900000000001,207.6100000000001,207.2100000000001,207.2100000000001,1050
2026-08-04T16:25:00+00:00,207.2100000000001,207.3400000000001,206.8600000000001,206.9200000000001,994
2026-08-04T16:30:00+00:00,206.9200000000001,207.13000000000008,206.72000000000008,206.7300000000001,986
2026-08-04T16:35:00+00:00,206.7300000000001,207.04000000000008,206.6500000000001,206.9000000000001,957
2026-08-04T16:40:00+00:00,206.9000000000001,207.2700000000001,206.8100000000001,207.19000000000008,1019
2026-08-04T16:45:00+00:00,207.19000000000008,207.2700000000001,207.07000000000008,207.1800000000001,1020
2026-08-04T16:50:00+00:00,207.1800000000001,207.4900000000001,207.1400000000001,207.44000000000008,990
2026-08-04T16:55:00+00:00,207.44000000000008,207.47000000000008,207.2300000000001,207.3400000000001,963
2026-08-04T17:00:00+00:00,207.3400000000001,207.8000000000001,207.29000000000008,207.8000000000001,1072
2026-08-04T17:05:00+00:00,207.8000000000001,208.0900000000001,207.7300000000001,207.9600000000001,1169
2026-08-04T17:10:00+00:00,207.9600000000001,208.00000000000009,207.8000000000001,207.9900000000001,992
2026-08-04T17:15:00+00:00,207.9900000000001,208.13000000000008,207.8700000000001,208.07000000000008,1165
2026-08-04T17:20:00+00:00,208.07000000000008,208.2000000000001,207.88000000000008,208.01000000000008,1078
2026-08-04T17:25:00+00:00,208.01000000000008,208.35000000000008,207.9600000000001,208.1700000000001,1011
2026-08-04T17:30:00+00:00,208.1700000000001,208.1700000000001,207.8700000000001,208.0500000000001,1121
2026-08-04T17:35:00+00:00,208.0500000000001,208.50000000000009,207.9600000000001,208.4300000000001,959
2026-08-04T17:40:00+00:00,208.4300000000001,208.60000000000008,208.29000000000008,208.47000000000008,951
2026-08-04T17:45:00+00:00,208.47000000000008,208.8300000000001,208.44000000000008,208.63000000000008,1283
2026-08-04T17:50:00+00:00,208.63000000000008,208.63000000000008,208.10000000000008,208.41000000000008,1661
2026-08-04T17:55:00+00:00,208.41000000000008,208.5600000000001,208.16000000000008,208.1800000000001,1375
2026-08-04T18:00:00+00:00,208.1800000000001,208.35000000000008,207.76000000000008,207.8300000000001,1813
2026-08-04T18:05:00+00:00,207.8300000000001,208.2300000000001,207.7300000000001,208.1700000000001,1399
2026-08-04T18:10:00+00:00,208.1700000000001,208.38000000000008,208.0300000000001,208.38000000000008,1259
2026-08-04T18:15:00+00:00,208.38000000000008,208.6400000000001,208.3600000000001,208.6100000000001,1254
2026-08-04T18:20:00+00:00,208.6100000000001,208.9000000000001,208.5600000000001,208.85000000000008,1287
2026-08-04T18:25:00+00:00,208.85000000000008,209.35000000000008,208.85000000000008,209.2800000000001,1238
2026-08-04T18:30:00+00:00,209.2800000000001,209.51000000000008,209.26000000000008,209.4800000000001,1133
2026-08-04T18:35:00+00:00,209.4800000000001,209.7000000000001,209.22000000000008,209.35000000000008,1274
2026-08-04T18:40:00+00:00,209.35000000000008,209.35000000000008,208.8900000000001,209.0300000000001,1368
2026-08-04T18:45:00+00:00,209.0300000000001,209.5500000000001,208.9500000000001,209.51000000000008,1305
2026-08-04T18:50:00+00:00,209.51000000000008,209.6400000000001,209.4200000000001,209.5600000000001,1050
2026-08-04T18:55:00+00:00,209.5600000000001,209.7000000000001,209.4300000000001,209.63000000000008,975
2026-08-04T19:00:00+00:00,209.63000000000008,209.7400000000001,209.51000000000008,209.7300000000001,1336
2026-08-04T19:05:00+00:00,209.7300000000001,209.76000000000008,209.4300000000001,209.66000000000008,1241
2026-08-04T19:10:00+00:00,209.66000000000008,209.6700000000001,209.25000000000009,209.38000000000008,1190
2026-08-04T19:15:00+00:00,209.38000000000008,209.6400000000001,209.3100000000001,209.50000000000009,1116
2026-08-04T19:20:00+00:00,209.50000000000009,209.5900000000001,209.4000000000001,209.44000000000008,1068
2026-08-04T19:25:00+00:00,209.44000000000008,209.50000000000009,209.00000000000009,209.1800000000001,1535
2026-08-04T19:30:00+00:00,209.1800000000001,209.50000000000009,209.0200000000001,209.3100000000001,1641
2026-08-04T19:35:00+00:00,209.3100000000001,209.5200000000001,209.1200000000001,209.51000000000008,1305
2026-08-04T19:40:00+00:00,209.51000000000008,209.66000000000008,209.4500000000001,209.5500000000001,1254
2026-08-04T19:45:00+00:00,209.5500000000001,209.69000000000008,209.2800000000001,209.35000000000008,1491
2026-08-04T19:50:00+00:00,209.35000000000008,209.4800000000001,208.63000000000008,208.72000000000008,2084
2026-08-04T19:55:00+00:00,208.72000000000008,209.16000000000008,208.2400000000001,208.5500000000001,2324
2026-08-05T13:30:00+00:00,208.5500000000001,216.2700000000001,208.5500000000001,215.0900000000001,3370
2026-08-05T13:35:00+00:00,215.0900000000001,217.7700000000001,214.9500000000001,217.7100000000001,4102
2026-08-05T13:40:00+00:00,217.7100000000001,218.4600000000001,216.50000000000009,216.54000000000008,3254
2026-08-05T13:45:00+00:00,216.54000000000008,217.6500000000001,215.54000000000008,217.2800000000001,2984
2026-08-05T13:50:00+00:00,217.2800000000001,217.3300000000001,216.0600000000001,216.4600000000001,2726
2026-08-05T13:55:00+00:00,216.4600000000001,218.04000000000008,216.1400000000001,217.82000000000008,2018
2026-08-05T14:00:00+00:00,217.82000000000008,217.9500000000001,216.79000000000008,217.54000000000008,2921
2026-08-05T14:05:00+00:00,217.54000000000008,218.5300000000001,217.4000000000001,218.3100000000001,2728
2026-08-05T14:10:00+00:00,218.3100000000001,218.8600000000001,217.7000000000001,218.6400000000001,2593
2026-08-05T14:15:00+00:00,218.6400000000001,218.9300000000001,218.1500000000001,218.26000000000008,2279
2026-08-05T14:20:00+00:00,218.26000000000008,218.41000000000008,217.5500000000001,218.3600000000001,2520
2026-08-05T14:25:00+00:00,218.3600000000001,218.6800000000001,217.41000000000008,217.4300000000001,2342
2026-08-05T14:30:00+00:00,217.4300000000001,217.44000000000008,216.4200000000001,217.01000000000008,2851
2026-08-05T14:35:00+00:00,217.01000000000008,217.3700000000001,216.3300000000001,216.51000000000008,2527
2026-08-05T14:40:00+00:00,216.51000000000008,217.00000000000009,216.25000000000009,216.5800000000001,2415
2026-08-05T14:45:00+00:00,216.5800000000001,216.9500000000001,216.2700000000001,216.6400000000001,2242
2026-08-05T14:50:00+00:00,216.6400000000001,216.79000000000008,215.04000000000008,215.5800000000001,2391
2026-08-05T14:55:00+00:00,215.5800000000001,216.1800000000001,215.10000000000008,215.51000000000008,2109.7978142076504
2026-08-05T15:00:00+00:00,215.51000000000008,216.16000000000005,215.47000000000006,215.87000000000006,2065
2026-08-05T15:05:00+00:00,215.87000000000006,216.24000000000007,215.64000000000007,216.04000000000005,1893
2026-08-05T15:10:00+00:00,216.04000000000005,216.53000000000006,215.86000000000007,216.09000000000006,1949
2026-08-05T15:15:00+00:00,216.09000000000006,216.21000000000006,215.29000000000005,215.94000000000005,1977
2026-08-05T15:20:00+00:00,215.94000000000005,216.41000000000005,215.48000000000008,215.80000000000007,1663
2026-08-05T15:25:00+00:00,215.80000000000007,216.17000000000007,215.53000000000006,215.83000000000007,1585
2026-08-05T15:30:00+00:00,215.83000000000007,216.91000000000005,215.81000000000006,216.40000000000006,2016
2026-08-05T15:35:00+00:00,216.40000000000006,217.02000000000007,216.39000000000007,216.94000000000005,1969
2026-08-05T15:40:00+00:00,216.94000000000005,217.06000000000006,216.50000000000006,216.67000000000007,1915
2026-08-05T15:45:00+00:00,216.67000000000007,216.74000000000007,216.30000000000007,216.35000000000005,1790
2026-08-05T15:50:00+00:00,216.35000000000005,216.48000000000008,215.75000000000006,216.01000000000008,1716
2026-08-05T15:55:00+00:00,216.01000000000008,216.03000000000006,215.18000000000006,215.79000000000005,2004
2026-08-05T16:00:00+00:00,215.79000000000005,216.68000000000006,215.73000000000008,216.47000000000006,2528
2026-08-05T16:05:00+00:00,216.47000000000006,216.65000000000006,215.68000000000006,215.94000000000005,1941
2026-08-05T16:10:00+00:00,215.94000000000005,216.28000000000006,215.71000000000006,216.23000000000008,1794
2026-08-05T16:15:00+00:00,216.23000000000008,217.13000000000005,216.19000000000005,216.54000000000005,1786
2026-08-05T16:20:00+00:00,216.54000000000005,217.48000000000008,216.47000000000006,217.43000000000006,1712
2026-08-05T16:25:00+00:00,217.43000000000006,218.10000000000005,217.42000000000007,217.90000000000006,1622
2026-08-05T16:30:00+00:00,217.90000000000006,218.23000000000008,217.83000000000007,218.03000000000006,1728
2026-08-05T16:35:00+00:00,218.03000000000006,218.08000000000007,217.78000000000006,217.93000000000006,1561
2026-08-05T16:40:00+00:00,217.93000000000006,218.26000000000008,217.80000000000007,217.89000000000007,1458
2026-08-05T16:45:00+00:00,217.89000000000007,218.29000000000005,217.80000000000007,218.10000000000005,1490
2026-08-05T16:50:00+00:00,218.10000000000005,218.33000000000007,218.03000000000006,218.30000000000007,1443
2026-08-05T16:55:00+00:00,218.30000000000007,218.31000000000006,217.94000000000005,218.06000000000006,1381
2026-08-05T17:00:00+00:00,218.06000000000006,218.21000000000006,217.50000000000006,217.51000000000008,1407
2026-08-05T17:05:00+00:00,217.51000000000008,217.78000000000006,217.33000000000007,217.70000000000007,1458
2026-08-05T17:10:00+00:00,217.70000000000007,218.18000000000006,217.56000000000006,218.12000000000006,1449
2026-08-05T17:15:00+00:00,218.12000000000006,218.31000000000006,217.95000000000007,217.96000000000006,1229
2026-08-05T17:20:00+00:00,217.96000000000006,218.16000000000005,217.80000000000007,218.15000000000006,1271
2026-08-05T17:25:00+00:00,218.15000000000006,218.29000000000005,217.74000000000007,217.79000000000005,1161
2026-08-05T17:30:00+00:00,217.79000000000005,218.01000000000008,217.53000000000006,217.76000000000008,1304
2026-08-05T17:35:00+00:00,217.76000000000008,217.91000000000005,217.67000000000007,217.77000000000007,1065
2026-08-05T17:40:00+00:00,217.77000000000007,218.18000000000006,217.77000000000007,218.02000000000007,1046
2026-08-05T17:45:00+00:00,218.02000000000007,218.02000000000007,217.59000000000006,217.84000000000006,952
2026-08-05T17:50:00+00:00,217.84000000000006,217.95000000000007,217.61000000000007,217.71000000000006,965
2026-08-05T17:55:00+00:00,217.71000000000006,217.71000000000006,217.41000000000005,217.53000000000006,1034
2026-08-05T18:00:00+00:00,217.53000000000006,217.80000000000007,217.47000000000006,217.71000000000006,991
2026-08-05T18:05:00+00:00,217.71000000000006,217.71000000000006,217.31000000000006,217.46000000000006,1055
2026-08-05T18:10:00+00:00,217.46000000000006,218.00000000000006,217.42000000000007,217.79000000000005,1001
2026-08-05T18:15:00+00:00,217.79000000000005,218.22000000000006,217.63000000000005,218.14000000000007,937
2026-08-05T18:20:00+00:00,218.14000000000007,218.34000000000006,218.09000000000006,218.32000000000005,885
2026-08-05T18:25:00+00:00,218.32000000000005,218.54000000000005,218.25000000000006,218.47000000000006,873
2026-08-05T18:30:00+00:00,218.47000000000006,218.48000000000008,217.88000000000005,218.27000000000007,1272
2026-08-05T18:35:00+00:00,218.27000000000007,218.64000000000007,218.26000000000008,218.39000000000007,1010
2026-08-05T18:40:00+00:00,218.39000000000007,218.52000000000007,218.30000000000007,218.49000000000007,993
2026-08-05T18:45:00+00:00,218.49000000000007,218.65000000000006,218.33000000000007,218.50000000000006,954
2026-08-05T18:50:00+00:00,218.50000000000006,218.55000000000007,218.23000000000008,218.27000000000007,805
2026-08-05T18:55:00+00:00,218.27000000000007,218.50000000000006,218.01000000000008,218.45000000000007,961
2026-08-05T19:00:00+00:00,218.45000000000007,218.92000000000007,218.40000000000006,218.73000000000008,1180
2026-08-05T19:05:00+00:00,218.73000000000008,218.88000000000005,218.59000000000006,218.65000000000006,864
2026-08-05T19:10:00+00:00,218.65000000000006,218.69000000000005,218.42000000000007,218.62000000000006,837
2026-08-05T19:15:00+00:00,218.62000000000006,218.66000000000005,218.34000000000006,218.49000000000007,1024
2026-08-05T19:20:00+00:00,218.49000000000007,218.77000000000007,218.47000000000006,218.61000000000007,945
2026-08-05T19:25:00+00:00,218.61000000000007,218.82000000000005,218.54000000000005,218.57000000000005,1090
2026-08-05T19:30:00+00:00,218.57000000000005,218.60000000000005,217.71000000000006,217.73000000000008,1919
2026-08-05T19:35:00+00:00,217.73000000000008,217.88000000000005,217.34000000000006,217.38000000000005,1445
2026-08-05T19:40:00+00:00,217.38000000000005,217.73000000000008,216.88000000000005,216.99000000000007,1439
2026-08-05T19:45:00+00:00,216.99000000000007,217.06000000000006,216.50000000000006,216.90000000000006,1751
2026-08-05T19:50:00+00:00,216.90000000000006,217.17000000000007,216.75000000000006,216.99000000000007,1785
2026-08-05T19:55:00+00:00,216.99000000000007,217.01000000000008,215.55000000000007,215.94000000000005,2861
2026-08-06T13:30:00+00:00,215.94000000000005,218.91000000000005,215.94000000000005,218.90000000000006,2654
2026-08-06T13:35:00+00:00,218.90000000000006,220.12000000000006,218.88000000000005,219.32000000000005,3256
2026-08-06T13:40:00+00:00,219.32000000000005,220.24000000000007,218.51000000000008,218.78000000000006,3173
2026-08-06T13:45:00+00:00,218.78000000000006,220.36000000000007,218.78000000000006,220.24000000000007,2568
2026-08-06T13:50:00+00:00,220.24000000000007,220.30000000000007,219.40000000000006,219.55000000000007,2310
2026-08-06T13:55:00+00:00,219.55000000000007,219.79000000000005,218.75000000000006,218.90000000000006,2469
2026-08-06T14:00:00+00:00,218.90000000000006,219.33000000000007,218.35000000000005,218.66000000000005,2428
2026-08-06T14:05:00+00:00,218.66000000000005,218.77000000000007,218.15000000000006,218.54000000000005,2056
2026-08-06T14:10:00+00:00,218.54000000000005,218.71000000000006,218.02000000000007,218.04000000000005,1808
2026-08-06T14:15:00+00:00,218.04000000000005,218.58000000000007,217.65000000000006,217.65000000000006,1904
2026-08-06T14:20:00+00:00,217.65000000000006,218.08000000000007,216.97000000000006,217.07000000000005,1952
2026-08-06T14:25:00+00:00,217.07000000000005,217.18000000000006,216.06000000000006,216.46000000000006,2420
2026-08-06T14:30:00+00:00,216.46000000000006,216.68000000000006,215.89000000000007,216.48000000000008,2479
2026-08-06T14:35:00+00:00,216.48000000000008,216.65000000000006,215.65000000000006,215.71000000000006,2309
2026-08-06T14:40:00+00:00,215.71000000000006,216.56000000000006,215.66000000000005,215.92000000000007,2028
2026-08-06T14:45:00+00:00,215.92000000000007,216.29000000000005,215.57000000000005,216.12000000000006,2024
2026-08-06T14:50:00+00:00,216.12000000000006,216.33000000000007,215.65000000000006,216.12000000000006,1967
2026-08-06T14:55:00+00:00,216.12000000000006,216.51000000000008,215.73000000000008,215.83000000000007,1914
2026-08-06T15:00:00+00:00,215.83000000000007,216.04000000000005,214.48000000000008,214.56000000000006,2104
2026-08-06T15:05:00+00:00,214.56000000000006,215.20000000000007,214.44000000000005,214.89000000000007,1862
2026-08-06T15:10:00+00:00,214.89000000000007,215.39000000000007,214.78000000000006,215.07000000000005,1750
2026-08-06T15:15:00+00:00,215.07000000000005,215.08000000000007,214.57000000000005,214.72000000000006,1890
2026-08-06T15:20:00+00:00,214.72000000000006,214.93000000000006,214.43000000000006,214.66000000000005,1999
2026-08-06T15:25:00+00:00,214.66000000000005,215.13000000000005,214.60000000000005,214.95000000000007,1799
2026-08-06T15:30:00+00:00,214.95000000000007,215.15000000000006,214.38000000000005,214.43000000000006,2329
2026-08-06T15:35:00+00:00,214.43000000000006,214.62000000000006,214.04000000000005,214.40000000000006,2200
2026-08-06T15:40:00+00:00,214.40000000000006,214.60000000000005,214.07000000000005,214.12000000000006,2015
2026-08-06T15:45:00+00:00,214.12000000000006,214.89000000000007,214.07000000000005,214.56000000000006,2042
2026-08-06T15:50:00+00:00,214.56000000000006,214.82000000000005,213.99000000000007,214.08000000000007,2295
2026-08-06T15:55:00+00:00,214.08000000000007,214.89000000000007,214.00000000000006,214.63000000000005,2612
2026-08-06T16:00:00+00:00,214.63000000000005,214.69000000000005,214.16000000000005,214.44000000000005,2384
2026-08-06T16:05:00+00:00,214.44000000000005,215.11000000000007,214.36000000000007,215.01000000000008,2189
2026-08-06T16:10:00+00:00,215.01000000000008,215.38000000000005,215.01000000000008,215.09000000000006,1721
2026-08-06T16:15:00+00:00,215.09000000000006,215.50000000000006,214.79000000000005,215.37000000000006,2133
2026-08-06T16:20:00+00:00,215.37000000000006,215.82000000000005,215.17000000000007,215.81000000000006,2021
2026-08-06T16:25:00+00:00,215.81000000000006,215.83000000000007,215.24000000000007,215.27000000000007,1926
2026-08-06T16:30:00+00:00,215.27000000000007,215.79000000000005,215.22000000000006,215.64000000000007,1921
2026-08-06T16:35:00+00:00,215.64000000000007,215.91000000000005,215.60000000000005,215.90000000000006,1675
2026-08-06T16:40:00+00:00,215.90000000000006,216.04000000000005,215.60000000000005,215.65000000000006,1764
2026-08-06T16:45:00+00:00,215.65000000000006,215.96000000000006,215.24000000000007,215.81000000000006,1306
2026-08-06T16:50:00+00:00,215.81000000000006,216.04000000000005,215.67000000000007,215.69000000000005,1325
2026-08-06T16:55:00+00:00,215.69000000000005,216.18000000000006,215.61000000000007,216.10000000000005,1053
2026-08-06T17:00:00+00:00,216.10000000000005,216.41000000000005,216.00000000000006,216.04000000000005,1218
2026-08-06T17:05:00+00:00,216.04000000000005,216.48000000000008,216.00000000000006,216.26000000000008,1129
2026-08-06T17:10:00+00:00,216.26000000000008,216.35000000000005,216.00000000000006,216.03000000000006,1145
2026-08-06T17:15:00+00:00,216.03000000000006,216.37000000000006,215.94000000000005,216.28000000000006,1088
2026-08-06T17:20:00+00:00,216.28000000000006,216.44000000000005,215.88000000000005,215.88000000000005,1083
2026-08-06T17:25:00+00:00,215.88000000000005,216.17000000000007,215.71000000000006,215.71000000000006,982
2026-08-06T17:30:00+00:00,215.71000000000006,215.96000000000006,215.69000000000005,215.72000000000006,1075
2026-08-06T17:35:00+00:00,215.72000000000006,215.97000000000006,215.65000000000006,215.71000000000006,984
2026-08-06T17:40:00+00:00,215.71000000000006,215.76000000000008,215.29000000000005,215.49000000000007,1258
2026-08-06T17:45:00+00:00,215.49000000000007,215.63000000000005,215.41000000000005,215.46000000000006,1004
2026-08-06T17:50:00+00:00,215.46000000000006,216.07000000000005,215.38000000000005,216.01000000000008,966
2026-08-06T17:55:00+00:00,216.01000000000008,216.36000000000007,215.86000000000007,216.35000000000005,952
2026-08-06T18:00:00+00:00,216.35000000000005,216.60000000000005,216.18000000000006,216.59000000000006,1043
2026-08-06T18:05:00+00:00,216.59000000000006,216.71000000000006,216.31000000000006,216.40000000000006,981
2026-08-06T18:10:00+00:00,216.40000000000006,216.81000000000006,216.27000000000007,216.75000000000006,936
2026-08-06T18:15:00+00:00,216.75000000000006,217.20000000000007,216.20000000000007,217.10000000000005,1426
2026-08-06T18:20:00+00:00,217.10000000000005,217.40000000000006,217.06000000000006,217.32000000000005,980
2026-08-06T18:25:00+00:00,217.32000000000005,217.37000000000006,217.06000000000006,217.14000000000007,895
2026-08-06T18:30:00+00:00,217.14000000000007,217.20000000000007,216.53000000000006,216.53000000000006,1011
2026-08-06T18:35:00+00:00,216.53000000000006,216.79000000000005,216.47000000000006,216.53000000000006,874
2026-08-06T18:40:00+00:00,216.53000000000006,216.63000000000005,216.21000000000006,216.56000000000006,909
2026-08-06T18:45:00+00:00,216.56000000000006,216.70000000000007,216.30000000000007,216.30000000000007,935
2026-08-06T18:50:00+00:00,216.30000000000007,216.41000000000005,216.13000000000005,216.24000000000007,942
2026-08-06T18:55:00+00:00,216.24000000000007,216.45000000000007,216.15000000000006,216.22000000000006,910
2026-08-06T19:00:00+00:00,216.22000000000006,216.82000000000005,216.22000000000006,216.80000000000007,1069
2026-08-06T19:05:00+00:00,216.80000000000007,216.83000000000007,216.41000000000005,216.73000000000008,877
2026-08-06T19:10:00+00:00,216.73000000000008,217.09000000000006,216.49000000000007,216.54000000000005,966
2026-08-06T19:15:00+00:00,216.54000000000005,216.61000000000007,216.16000000000005,216.26000000000008,1101
2026-08-06T19:20:00+00:00,216.26000000000008,216.85000000000005,216.22000000000006,216.44000000000005,1071
2026-08-06T19:25:00+00:00,216.44000000000005,216.74000000000007,216.34000000000006,216.57000000000005,1274
2026-08-06T19:30:00+00:00,216.57000000000005,217.00000000000006,216.41000000000005,216.99000000000007,1190
2026-08-06T19:35:00+00:00,216.99000000000007,217.03000000000006,216.69000000000005,216.72000000000006,1077
2026-08-06T19:40:00+00:00,216.72000000000006,216.88000000000005,216.44000000000005,216.59000000000006,1168
2026-08-06T19:45:00+00:00,216.59000000000006,216.65000000000006,216.24000000000007,216.40000000000006,1332
2026-08-06T19:50:00+00:00,216.40000000000006,216.41000000000005,215.30000000000007,215.68000000000006,2120
2026-08-06T19:55:00+00:00,215.68000000000006,216.28000000000006,215.34000000000006,215.61000000000007,2435
2026-08-07T13:30:00+00:00,215.61000000000007,219.70000000000007,215.61000000000007,219.69000000000005,2915
2026-08-07T13:35:00+00:00,219.69000000000005,219.83000000000007,218.29000000000005,218.41000000000005,3546
2026-08-07T13:40:00+00:00,218.41000000000005,219.25000000000006,218.02000000000007,218.99000000000007,3214
2026-08-07T13:45:00+00:00,218.99000000000007,219.34000000000006,218.53000000000006,218.90000000000006,2942
2026-08-07T13:50:00+00:00,218.90000000000006,219.89000000000007,218.84000000000006,219.50000000000006,3025
2026-08-07T13:55:00+00:00,219.50000000000006,219.60000000000005,218.48000000000008,219.23000000000008,3327
2026-08-07T14:00:00+00:00,219.23000000000008,219.51000000000008,218.63000000000005,218.63000000000005,3658
2026-08-07T14:05:00+00:00,218.63000000000005,219.53000000000006,218.48000000000008,218.85000000000005,3451
2026-08-07T14:10:00+00:00,218.85000000000005,218.99000000000007,217.66000000000005,218.14000000000007,3312
2026-08-07T14:15:00+00:00,218.14000000000007,219.05000000000007,217.90000000000006,219.04000000000005,3264
2026-08-07T14:20:00+00:00,219.04000000000005,219.16000000000005,218.57000000000005,218.69000000000005,2888
2026-08-07T14:25:00+00:00,218.69000000000005,220.18000000000006,218.69000000000005,220.07000000000005,2660
2026-08-07T14:30:00+00:00,220.07000000000005,220.28000000000006,219.50000000000006,219.98000000000008,3258
2026-08-07T14:35:00+00:00,219.98000000000008,220.22000000000006,219.49000000000007,219.68000000000006,3421
2026-08-07T14:40:00+00:00,219.68000000000006,220.10000000000005,219.40000000000006,219.54000000000005,3171
2026-08-07T14:45:00+00:00,219.54000000000005,220.32000000000005,219.46000000000006,220.22000000000006,3155
2026-08-07T14:50:00+00:00,220.22000000000006,220.50000000000006,219.79000000000005,219.81000000000006,3051
2026-08-07T14:55:00+00:00,219.81000000000006,220.29000000000005,219.72000000000006,219.91000000000005,2918
2026-08-07T15:00:00+00:00,219.91000000000005,220.48000000000008,219.85000000000005,220.29000000000005,2603
2026-08-07T15:05:00+00:00,220.29000000000005,220.47000000000006,220.20000000000007,220.35000000000005,2035
2026-08-07T15:10:00+00:00,220.35000000000005,220.70000000000007,220.00000000000006,220.29000000000005,2081
2026-08-07T15:15:00+00:00,220.29000000000005,220.69000000000005,220.20000000000007,220.56000000000006,2036
2026-08-07T15:20:00+00:00,220.56000000000006,221.09000000000006,220.48000000000008,221.03000000000006,1794
2026-08-07T15:25:00+00:00,221.03000000000006,221.38000000000005,220.87000000000006,220.94000000000005,1809
2026-08-07T15:30:00+00:00,220.94000000000005,221.50000000000006,220.94000000000005,221.41000000000005,1663
2026-08-07T15:35:00+00:00,221.41000000000005,221.45000000000007,220.98000000000008,221.10000000000005,1827
2026-08-07T15:40:00+00:00,221.10000000000005,221.24000000000007,220.80000000000007,221.08000000000007,2015
2026-08-07T15:45:00+00:00,221.08000000000007,221.31000000000006,220.97000000000006,221.26000000000008,1631
2026-08-07T15:50:00+00:00,221.26000000000008,221.42000000000007,220.56000000000006,220.71000000000006,1751
2026-08-07T15:55:00+00:00,220.71000000000006,220.72000000000006,220.32000000000005,220.56000000000006,1604
2026-08-07T16:00:00+00:00,220.56000000000006,220.59000000000006,220.08000000000007,220.19000000000005,2001
2026-08-07T16:05:00+00:00,220.19000000000005,220.24000000000007,219.97000000000006,220.10000000000005,1655
2026-08-07T16:10:00+00:00,220.10000000000005,220.46000000000006,220.08000000000007,220.32000000000005,1690
2026-08-07T16:15:00+00:00,220.32000000000005,220.38000000000005,219.97000000000006,220.07000000000005,1815
2026-08-07T16:20:00+00:00,220.07000000000005,220.17000000000007,219.46000000000006,219.48000000000008,2100
2026-08-07T16:25:00+00:00,219.48000000000008,219.51000000000008,218.99000000000007,219.19000000000005,2591
2026-08-07T16:30:00+00:00,219.19000000000005,219.29000000000005,218.68000000000006,219.19000000000005,2532
2026-08-07T16:35:00+00:00,219.19000000000005,219.37000000000006,219.01000000000008,219.21000000000006,1805
2026-08-07T16:40:00+00:00,219.21000000000006,219.35000000000005,219.07000000000005,219.14000000000007,1589
2026-08-07T16:45:00+00:00,219.14000000000007,219.28000000000006,219.06000000000006,219.18000000000006,1545
2026-08-07T16:50:00+00:00,219.18000000000006,219.34000000000006,218.88000000000005,218.91000000000005,1470
2026-08-07T16:55:00+00:00,218.91000000000005,219.06000000000006,218.61000000000007,218.61000000000007,1522
2026-08-07T17:00:00+00:00,218.61000000000007,218.82000000000005,218.46000000000006,218.76000000000008,1707
2026-08-07T17:05:00+00:00,218.76000000000008,219.07000000000005,218.66000000000005,218.89000000000007,1665
2026-08-07T17:10:00+00:00,218.89000000000007,218.96000000000006,218.44000000000005,218.53000000000006,1381
2026-08-07T17:15:00+00:00,218.53000000000006,218.78000000000006,218.48000000000008,218.76000000000008,1333
2026-08-07T17:20:00+00:00,218.76000000000008,218.83000000000007,218.40000000000006,218.40000000000006,1375
2026-08-07T17:25:00+00:00,218.40000000000006,218.71000000000006,218.29000000000005,218.56000000000006,1224
2026-08-07T17:30:00+00:00,218.56000000000006,218.70000000000007,218.41000000000005,218.50000000000006,1372
2026-08-07T17:35:00+00:00,218.50000000000006,218.98000000000008,218.48000000000008,218.92000000000007,998
2026-08-07T17:40:00+00:00,218.92000000000007,219.09000000000006,218.79000000000005,218.80000000000007,1093
2026-08-07T17:45:00+00:00,218.80000000000007,219.08000000000007,218.66000000000005,219.01000000000008,1054
2026-08-07T17:50:00+00:00,219.01000000000008,219.09000000000006,218.78000000000006,218.89000000000007,1104
2026-08-07T17:55:00+00:00,218.89000000000007,219.08000000000007,218.78000000000006,218.80000000000007,869
2026-08-07T18:00:00+00:00,218.80000000000007,219.01000000000008,218.79000000000005,218.90000000000006,1027
2026-08-07T18:05:00+00:00,218.90000000000006,219.09000000000006,218.76000000000008,219.04000000000005,966
2026-08-07T18:10:00+00:00,219.04000000000005,219.08000000000007,218.59000000000006,218.66000000000005,994
2026-08-07T18:15:00+00:00,218.66000000000005,218.78000000000006,218.57000000000005,218.75000000000006,1125
2026-08-07T18:20:00+00:00,218.75000000000006,218.88000000000005,218.62000000000006,218.69000000000005,1026
2026-08-07T18:25:00+00:00,218.69000000000005,218.88000000000005,218.57000000000005,218.69000000000005,976
2026-08-07T18:30:00+00:00,218.69000000000005,218.84000000000006,218.59000000000006,218.60000000000005,1007
2026-08-07T18:35:00+00:00,218.60000000000005,218.83000000000007,218.49000000000007,218.75000000000006,1115
2026-08-07T18:40:00+00:00,218.75000000000006,218.79000000000008,218.60000000000008,218.60000000000008,832
2026-08-07T18:45:00+00:00,218.60000000000008,218.86000000000007,218.59000000000006,218.84000000000006,1100
2026-08-07T18:50:00+00:00,218.84000000000006,219.13000000000008,218.81000000000006,218.99000000000007,917
2026-08-07T18:55:00+00:00,218.99000000000007,219.05000000000007,218.77000000000007,219.00000000000009,1018
2026-08-07T19:00:00+00:00,219.00000000000009,219.51000000000008,219.00000000000009,219.04000000000008,1625
2026-08-07T19:05:00+00:00,219.04000000000008,219.36000000000007,219.03000000000006,219.33000000000007,1263
2026-08-07T19:10:00+00:00,219.33000000000007,219.72000000000008,219.33000000000007,219.59000000000006,1242
2026-08-07T19:15:00+00:00,219.59000000000006,219.86000000000007,219.55000000000007,219.55000000000007,1444
2026-08-07T19:20:00+00:00,219.55000000000007,219.79000000000008,219.50000000000009,219.54000000000008,1370
2026-08-07T19:25:00+00:00,219.54000000000008,219.77000000000007,219.50000000000009,219.76000000000008,1155
2026-08-07T19:30:00+00:00,219.76000000000008,219.77000000000007,219.13000000000008,219.23000000000008,1572
2026-08-07T19:35:00+00:00,219.23000000000008,219.85000000000008,219.19000000000008,219.70000000000007,1232
2026-08-07T19:40:00+00:00,219.70000000000007,219.82000000000008,219.59000000000006,219.66000000000008,1197
2026-08-07T19:45:00+00:00,219.66000000000008,219.75000000000009,219.37000000000006,219.58000000000007,1339
2026-08-07T19:50:00+00:00,219.58000000000007,220.13000000000008,219.55000000000007,220.13000000000008,1446
2026-08-07T19:55:00+00:00,220.13000000000008,220.93000000000006,220.06000000000006,220.64000000000007,2109
2026-08-10T13:30:00+00:00,220.64000000000007,220.82000000000008,219.12000000000006,219.46000000000006,2772
2026-08-10T13:35:00+00:00,219.46000000000006,220.67000000000007,219.28000000000006,219.69000000000008,3334
2026-08-10T13:40:00+00:00,219.69000000000008,219.86000000000007,219.22000000000008,219.71000000000006,2970
2026-08-10T13:45:00+00:00,219.71000000000006,220.20000000000007,219.54000000000008,219.83000000000007,2869
2026-08-10T13:50:00+00:00,219.83000000000007,219.88000000000008,218.94000000000008,219.02000000000007,2615
2026-08-10T13:55:00+00:00,219.02000000000007,219.23000000000008,218.48000000000008,218.79000000000008,2433
2026-08-10T14:00:00+00:00,218.79000000000008,219.12000000000006,218.17000000000007,218.47000000000008,2272
2026-08-10T14:05:00+00:00,218.47000000000008,218.64000000000007,218.38000000000008,218.54000000000008,1913
2026-08-10T14:10:00+00:00,218.54000000000008,218.95000000000007,218.29000000000008,218.82000000000008,1925
2026-08-10T14:15:00+00:00,218.82000000000008,219.10000000000008,217.92000000000007,217.95000000000007,1861
2026-08-10T14:20:00+00:00,217.95000000000007,218.14000000000007,217.07000000000008,217.19000000000008,1763
2026-08-10T14:25:00+00:00,217.19000000000008,217.67000000000007,216.90000000000006,217.12000000000006,1934
2026-08-10T14:30:00+00:00,217.12000000000006,217.23000000000008,216.81000000000006,216.92000000000007,2203
2026-08-10T14:35:00+00:00,216.92000000000007,217.35000000000008,216.90000000000006,217.15000000000006,2194
2026-08-10T14:40:00+00:00,217.15000000000006,217.32000000000008,216.97000000000008,217.21000000000006,1931
2026-08-10T14:45:00+00:00,217.21000000000006,217.87000000000006,217.16000000000008,217.64000000000007,1713
2026-08-10T14:50:00+00:00,217.64000000000007,217.77000000000007,216.74000000000007,216.81000000000006,2114
2026-08-10T14:55:00+00:00,216.81000000000006,216.92000000000007,216.24000000000007,216.31000000000006,2384
2026-08-10T15:00:00+00:00,216.31000000000006,216.58000000000007,216.03000000000006,216.29000000000008,2279
2026-08-10T15:05:00+00:00,216.29000000000008,216.52000000000007,216.04000000000008,216.07000000000008,1764
2026-08-10T15:10:00+00:00,216.07000000000008,216.29000000000008,215.64000000000007,215.87000000000006,1905
2026-08-10T15:15:00+00:00,215.87000000000006,216.21000000000006,215.73000000000008,215.82000000000008,1900
2026-08-10T15:20:00+00:00,215.82000000000008,215.98000000000008,215.73000000000008,215.91000000000008,1742
2026-08-10T15:25:00+00:00,215.91000000000008,216.24000000000007,215.75000000000009,216.15000000000006,1744
2026-08-10T15:30:00+00:00,216.15000000000006,216.21000000000006,215.77000000000007,215.77000000000007,1707
2026-08-10T15:35:00+00:00,215.77000000000007,215.86000000000007,215.49000000000007,215.60000000000008,1611
2026-08-10T15:40:00+00:00,215.60000000000008,216.41000000000008,215.47000000000008,216.37000000000006,1650
2026-08-10T15:45:00+00:00,216.37000000000006,216.54000000000008,215.77000000000007,215.80000000000007,1496
2026-08-10T15:50:00+00:00,215.80000000000007,216.19000000000008,215.72000000000008,216.09000000000006,1346
2026-08-10T15:55:00+00:00,216.09000000000006,216.41000000000008,216.01000000000008,216.34000000000006,1184
2026-08-10T16:00:00+00:00,216.34000000000006,216.62000000000006,216.25000000000009,216.52000000000007,1297
2026-08-10T16:05:00+00:00,216.52000000000007,216.56000000000006,216.14000000000007,216.50000000000009,1277
2026-08-10T16:10:00+00:00,216.50000000000009,216.57000000000008,216.31000000000006,216.46000000000006,1179
2026-08-10T16:15:00+00:00,216.46000000000006,216.87000000000006,216.36000000000007,216.54000000000008,1369
2026-08-10T16:20:00+00:00,216.54000000000008,217.06000000000006,216.42000000000007,216.60000000000008,1347
2026-08-10T16:25:00+00:00,216.60000000000008,217.25000000000009,215.06000000000006,215.06000000000006,1968
2026-08-10T16:30:00+00:00,215.06000000000006,215.38000000000008,214.41000000000008,214.60000000000008,2307
2026-08-10T16:35:00+00:00,214.60000000000008,214.61000000000007,213.49000000000007,213.71000000000006,2005
2026-08-10T16:40:00+00:00,213.71000000000006,213.99000000000007,213.49000000000007,213.89000000000007,1973
2026-08-10T16:45:00+00:00,213.89000000000007,214.22000000000008,213.77000000000007,214.19000000000008,1727
2026-08-10T16:50:00+00:00,214.19000000000008,214.31000000000006,213.62000000000006,213.73000000000008,1312
2026-08-10T16:55:00+00:00,213.73000000000008,214.34000000000006,213.58000000000007,214.34000000000006,1500
2026-08-10T17:00:00+00:00,214.34000000000006,214.52000000000007,213.95000000000007,214.08000000000007,1599
2026-08-10T17:05:00+00:00,214.08000000000007,214.94000000000008,214.04000000000008,214.87000000000006,1414
2026-08-10T17:10:00+00:00,214.87000000000006,215.39000000000007,214.79000000000008,215.36000000000007,1358
2026-08-10T17:15:00+00:00,215.36000000000007,215.61000000000007,215.30000000000007,215.50000000000009,1185
2026-08-10T17:20:00+00:00,215.50000000000009,215.70000000000007,215.29000000000008,215.31000000000006,1011
2026-08-10T17:25:00+00:00,215.31000000000006,215.39000000000007,215.08000000000007,215.20000000000007,1050
2026-08-10T17:30:00+00:00,215.20000000000007,215.76000000000008,215.15000000000006,215.27000000000007,1163
2026-08-10T17:35:00+00:00,215.27000000000007,215.29000000000008,214.54000000000008,215.03000000000006,1221
2026-08-10T17:40:00+00:00,215.03000000000006,215.17000000000007,214.69000000000008,214.91000000000008,1044
2026-08-10T17:45:00+00:00,214.91000000000008,215.06000000000006,214.85000000000008,214.93000000000006,844
2026-08-10T17:50:00+00:00,214.93000000000006,215.13000000000008,214.79000000000008,215.04000000000008,935
2026-08-10T17:55:00+00:00,215.04000000000008,215.15000000000006,214.92000000000007,215.03000000000006,856
2026-08-10T18:00:00+00:00,215.03000000000006,215.33000000000007,214.99000000000007,215.28000000000006,978
2026-08-10T18:05:00+00:00,215.28000000000006,215.52000000000007,215.21000000000006,215.34000000000006,898
2026-08-10T18:10:00+00:00,215.34000000000006,215.57000000000008,215.32000000000008,215.41000000000008,962
2026-08-10T18:15:00+00:00,215.41000000000008,215.43000000000006,215.03000000000006,215.15000000000006,878
2026-08-10T18:20:00+00:00,215.15000000000006,215.27000000000007,215.12000000000006,215.20000000000007,753
2026-08-10T18:25:00+00:00,215.20000000000007,215.38000000000008,215.16000000000008,215.27000000000007,685
2026-08-10T18:30:00+00:00,215.27000000000007,215.40000000000006,215.12000000000006,215.24000000000007,893
2026-08-10T18:35:00+00:00,215.24000000000007,215.36000000000007,215.08000000000007,215.30000000000007,745
2026-08-10T18:40:00+00:00,215.30000000000007,215.57000000000008,215.29000000000008,215.53000000000006,658
2026-08-10T18:45:00+00:00,215.53000000000006,215.62000000000006,215.30000000000007,215.36000000000007,602
2026-08-10T18:50:00+00:00,215.36000000000007,215.53000000000006,215.34000000000006,215.45000000000007,539
2026-08-10T18:55:00+00:00,215.45000000000007,215.83000000000007,215.35000000000008,215.73000000000008,666
2026-08-10T19:00:00+00:00,215.73000000000008,216.00000000000009,215.64000000000007,215.83000000000007,821
2026-08-10T19:05:00+00:00,215.83000000000007,216.13000000000008,215.77000000000007,215.99000000000007,901
2026-08-10T19:10:00+00:00,215.99000000000007,216.18000000000006,215.86000000000007,216.01000000000008,817
2026-08-10T19:15:00+00:00,216.01000000000008,216.12000000000006,215.59000000000006,215.60000000000008,917
2026-08-10T19:20:00+00:00,215.60000000000008,215.96000000000006,215.48000000000008,215.92000000000007,1044
2026-08-10T19:25:00+00:00,215.92000000000007,215.95000000000007,215.65000000000006,215.86000000000007,917
2026-08-10T19:30:00+00:00,215.86000000000007,215.94000000000008,215.64000000000007,215.70000000000007,1381
2026-08-10T19:35:00+00:00,215.70000000000007,215.85000000000008,215.65000000000006,215.77000000000007,1145
2026-08-10T19:40:00+00:00,215.77000000000007,215.86000000000007,215.53000000000006,215.59000000000006,1177
2026-08-10T19:45:00+00:00,215.59000000000006,215.65000000000006,215.38000000000008,215.60000000000008,1417
2026-08-10T19:50:00+00:00,215.60000000000008,215.60000000000008,214.39000000000007,214.41000000000008,2064
2026-08-10T19:55:00+00:00,214.41000000000008,214.75000000000009,214.08000000000007,214.29000000000008,2620
2026-08-11T13:30:00+00:00,214.29000000000008,218.81000000000006,214.29000000000008,217.53000000000006,2799
2026-08-11T13:35:00+00:00,217.53000000000006,217.57000000000008,215.97000000000008,216.54000000000008,2818
2026-08-11T13:40:00+00:00,216.54000000000008,217.73000000000008,216.52000000000007,217.29000000000008,2450
2026-08-11T13:45:00+00:00,217.29000000000008,217.29000000000008,216.49000000000007,216.79000000000008,2824
2026-08-11T13:50:00+00:00,216.79000000000008,217.01000000000008,215.92000000000007,216.08000000000007,2462
2026-08-11T13:55:00+00:00,216.08000000000007,216.68000000000006,215.55000000000007,216.61000000000007,2429
2026-08-11T14:00:00+00:00,216.61000000000007,216.61000000000007,216.15000000000006,216.27000000000007,2267
2026-08-11T14:05:00+00:00,216.27000000000007,216.80000000000007,216.17000000000007,216.58000000000007,2281
2026-08-11T14:10:00+00:00,216.58000000000007,216.85000000000008,216.50000000000009,216.65000000000006,1973
2026-08-11T14:15:00+00:00,216.65000000000006,217.03000000000006,216.05000000000007,216.06000000000006,2332
2026-08-11T14:20:00+00:00,216.06000000000006,216.33000000000007,215.93000000000006,216.31000000000006,1996
2026-08-11T14:25:00+00:00,216.31000000000006,216.83000000000007,216.00000000000009,216.29000000000008,1789
2026-08-11T14:30:00+00:00,216.29000000000008,216.39000000000007,215.82000000000008,216.09000000000006,1954
2026-08-11T14:35:00+00:00,216.09000000000006,216.22000000000008,215.57000000000008,215.68000000000006,1940
2026-08-11T14:40:00+00:00,215.68000000000006,215.98000000000008,215.58000000000007,215.61000000000007,1893
2026-08-11T14:45:00+00:00,215.61000000000007,216.29000000000008,215.55000000000007,216.16000000000008,1658
2026-08-11T14:50:00+00:00,216.16000000000008,216.57000000000008,215.84000000000006,216.51000000000008,1707
2026-08-11T14:55:00+00:00,216.51000000000008,217.29000000000008,216.44000000000008,216.53000000000006,1526
2026-08-11T15:00:00+00:00,216.53000000000006,216.56000000000006,216.32000000000008,216.42000000000007,1428
2026-08-11T15:05:00+00:00,216.42000000000007,216.43000000000006,215.91000000000008,215.93000000000006,1766
2026-08-11T15:10:00+00:00,215.93000000000006,216.08000000000007,215.50000000000009,215.52000000000007,1791
2026-08-11T15:15:00+00:00,215.52000000000007,215.63000000000008,215.19000000000008,215.52000000000007,1662
2026-08-11T15:20:00+00:00,215.52000000000007,215.78000000000006,215.43000000000006,215.62000000000006,1394
2026-08-11T15:25:00+00:00,215.62000000000006,216.05000000000007,215.57000000000008,215.80000000000007,1185
2026-08-11T15:30:00+00:00,215.80000000000007,216.10000000000008,215.77000000000007,215.91000000000008,1453
2026-08-11T15:35:00+00:00,215.91000000000008,215.93000000000006,215.57000000000008,215.62000000000006,1224
2026-08-11T15:40:00+00:00,215.62000000000006,215.73000000000008,215.42000000000007,215.55000000000007,1203
2026-08-11T15:45:00+00:00,215.55000000000007,215.55000000000007,215.16000000000008,215.21000000000006,1070
2026-08-11T15:50:00+00:00,215.21000000000006,215.43000000000006,215.17000000000007,215.21000000000006,983
2026-08-11T15:55:00+00:00,215.21000000000006,215.36000000000007,215.13000000000008,215.21000000000006,1008
2026-08-11T16:00:00+00:00,215.21000000000006,215.31000000000006,215.02000000000007,215.11000000000007,1008
2026-08-11T16:05:00+00:00,215.11000000000007,215.26000000000008,214.96000000000006,215.06000000000006,955
2026-08-11T16:10:00+00:00,215.06000000000006,215.31000000000006,214.97000000000008,215.16000000000008,993
2026-08-11T16:15:00+00:00,215.16000000000008,215.34000000000006,215.15000000000006,215.20000000000007,795
2026-08-11T16:20:00+00:00,215.20000000000007,215.33000000000007,215.08000000000007,215.13000000000008,898
2026-08-11T16:25:00+00:00,215.13000000000008,215.46000000000006,214.98000000000008,215.38000000000008,975
2026-08-11T16:30:00+00:00,215.38000000000008,215.69000000000008,215.37000000000006,215.57000000000008,1006
2026-08-11T16:35:00+00:00,215.57000000000008,215.99000000000007,215.56000000000006,215.97000000000008,888
2026-08-11T16:40:00+00:00,215.97000000000008,215.97000000000008,215.47000000000008,215.55000000000007,924
2026-08-11T16:45:00+00:00,215.55000000000007,215.61000000000007,214.77000000000007,214.83000000000007,1151
2026-08-11T16:50:00+00:00,214.83000000000007,214.93000000000006,214.53000000000006,214.57000000000008,1139
2026-08-11T16:55:00+00:00,214.57000000000008,214.62000000000006,214.39000000000007,214.44000000000008,962
2026-08-11T17:00:00+00:00,214.44000000000008,214.53000000000006,214.27000000000007,214.28000000000006,1110
2026-08-11T17:05:00+00:00,214.28000000000006,214.52000000000007,214.19000000000008,214.19000000000008,869
2026-08-11T17:10:00+00:00,214.19000000000008,214.20000000000007,213.45000000000007,213.51000000000008,1447
2026-08-11T17:15:00+00:00,213.51000000000008,213.85000000000008,213.44000000000008,213.82000000000008,952
2026-08-11T17:20:00+00:00,213.82000000000008,214.28000000000006,213.67000000000007,214.00000000000009,1270
2026-08-11T17:25:00+00:00,214.00000000000009,214.13000000000008,213.83000000000007,214.02000000000007,961
2026-08-11T17:30:00+00:00,214.02000000000007,214.08000000000007,213.65000000000006,213.94000000000008,1023
2026-08-11T17:35:00+00:00,213.94000000000008,214.18000000000006,213.77000000000007,213.90000000000006,1161
2026-08-11T17:40:00+00:00,213.90000000000006,214.28000000000006,213.87000000000006,214.25000000000009,865
2026-08-11T17:45:00+00:00,214.25000000000009,214.55000000000007,214.21000000000006,214.42000000000007,848
2026-08-11T17:50:00+00:00,214.42000000000007,214.54000000000008,214.26000000000008,214.48000000000008,696
2026-08-11T17:55:00+00:00,214.48000000000008,214.57000000000008,214.37000000000006,214.46000000000006,706
2026-08-11T18:00:00+00:00,214.46000000000006,214.50000000000009,214.24000000000007,214.25000000000009,921
2026-08-11T18:05:00+00:00,214.25000000000009,214.31000000000006,213.74000000000007,213.88000000000008,1010
2026-08-11T18:10:00+00:00,213.88000000000008,213.92000000000007,213.76000000000008,213.84000000000006,850
2026-08-11T18:15:00+00:00,213.84000000000006,213.86000000000007,213.52000000000007,213.65000000000006,872
2026-08-11T18:20:00+00:00,213.65000000000006,213.72000000000008,213.32000000000008,213.49000000000007,1026
2026-08-11T18:25:00+00:00,213.49000000000007,213.56000000000006,213.01000000000008,213.20000000000007,1230
2026-08-11T18:30:00+00:00,213.20000000000007,213.57000000000008,213.12000000000006,213.48000000000008,1135
2026-08-11T18:35:00+00:00,213.48000000000008,213.66000000000008,213.38000000000008,213.52000000000007,1054
2026-08-11T18:40:00+00:00,213.52000000000007,213.52000000000007,213.30000000000007,213.36000000000007,936
2026-08-11T18:45:00+00:00,213.36000000000007,213.99000000000007,213.35000000000008,213.94000000000008,831
2026-08-11T18:50:00+00:00,213.94000000000008,214.05000000000007,213.87000000000006,213.95000000000007,630
2026-08-11T18:55:00+00:00,213.95000000000007,214.09000000000006,213.85000000000008,213.87000000000006,723
2026-08-11T19:00:00+00:00,213.87000000000006,214.21000000000006,213.79000000000008,214.16000000000008,934
2026-08-11T19:05:00+00:00,214.16000000000008,214.19000000000008,213.90000000000006,214.05000000000007,1074
2026-08-11T19:10:00+00:00,214.05000000000007,214.22000000000008,213.97000000000008,214.17000000000007,905
2026-08-11T19:15:00+00:00,214.17000000000007,214.39000000000007,214.13000000000008,214.38000000000008,793
2026-08-11T19:20:00+00:00,214.38000000000008,214.69000000000008,214.26000000000008,214.58000000000007,841
2026-08-11T19:25:00+00:00,214.58000000000007,214.69000000000008,214.50000000000009,214.58000000000007,833
2026-08-11T19:30:00+00:00,214.58000000000007,214.75000000000009,214.49000000000007,214.75000000000009,1081
2026-08-11T19:35:00+00:00,214.75000000000009,214.91000000000008,214.61000000000007,214.87000000000006,884
2026-08-11T19:40:00+00:00,214.87000000000006,214.89000000000007,214.43000000000006,214.46000000000006,883
2026-08-11T19:45:00+00:00,214.46000000000006,214.48000000000008,213.78000000000006,213.81000000000006,1234
2026-08-11T19:50:00+00:00,213.81000000000006,214.47000000000008,213.61000000000007,214.39000000000007,1673
2026-08-11T19:55:00+00:00,214.39000000000007,214.80000000000007,213.93000000000006,214.22000000000008,1984
2026-08-12T13:30:00+00:00,214.22000000000008,219.14000000000007,214.22000000000008,218.44000000000008,3175
2026-08-12T13:35:00+00:00,218.44000000000008,218.95000000000007,217.58000000000007,217.60000000000008,3006
2026-08-12T13:40:00+00:00,217.60000000000008,218.31000000000006,217.02000000000007,218.03000000000006,2660
2026-08-12T13:45:00+00:00,218.03000000000006,219.95000000000007,217.91000000000008,219.78000000000006,2536
2026-08-12T13:50:00+00:00,219.78000000000006,220.18000000000006,219.19000000000008,219.23000000000008,2465
2026-08-12T13:55:00+00:00,219.23000000000008,220.53000000000006,219.14000000000007,220.35000000000008,2418
2026-08-12T14:00:00+00:00,220.35000000000008,220.74000000000007,219.52000000000007,219.52000000000007,2615
2026-08-12T14:05:00+00:00,219.52000000000007,219.91000000000008,219.35000000000008,219.68000000000006,2101
2026-08-12T14:10:00+00:00,219.68000000000006,220.15000000000006,219.13000000000008,219.82000000000008,2133
2026-08-12T14:15:00+00:00,219.82000000000008,220.48000000000008,219.78000000000006,219.99000000000007,1844
2026-08-12T14:20:00+00:00,219.99000000000007,220.49000000000007,219.72000000000008,220.35000000000008,1880
2026-08-12T14:25:00+00:00,220.35000000000008,221.46000000000006,220.28000000000006,221.19000000000008,1781
2026-08-12T14:30:00+00:00,221.19000000000008,221.19000000000008,220.37000000000006,220.71000000000006,2195
2026-08-12T14:35:00+00:00,220.71000000000006,221.48000000000008,220.55000000000007,221.37000000000006,1698
2026-08-12T14:40:00+00:00,221.37000000000006,221.54000000000008,221.23000000000008,221.54000000000008,1402
2026-08-12T14:45:00+00:00,221.54000000000008,221.81000000000006,221.11000000000007,221.18000000000006,1371
2026-08-12T14:50:00+00:00,221.18000000000006,221.26000000000008,220.52000000000007,220.65000000000006,1767
2026-08-12T14:55:00+00:00,220.65000000000006,220.78000000000006,220.37000000000006,220.48000000000008,1491.473802124738
2026-08-12T15:00:00+00:00,220.48000000000008,221.24000000000007,220.45000000000007,220.91000000000008,1544
2026-08-12T15:05:00+00:00,220.91000000000008,220.92000000000007,220.30000000000007,220.38000000000008,1464
2026-08-12T15:10:00+00:00,220.38000000000008,220.44000000000008,220.09000000000006,220.14000000000007,1262
2026-08-12T15:15:00+00:00,220.14000000000007,220.65000000000006,220.06000000000006,220.49000000000007,1288
2026-08-12T15:20:00+00:00,220.49000000000007,220.72000000000008,220.43000000000006,220.51000000000008,1203
2026-08-12T15:25:00+00:00,220.51000000000008,220.58000000000007,220.18000000000006,220.55000000000007,1094
2026-08-12T15:30:00+00:00,220.55000000000007,220.67000000000007,220.09000000000006,220.19000000000008,1210
2026-08-12T15:35:00+00:00,220.19000000000008,220.34000000000006,219.99000000000007,219.99000000000007,1162
2026-08-12T15:40:00+00:00,219.99000000000007,220.26000000000008,219.85000000000008,219.89000000000007,1110
2026-08-12T15:45:00+00:00,219.89000000000007,220.17000000000007,219.61000000000007,220.16000000000008,1053
2026-08-12T15:50:00+00:00,220.16000000000008,220.33000000000007,219.82000000000008,219.96000000000006,940
2026-08-12T15:55:00+00:00,219.96000000000006,219.96000000000006,219.62000000000006,219.74000000000007,1015
2026-08-12T16:00:00+00:00,219.74000000000007,220.05000000000007,219.71000000000006,219.93000000000006,1029
2026-08-12T16:05:00+00:00,219.93000000000006,220.26000000000008,219.87000000000006,220.18000000000006,847
2026-08-12T16:10:00+00:00,220.18000000000006,220.58000000000007,220.15000000000006,220.32000000000008,844
2026-08-12T16:15:00+00:00,220.32000000000008,220.42000000000007,219.98000000000008,220.09000000000006,795
2026-08-12T16:20:00+00:00,220.09000000000006,220.21000000000006,219.91000000000008,220.16000000000008,687
2026-08-12T16:25:00+00:00,220.16000000000008,220.30000000000007,219.90000000000006,219.94000000000008,670
2026-08-12T16:30:00+00:00,219.94000000000008,220.01000000000008,219.53000000000006,219.53000000000006,823
2026-08-12T16:35:00+00:00,219.53000000000006,219.88000000000008,219.41000000000008,219.86000000000007,707
2026-08-12T16:40:00+00:00,219.86000000000007,219.95000000000007,219.59000000000006,219.64000000000007,729
2026-08-12T16:45:00+00:00,219.64000000000007,219.92000000000007,219.57000000000008,219.91000000000008,732
2026-08-12T16:50:00+00:00,219.91000000000008,220.68000000000006,219.89000000000007,220.57000000000008,752
2026-08-12T16:55:00+00:00,220.57000000000008,220.69000000000008,220.38000000000008,220.50000000000009,655
2026-08-12T17:00:00+00:00,220.50000000000009,221.02000000000007,220.50000000000009,220.88000000000008,603
2026-08-12T17:05:00+00:00,220.88000000000008,220.93000000000006,220.61000000000007,220.66000000000008,557
2026-08-12T17:10:00+00:00,220.66000000000008,220.84000000000006,220.61000000000007,220.84000000000006,648
2026-08-12T17:15:00+00:00,220.84000000000006,220.87000000000006,220.39000000000007,220.55000000000007,785
2026-08-12T17:20:00+00:00,220.55000000000007,220.75000000000009,220.53000000000006,220.68000000000006,632
2026-08-12T17:25:00+00:00,220.68000000000006,220.96000000000006,220.65000000000006,220.82000000000008,526
2026-08-12T17:30:00+00:00,220.82000000000008,220.85000000000008,220.67000000000007,220.77000000000007,671
2026-08-12T17:35:00+00:00,220.77000000000007,220.85000000000008,220.67000000000007,220.71000000000006,503
2026-08-12T17:40:00+00:00,220.71000000000006,220.85000000000008,220.52000000000007,220.82000000000008,573
2026-08-12T17:45:00+00:00,220.82000000000008,220.94000000000008,220.46000000000006,220.46000000000006,554
2026-08-12T17:50:00+00:00,220.46000000000006,220.61000000000007,220.26000000000008,220.33000000000007,604
2026-08-12T17:55:00+00:00,220.33000000000007,220.54000000000008,220.22000000000008,220.38000000000008,535
2026-08-12T18:00:00+00:00,220.38000000000008,220.40000000000006,219.88000000000008,220.14000000000007,577
2026-08-12T18:05:00+00:00,220.14000000000007,220.32000000000008,220.08000000000007,220.30000000000007,506
2026-08-12T18:10:00+00:00,220.30000000000007,220.71000000000006,220.27000000000007,220.68000000000006,575
2026-08-12T18:15:00+00:00,220.68000000000006,220.69000000000008,220.43000000000006,220.48000000000008,577
2026-08-12T18:20:00+00:00,220.48000000000008,220.73000000000008,220.40000000000006,220.69000000000008,560
2026-08-12T18:25:00+00:00,220.69000000000008,220.93000000000006,220.69000000000008,220.84000000000006,542
2026-08-12T18:30:00+00:00,220.84000000000006,221.17000000000007,220.82000000000008,220.92000000000007,530
2026-08-12T18:35:00+00:00,220.92000000000007,220.92000000000007,220.57000000000008,220.68000000000006,599
2026-08-12T18:40:00+00:00,220.68000000000006,220.96000000000006,220.42000000000007,220.51000000000008,549
2026-08-12T18:45:00+00:00,220.51000000000008,220.53000000000006,220.27000000000007,220.51000000000008,562
2026-08-12T18:50:00+00:00,220.51000000000008,220.65000000000006,220.43000000000006,220.44000000000008,481
2026-08-12T18:55:00+00:00,220.44000000000008,220.47000000000008,220.23000000000008,220.41000000000008,664
2026-08-12T19:00:00+00:00,220.41000000000008,220.57000000000008,220.35000000000008,220.50000000000009,664
2026-08-12T19:05:00+00:00,220.50000000000009,220.60000000000008,220.39000000000007,220.44000000000008,506
2026-08-12T19:10:00+00:00,220.44000000000008,220.46000000000006,220.18000000000006,220.26000000000008,554
2026-08-12T19:15:00+00:00,220.26000000000008,220.39000000000007,220.01000000000008,220.01000000000008,546
2026-08-12T19:20:00+00:00,220.01000000000008,220.01000000000008,219.66000000000008,219.77000000000007,691
2026-08-12T19:25:00+00:00,219.77000000000007,219.86000000000007,219.53000000000006,219.72000000000008,636
2026-08-12T19:30:00+00:00,219.72000000000008,219.72000000000008,219.21000000000006,219.26000000000008,815
2026-08-12T19:35:00+00:00,219.26000000000008,219.35000000000008,219.09000000000006,219.19000000000008,736
2026-08-12T19:40:00+00:00,219.19000000000008,219.28000000000006,218.94000000000008,219.05000000000007,791
2026-08-12T19:45:00+00:00,219.05000000000007,219.80000000000007,218.95000000000007,219.62000000000006,960
2026-08-12T19:50:00+00:00,219.62000000000006,220.33000000000007,219.35000000000008,220.13000000000008,1506
2026-08-12T19:55:00+00:00,220.13000000000008,221.08000000000007,219.98000000000008,220.86000000000007,1917
2026-08-13T13:30:00+00:00,220.86000000000007,223.57000000000008,220.86000000000007,222.71000000000006,3079
2026-08-13T13:35:00+00:00,222.71000000000006,223.92000000000007,221.47000000000008,222.00000000000009,2960
2026-08-13T13:40:00+00:00,222.00000000000009,222.04000000000008,221.36000000000007,221.63000000000008,2423
2026-08-13T13:45:00+00:00,221.63000000000008,222.60000000000008,221.46000000000006,222.35000000000008,2459
2026-08-13T13:50:00+00:00,222.35000000000008,222.86000000000007,222.14000000000007,222.16000000000008,1907
2026-08-13T13:55:00+00:00,222.16000000000008,222.57000000000008,221.93000000000006,222.48000000000008,2075
2026-08-13T14:00:00+00:00,222.48000000000008,222.89000000000007,221.72000000000008,222.88000000000008,2130
2026-08-13T14:05:00+00:00,222.88000000000008,223.12000000000006,222.47000000000008,223.00000000000009,2083
2026-08-13T14:10:00+00:00,223.00000000000009,223.08000000000007,222.74000000000007,222.94000000000008,1560
2026-08-13T14:15:00+00:00,222.94000000000008,222.94000000000008,222.36000000000007,222.51000000000008,1675
2026-08-13T14:20:00+00:00,222.51000000000008,222.64000000000007,222.27000000000007,222.55000000000007,1376
2026-08-13T14:25:00+00:00,222.55000000000007,222.95000000000007,222.45000000000007,222.74000000000007,1119
2026-08-13T14:30:00+00:00,222.74000000000007,222.95000000000007,222.61000000000007,222.81000000000006,1257
2026-08-13T14:35:00+00:00,222.81000000000006,223.20000000000007,222.73000000000008,223.08000000000007,1174
2026-08-13T14:40:00+00:00,223.08000000000007,223.15000000000006,222.35000000000008,222.35000000000008,1460
2026-08-13T14:45:00+00:00,222.35000000000008,222.44000000000008,221.36000000000007,221.78000000000006,1893
2026-08-13T14:50:00+00:00,221.78000000000006,221.81000000000006,221.37000000000006,221.70000000000007,1589
2026-08-13T14:55:00+00:00,221.70000000000007,221.98000000000008,221.48000000000008,221.69000000000008,1563
2026-08-13T15:00:00+00:00,221.69000000000008,221.91000000000008,221.42000000000007,221.43000000000006,1606
2026-08-13T15:05:00+00:00,221.43000000000006,221.64000000000007,221.08000000000007,221.34000000000006,1617
2026-08-13T15:10:00+00:00,221.34000000000006,221.52000000000007,221.05000000000007,221.41000000000008,1493
2026-08-13T15:15:00+00:00,221.41000000000008,221.83000000000007,221.28000000000006,221.61000000000007,1655
2026-08-13T15:20:00+00:00,221.61000000000007,221.74000000000007,221.35000000000008,221.37000000000006,1490
2026-08-13T15:25:00+00:00,221.37000000000006,221.41000000000008,221.02000000000007,221.16000000000008,1939
2026-08-13T15:30:00+00:00,221.16000000000008,221.31000000000006,220.47000000000008,220.49000000000007,1947
2026-08-13T15:35:00+00:00,220.49000000000007,220.85000000000008,220.42000000000007,220.83000000000007,1910
2026-08-13T15:40:00+00:00,220.83000000000007,221.52000000000007,220.75000000000009,221.30000000000007,1621
2026-08-13T15:45:00+00:00,221.30000000000007,221.54000000000008,221.18000000000006,221.39000000000007,1483
2026-08-13T15:50:00+00:00,221.39000000000007,221.47000000000008,220.90000000000006,221.04000000000008,1481
2026-08-13T15:55:00+00:00,221.04000000000008,221.11000000000007,220.81000000000006,220.99000000000007,1315
2026-08-13T16:00:00+00:00,220.99000000000007,221.58000000000007,220.92000000000007,221.44000000000008,1220
2026-08-13T16:05:00+00:00,221.44000000000008,221.86000000000007,221.43000000000006,221.81000000000006,1109
2026-08-13T16:10:00+00:00,221.81000000000006,221.88000000000008,221.45000000000007,221.52000000000007,1011
2026-08-13T16:15:00+00:00,221.52000000000007,221.64000000000007,221.37000000000006,221.55000000000007,1052
2026-08-13T16:20:00+00:00,221.55000000000007,221.99000000000007,221.42000000000007,221.95000000000007,976
2026-08-13T16:25:00+00:00,221.95000000000007,222.19000000000008,221.95000000000007,222.03000000000006,891
2026-08-13T16:30:00+00:00,222.03000000000006,222.20000000000007,221.93000000000006,222.15000000000006,976
2026-08-13T16:35:00+00:00,222.15000000000006,222.30000000000007,221.82000000000008,221.88000000000008,938
2026-08-13T16:40:00+00:00,221.88000000000008,221.98000000000008,221.68000000000006,221.74000000000007,870
2026-08-13T16:45:00+00:00,221.74000000000007,222.09000000000006,221.72000000000008,222.05000000000007,802
2026-08-13T16:50:00+00:00,222.05000000000007,222.05000000000007,221.74000000000007,221.79000000000008,709
2026-08-13T16:55:00+00:00,221.79000000000008,222.07000000000008,221.70000000000007,222.04000000000008,688
2026-08-13T17:00:00+00:00,222.04000000000008,222.31000000000006,222.04000000000008,222.23000000000008,838
2026-08-13T17:05:00+00:00,222.23000000000008,222.26000000000008,222.04000000000008,222.22000000000008,627
2026-08-13T17:10:00+00:00,222.22000000000008,222.53000000000006,222.17000000000007,222.37000000000006,701
2026-08-13T17:15:00+00:00,222.37000000000006,222.60000000000008,222.32000000000008,222.58000000000007,680
2026-08-13T17:20:00+00:00,222.58000000000007,222.64000000000007,222.22000000000008,222.24000000000007,767
2026-08-13T17:25:00+00:00,222.24000000000007,222.28000000000006,222.04000000000008,222.06000000000006,578
2026-08-13T17:30:00+00:00,222.06000000000006,222.25000000000009,221.99000000000007,222.08000000000007,605
2026-08-13T17:35:00+00:00,222.08000000000007,222.11000000000007,221.87000000000006,221.92000000000007,501
2026-08-13T17:40:00+00:00,221.92000000000007,222.33000000000007,221.88000000000008,221.90000000000006,672
2026-08-13T17:45:00+00:00,221.90000000000006,222.43000000000006,221.81000000000006,222.31000000000006,751
2026-08-13T17:50:00+00:00,222.31000000000006,222.46000000000006,222.05000000000007,222.10000000000008,740
2026-08-13T17:55:00+00:00,222.10000000000008,222.20000000000007,221.98000000000008,222.03000000000006,628
2026-08-13T18:00:00+00:00,222.03000000000006,222.12000000000006,221.79000000000008,221.83000000000007,764
2026-08-13T18:05:00+00:00,221.83000000000007,222.01000000000008,221.76000000000008,221.97000000000008,853
2026-08-13T18:10:00+00:00,221.97000000000008,222.14000000000007,221.85000000000008,221.92000000000007,839
2026-08-13T18:15:00+00:00,221.92000000000007,222.20000000000007,221.92000000000007,222.03000000000006,664
2026-08-13T18:20:00+00:00,222.03000000000006,222.12000000000006,221.96000000000006,221.99000000000007,788
2026-08-13T18:25:00+00:00,221.99000000000007,222.38000000000008,221.99000000000007,222.33000000000007,811
2026-08-13T18:30:00+00:00,222.33000000000007,222.70000000000007,222.33000000000007,222.51000000000008,961
2026-08-13T18:35:00+00:00,222.51000000000008,222.55000000000007,222.13000000000008,222.23000000000008,906
2026-08-13T18:40:00+00:00,222.23000000000008,222.51000000000008,222.21000000000006,222.25000000000009,901
2026-08-13T18:45:00+00:00,222.25000000000009,222.45000000000007,222.20000000000007,222.25000000000009,963
2026-08-13T18:50:00+00:00,222.25000000000009,222.45000000000007,222.22000000000008,222.45000000000007,832
2026-08-13T18:55:00+00:00,222.45000000000007,222.54000000000008,222.34000000000006,222.46000000000006,767
2026-08-13T19:00:00+00:00,222.46000000000006,222.65000000000006,222.44000000000008,222.50000000000009,786
2026-08-13T19:05:00+00:00,222.50000000000009,222.96000000000006,222.45000000000007,222.80000000000007,1082
2026-08-13T19:10:00+00:00,222.80000000000007,222.84000000000006,222.34000000000006,222.42000000000007,1051
2026-08-13T19:15:00+00:00,222.42000000000007,222.80000000000007,222.19000000000008,222.77000000000007,1234
2026-08-13T19:20:00+00:00,222.77000000000007,222.79000000000008,222.55000000000007,222.61000000000007,779
2026-08-13T19:25:00+00:00,222.61000000000007,222.72000000000008,222.37000000000006,222.52000000000007,1033
2026-08-13T19:30:00+00:00,222.52000000000007,222.93000000000006,222.45000000000007,222.57000000000008,1210
2026-08-13T19:35:00+00:00,222.57000000000008,222.66000000000008,222.32000000000008,222.46000000000006,977
2026-08-13T19:40:00+00:00,222.46000000000006,222.71000000000006,222.43000000000006,222.48000000000008,992
2026-08-13T19:45:00+00:00,222.48000000000008,222.58000000000007,221.98000000000008,222.24000000000007,1185
2026-08-13T19:50:00+00:00,222.24000000000007,222.55000000000007,222.07000000000008,222.10000000000008,1455
2026-08-13T19:55:00+00:00,222.10000000000008,222.18000000000006,221.58000000000007,222.09000000000006,2070
2026-08-14T13:30:00+00:00,222.09000000000006,224.21000000000006,222.09000000000006,223.29000000000008,2718
2026-08-14T13:35:00+00:00,223.29000000000008,223.68000000000006,221.73000000000008,222.69000000000008,2636
2026-08-14T13:40:00+00:00,222.69000000000008,222.97000000000008,222.30000000000007,222.43000000000006,2182
2026-08-14T13:45:00+00:00,222.43000000000006,223.51000000000008,222.15000000000006,222.49000000000007,2514
2026-08-14T13:50:00+00:00,222.49000000000007,222.75000000000009,222.15000000000006,222.36000000000007,1972
2026-08-14T13:55:00+00:00,222.36000000000007,222.55000000000007,222.07000000000008,222.46000000000006,1609
2026-08-14T14:00:00+00:00,222.46000000000006,222.59000000000006,222.09000000000006,222.54000000000008,1865
2026-08-14T14:05:00+00:00,222.54000000000008,223.30000000000007,222.50000000000009,222.94000000000008,1707
2026-08-14T14:10:00+00:00,222.94000000000008,223.14000000000007,222.53000000000006,222.53000000000006,1730
2026-08-14T14:15:00+00:00,222.53000000000006,222.59000000000006,221.72000000000008,221.80000000000007,1843
2026-08-14T14:20:00+00:00,221.80000000000007,221.88000000000008,221.22000000000008,221.62000000000006,2059
2026-08-14T14:25:00+00:00,221.62000000000006,221.84000000000006,221.42000000000007,221.84000000000006,1769
2026-08-14T14:30:00+00:00,221.84000000000006,222.15000000000006,221.71000000000006,222.12000000000006,2204
2026-08-14T14:35:00+00:00,222.12000000000006,222.47000000000008,221.95000000000007,222.35000000000008,1706
2026-08-14T14:40:00+00:00,222.35000000000008,223.07000000000008,222.09000000000006,223.03000000000006,1650
2026-08-14T14:45:00+00:00,223.03000000000006,223.65000000000006,222.80000000000007,223.38000000000008,1716
2026-08-14T14:50:00+00:00,223.38000000000008,223.46000000000006,223.09000000000006,223.12000000000006,1602
2026-08-14T14:55:00+00:00,223.12000000000006,223.24000000000007,222.8300000000001,222.8300000000001,1656.217773867136
2026-08-14T15:00:00+00:00,222.8300000000001,223.0700000000001,222.5400000000001,222.7900000000001,1516
2026-08-14T15:05:00+00:00,222.7900000000001,222.9300000000001,222.5700000000001,222.6600000000001,1250
2026-08-14T15:10:00+00:00,222.6600000000001,222.8000000000001,222.1000000000001,222.2300000000001,1451
2026-08-14T15:15:00+00:00,222.2300000000001,222.78000000000011,222.1800000000001,222.6700000000001,1367
2026-08-14T15:20:00+00:00,222.6700000000001,222.7100000000001,221.6800000000001,221.7300000000001,1672
2026-08-14T15:25:00+00:00,221.7300000000001,222.3300000000001,221.6900000000001,222.3100000000001,1683
2026-08-14T15:30:00+00:00,222.3100000000001,222.3300000000001,221.9000000000001,221.9700000000001,1482
2026-08-14T15:35:00+00:00,221.9700000000001,222.1800000000001,221.6900000000001,221.7300000000001,1347
2026-08-14T15:40:00+00:00,221.7300000000001,221.7500000000001,221.3700000000001,221.6300000000001,1388
2026-08-14T15:45:00+00:00,221.6300000000001,221.7500000000001,221.4300000000001,221.5700000000001,1180
2026-08-14T15:50:00+00:00,221.5700000000001,222.0400000000001,221.5100000000001,221.8900000000001,1209
2026-08-14T15:55:00+00:00,221.8900000000001,222.1500000000001,221.78000000000011,222.0000000000001,1158
2026-08-14T16:00:00+00:00,222.0000000000001,222.3100000000001,221.9700000000001,222.1800000000001,1029
2026-08-14T16:05:00+00:00,222.1800000000001,222.2300000000001,221.8900000000001,222.0400000000001,1089
2026-08-14T16:10:00+00:00,222.0400000000001,222.3800000000001,221.9800000000001,222.3100000000001,1032
2026-08-14T16:15:00+00:00,222.3100000000001,222.5200000000001,222.2900000000001,222.4200000000001,1003
2026-08-14T16:20:00+00:00,222.4200000000001,222.5500000000001,222.2000000000001,222.3900000000001,855
2026-08-14T16:25:00+00:00,222.3900000000001,222.5600000000001,222.3300000000001,222.4100000000001,779
2026-08-14T16:30:00+00:00,222.4100000000001,222.4700000000001,221.9100000000001,221.9200000000001,1162
2026-08-14T16:35:00+00:00,221.9200000000001,222.2300000000001,221.8600000000001,221.9700000000001,951
2026-08-14T16:40:00+00:00,221.9700000000001,222.0000000000001,221.7300000000001,221.7900000000001,834
2026-08-14T16:45:00+00:00,221.7900000000001,221.9400000000001,221.7000000000001,221.9400000000001,860
2026-08-14T16:50:00+00:00,221.9400000000001,221.9500000000001,221.7600000000001,221.8200000000001,773
2026-08-14T16:55:00+00:00,221.8200000000001,221.9700000000001,221.7000000000001,221.8100000000001,805
2026-08-14T17:00:00+00:00,221.8100000000001,222.0200000000001,221.7900000000001,221.9500000000001,820
2026-08-14T17:05:00+00:00,221.9500000000001,222.0800000000001,221.8900000000001,222.0000000000001,783
2026-08-14T17:10:00+00:00,222.0000000000001,222.1100000000001,221.9100000000001,222.0900000000001,739
2026-08-14T17:15:00+00:00,222.0900000000001,222.1200000000001,221.8800000000001,221.9900000000001,776
2026-08-14T17:20:00+00:00,221.9900000000001,222.1400000000001,221.8800000000001,221.9100000000001,708
2026-08-14T17:25:00+00:00,221.9100000000001,222.0500000000001,221.8200000000001,221.8500000000001,839
2026-08-14T17:30:00+00:00,221.8500000000001,222.0500000000001,221.8500000000001,221.9800000000001,743
2026-08-14T17:35:00+00:00,221.9800000000001,222.0400000000001,221.8400000000001,221.9600000000001,786
2026-08-14T17:40:00+00:00,221.9600000000001,222.1700000000001,221.8900000000001,222.1700000000001,734
2026-08-14T17:45:00+00:00,222.1700000000001,222.4200000000001,222.1300000000001,222.1700000000001,705
2026-08-14T17:50:00+00:00,222.1700000000001,222.1800000000001,221.9800000000001,222.0200000000001,796
2026-08-14T17:55:00+00:00,222.0200000000001,222.2300000000001,221.9300000000001,222.0700000000001,698
2026-08-14T18:00:00+00:00,222.0700000000001,222.3300000000001,222.0000000000001,222.2900000000001,899
2026-08-14T18:05:00+00:00,222.2900000000001,222.3900000000001,222.1800000000001,222.2300000000001,848
2026-08-14T18:10:00+00:00,222.2300000000001,222.28000000000011,222.0400000000001,222.0600000000001,782
2026-08-14T18:15:00+00:00,222.0600000000001,222.1300000000001,221.8800000000001,221.9400000000001,641
2026-08-14T18:20:00+00:00,221.9400000000001,222.0500000000001,221.78000000000011,221.78000000000011,553
2026-08-14T18:25:00+00:00,221.78000000000011,221.8300000000001,221.3100000000001,221.4700000000001,875
2026-08-14T18:30:00+00:00,221.4700000000001,221.6100000000001,221.4000000000001,221.6100000000001,805
2026-08-14T18:35:00+00:00,221.6100000000001,221.9300000000001,221.5700000000001,221.9000000000001,701
2026-08-14T18:40:00+00:00,221.9000000000001,222.1600000000001,221.8700000000001,222.0600000000001,780
2026-08-14T18:45:00+00:00,222.0600000000001,222.0700000000001,221.8000000000001,221.9200000000001,653
2026-08-14T18:50:00+00:00,221.9200000000001,221.9800000000001,221.6700000000001,221.7100000000001,789
2026-08-14T18:55:00+00:00,221.7100000000001,221.8600000000001,221.6600000000001,221.8500000000001,695
2026-08-14T19:00:00+00:00,221.8500000000001,222.1400000000001,221.5500000000001,221.9300000000001,1028
2026-08-14T19:05:00+00:00,221.9300000000001,222.1900000000001,221.9200000000001,221.9900000000001,815
2026-08-14T19:10:00+00:00,221.9900000000001,222.03000000000011,221.6300000000001,221.6600000000001,741
2026-08-14T19:15:00+00:00,221.6600000000001,221.8400000000001,221.6000000000001,221.7300000000001,802
2026-08-14T19:20:00+00:00,221.7300000000001,221.8800000000001,221.6300000000001,221.8400000000001,766
2026-08-14T19:25:00+00:00,221.8400000000001,222.1100000000001,221.8100000000001,221.9000000000001,787
2026-08-14T19:30:00+00:00,221.9000000000001,222.1400000000001,221.8900000000001,221.9200000000001,1007
2026-08-14T19:35:00+00:00,221.9200000000001,222.03000000000011,221.78000000000011,221.8200000000001,886
2026-08-14T19:40:00+00:00,221.8200000000001,221.9600000000001,221.7600000000001,221.8100000000001,978
2026-08-14T19:45:00+00:00,221.8100000000001,221.9800000000001,221.7300000000001,221.9700000000001,1012
2026-08-14T19:50:00+00:00,221.9700000000001,222.4100000000001,221.9600000000001,222.1000000000001,1268
2026-08-14T19:55:00+00:00,222.1000000000001,222.2500000000001,221.6100000000001,221.9500000000001,1712
2026-08-17T13:30:00+00:00,225.03,226.93,225.03,225.58,2217
2026-08-17T13:35:00+00:00,225.58,225.76,224.98,225.25,2181
2026-08-17T13:40:00+00:00,225.25,225.73,225.11,225.73,1918
2026-08-17T13:45:00+00:00,225.73,225.8,225.09,225.09,1904
2026-08-17T13:50:00+00:00,225.09,226.11,224.86,226.09,1843
2026-08-17T13:55:00+00:00,226.09,226.3,225.78,226.02,1558
2026-08-17T14:00:00+00:00,226.02,226.12,225.38,225.43,1717
2026-08-17T14:05:00+00:00,225.43,225.57,225.16,225.42,1327
2026-08-17T14:10:00+00:00,225.42,226.03,225.4,225.97,1159
2026-08-17T14:15:00+00:00,225.97,226.19,225.8,226,1282
2026-08-17T14:20:00+00:00,226,226.11,225.63,226,1159
2026-08-17T14:25:00+00:00,226,226.48,225.86,226.43,1130
2026-08-17T14:30:00+00:00,226.43,226.58,226.36,226.44,1063
2026-08-17T14:35:00+00:00,226.44,226.83,226.24,226.74,1026
2026-08-17T14:40:00+00:00,226.74,227.05,226.52,226.84,1119
2026-08-17T14:45:00+00:00,226.84,227.04,226.15,226.18,987
2026-08-17T14:50:00+00:00,226.18,226.22,225.44,225.58,1061
2026-08-17T14:55:00+00:00,225.58,226.13,225.5,226.06,1037
2026-08-17T15:00:00+00:00,226.06,226.48,226.06,226.23,943
2026-08-17T15:05:00+00:00,226.23,226.91,226.18,226.67,1075
2026-08-17T15:10:00+00:00,226.67,226.7,226.42,226.56,780
2026-08-17T15:15:00+00:00,226.56,227.43,226.55,227.24,999
2026-08-17T15:20:00+00:00,227.24,227.59,227.23,227.35,886
2026-08-17T15:25:00+00:00,227.35,227.45,227.15,227.26,699
2026-08-17T15:30:00+00:00,227.26,227.37,226.81,226.83,784
2026-08-17T15:35:00+00:00,226.83,226.95,226.75,226.79,775
2026-08-17T15:40:00+00:00,226.79,227.17,226.54,227.12,995
2026-08-17T15:45:00+00:00,227.12,227.32,227.1,227.27,705
2026-08-17T15:50:00+00:00,227.27,227.71,227.25,227.59,646
2026-08-17T15:55:00+00:00,227.59,227.75,227.46,227.52,666
2026-08-17T16:00:00+00:00,227.52,227.58,227.21,227.5,734
2026-08-17T16:05:00+00:00,227.5,227.53,227.23,227.28,765
2026-08-17T16:10:00+00:00,227.28,227.39,226.92,227.04,689
2026-08-17T16:15:00+00:00,227.04,227.17,226.95,227.14,619
2026-08-17T16:20:00+00:00,227.14,227.19,226.71,226.71,534
2026-08-17T16:25:00+00:00,226.71,227,226.66,226.87,587
2026-08-17T16:30:00+00:00,226.87,226.92,226.58,226.65,545
2026-08-17T16:35:00+00:00,226.65,226.79,226.58,226.76,406
2026-08-17T16:40:00+00:00,226.76,226.76,226.58,226.62,378
2026-08-17T16:45:00+00:00,226.62,227.04,226.56,226.86,595
2026-08-17T16:50:00+00:00,226.86,226.88,226.63,226.83,454
2026-08-17T16:55:00+00:00,226.83,226.94,226.78,226.89,460
2026-08-17T17:00:00+00:00,226.89,227,226.68,226.69,555
2026-08-17T17:05:00+00:00,226.69,226.72,226.44,226.53,654
2026-08-17T17:10:00+00:00,226.53,226.54,225.97,225.99,808
2026-08-17T17:15:00+00:00,225.99,226.28,225.87,225.9,997
2026-08-17T17:20:00+00:00,225.9,226.08,225.65,225.92,1041
2026-08-17T17:25:00+00:00,225.92,225.92,225.68,225.73,845
2026-08-17T17:30:00+00:00,225.73,226.03,225.71,225.93,727
2026-08-17T17:35:00+00:00,225.93,226.06,225.79,225.88,625
2026-08-17T17:40:00+00:00,225.88,226.11,225.81,226.05,655
2026-08-17T17:45:00+00:00,226.05,226.09,225.74,225.97,571
2026-08-17T17:50:00+00:00,225.97,226.01,225.83,225.97,468
2026-08-17T17:55:00+00:00,225.97,225.99,225.59,225.66,423
2026-08-17T18:00:00+00:00,225.66,225.73,225.51,225.57,691
2026-08-17T18:05:00+00:00,225.57,225.62,225.3,225.37,656
2026-08-17T18:10:00+00:00,225.37,225.61,225.27,225.52,673
2026-08-17T18:15:00+00:00,225.52,225.62,225.3,225.4,549
2026-08-17T18:20:00+00:00,225.4,225.53,225.28,225.31,442
2026-08-17T18:25:00+00:00,225.31,225.51,225.22,225.36,538
2026-08-17T18:30:00+00:00,225.36,225.45,225.26,225.28,543
2026-08-17T18:35:00+00:00,225.28,225.41,225.24,225.41,342
2026-08-17T18:40:00+00:00,225.41,225.57,225.36,225.53,341
2026-08-17T18:45:00+00:00,225.53,225.65,225.49,225.57,357
2026-08-17T18:50:00+00:00,225.57,225.75,225.55,225.71,409
2026-08-17T18:55:00+00:00,225.71,225.74,225.4,225.42,405
2026-08-17T19:00:00+00:00,225.42,225.46,225.32,225.35,513
2026-08-17T19:05:00+00:00,225.35,225.5,225.17,225.35,522
2026-08-17T19:10:00+00:00,225.35,225.55,225.28,225.29,595
2026-08-17T19:15:00+00:00,225.29,225.62,225.2,225.47,610
2026-08-17T19:20:00+00:00,225.47,225.54,225.26,225.5,583
2026-08-17T19:25:00+00:00,225.5,225.64,225.32,225.33,697
2026-08-17T19:30:00+00:00,225.33,225.67,225.31,225.66,737
2026-08-17T19:35:00+00:00,225.66,225.84,225.64,225.73,657
2026-08-17T19:40:00+00:00,225.73,225.76,225.19,225.38,760
2026-08-17T19:45:00+00:00,225.38,225.5,225.25,225.5,797
2026-08-17T19:50:00+00:00,225.5,225.52,224.91,225.03,1144
2026-08-17T19:55:00+00:00,225.03,225.17,224.68,225.02,2398
2026-08-18T13:30:00+00:00,225.02,225.02,219.26,220.5,2808
2026-08-18T13:35:00+00:00,220.5,221.36,220.29,220.7,3314
2026-08-18T13:40:00+00:00,220.7,221.47,220.19,220.23,2733
2026-08-18T13:45:00+00:00,220.23,220.65,219.66,219.88,2965
2026-08-18T13:50:00+00:00,219.88,220.25,219.52,219.62,2478
2026-08-18T13:55:00+00:00,219.62,220.16,219.16,219.99,2414
2026-08-18T14:00:00+00:00,219.99,220.62,219.4,220.22,2681
2026-08-18T14:05:00+00:00,220.22,220.33,219.31,219.31,2480
2026-08-18T14:10:00+00:00,219.31,219.31,218.72,218.86,2503
2026-08-18T14:15:00+00:00,218.86,219.24,218.67,219.07,2556
2026-08-18T14:20:00+00:00,219.07,219.64,218.82,219.45,2288
2026-08-18T14:25:00+00:00,219.45,220.1,219.39,219.8,2314
2026-08-18T14:30:00+00:00,219.8,220.26,219.74,220.08,2265
2026-08-18T14:35:00+00:00,220.08,220.31,219.53,219.77,2077
2026-08-18T14:40:00+00:00,219.77,219.88,219.22,219.26,2060
2026-08-18T14:45:00+00:00,219.26,219.29,218.98,219.11,1901
2026-08-18T14:50:00+00:00,219.11,219.32,218.8,218.89,2191
2026-08-18T14:55:00+00:00,218.89,219.14,218.58,218.9,2027
2026-08-18T15:00:00+00:00,218.9,219.36,218.52,219.22,2318
2026-08-18T15:05:00+00:00,219.22,219.29,218.68,218.8,1962
2026-08-18T15:10:00+00:00,218.8,219.32,218.67,219.3,1680
2026-08-18T15:15:00+00:00,219.3,219.49,219.16,219.19,1627
2026-08-18T15:20:00+00:00,219.19,219.63,219.11,219.47,1637
2026-08-18T15:25:00+00:00,219.47,219.6,219.25,219.38,1434
2026-08-18T15:30:00+00:00,219.38,219.74,219.27,219.55,1525
2026-08-18T15:35:00+00:00,219.55,219.57,219.21,219.24,1471
2026-08-18T15:40:00+00:00,219.24,219.64,219.15,219.51,1279
2026-08-18T15:45:00+00:00,219.51,219.91,219.51,219.79,1154
2026-08-18T15:50:00+00:00,219.79,220.08,219.65,219.96,1292
2026-08-18T15:55:00+00:00,219.96,220,219.51,219.88,1280
2026-08-18T16:00:00+00:00,219.88,220.19,219.86,219.99,1203
2026-08-18T16:05:00+00:00,219.99,220.15,219.76,219.86,1133
2026-08-18T16:10:00+00:00,219.86,220.04,219.78,219.8,917
2026-08-18T16:15:00+00:00,219.8,219.89,219.33,219.45,1033
2026-08-18T16:20:00+00:00,219.45,219.82,219.43,219.53,1296
2026-08-18T16:25:00+00:00,219.53,219.55,219.24,219.37,1001
2026-08-18T16:30:00+00:00,219.37,219.57,219.21,219.49,1112
2026-08-18T16:35:00+00:00,219.49,219.78,219.34,219.72,1056
2026-08-18T16:40:00+00:00,219.72,219.91,219.53,219.67,1038
2026-08-18T16:45:00+00:00,219.67,220.16,219.44,220.14,1175
2026-08-18T16:50:00+00:00,220.14,220.28,220.07,220.23,874
2026-08-18T16:55:00+00:00,220.23,220.23,219.95,220.04,770
2026-08-18T17:00:00+00:00,220.04,220.18,219.7,220.03,1161
2026-08-18T17:05:00+00:00,220.03,220.09,219.79,220.07,952
2026-08-18T17:10:00+00:00,220.07,220.1,219.76,219.91,925
2026-08-18T17:15:00+00:00,219.91,219.99,219.79,219.85,836
2026-08-18T17:20:00+00:00,219.85,220.05,219.82,219.94,754
2026-08-18T17:25:00+00:00,219.94,220.22,219.83,220.14,919
2026-08-18T17:30:00+00:00,220.14,220.31,220.09,220.15,796
2026-08-18T17:35:00+00:00,220.15,220.24,219.98,220.13,736
2026-08-18T17:40:00+00:00,220.13,220.34,220.09,220.2,699
2026-08-18T17:45:00+00:00,220.2,220.32,220.01,220.1,658
2026-08-18T17:50:00+00:00,220.1,220.22,219.98,220.01,771
2026-08-18T17:55:00+00:00,220.01,220.07,219.75,219.8,676
2026-08-18T18:00:00+00:00,219.8,219.89,219.49,219.74,899
2026-08-18T18:05:00+00:00,219.74,219.81,219.18,219.22,993
2026-08-18T18:10:00+00:00,219.22,219.46,219.05,219.46,1254
2026-08-18T18:15:00+00:00,219.46,219.92,219.41,219.92,954
2026-08-18T18:20:00+00:00,219.92,220.12,219.73,219.77,941
2026-08-18T18:25:00+00:00,219.77,219.79,219.54,219.76,831
2026-08-18T18:30:00+00:00,219.76,219.85,219.67,219.82,752
2026-08-18T18:35:00+00:00,219.82,220.02,219.82,219.98,884
2026-08-18T18:40:00+00:00,219.98,219.99,219.71,219.76,864
2026-08-18T18:45:00+00:00,219.76,220.01,219.76,219.84,917
2026-08-18T18:50:00+00:00,219.84,219.93,219.64,219.66,855
2026-08-18T18:55:00+00:00,219.66,219.79,219.58,219.64,1035
2026-08-18T19:00:00+00:00,219.64,219.77,219.46,219.67,1059
2026-08-18T19:05:00+00:00,219.67,219.76,219.53,219.67,1006
2026-08-18T19:10:00+00:00,219.67,219.77,219.49,219.52,954
2026-08-18T19:15:00+00:00,219.52,219.57,219.1,219.13,1289
2026-08-18T19:20:00+00:00,219.13,219.23,218.95,219.2,1154
2026-08-18T19:25:00+00:00,219.2,219.21,218.99,219.09,1069
2026-08-18T19:30:00+00:00,219.09,219.27,218.74,218.98,1412
2026-08-18T19:35:00+00:00,218.98,219.17,218.84,218.9,1043
2026-08-18T19:40:00+00:00,218.9,219.39,218.85,219.3,1314
2026-08-18T19:45:00+00:00,219.3,219.52,219.15,219.47,1384
2026-08-18T19:50:00+00:00,219.47,219.7,219,219.27,2116
2026-08-18T19:55:00+00:00,219.27,219.68,219.15,219.65,2954
2026-08-19T13:30:00+00:00,219.65,222.68,219.65,221.36,2317
2026-08-19T13:35:00+00:00,221.36,221.4,219.38,219.4,2642
2026-08-19T13:40:00+00:00,219.4,220.02,219.19,219.81,2477
2026-08-19T13:45:00+00:00,219.81,220.27,218.53,218.6,2842
2026-08-19T13:50:00+00:00,218.6,218.75,217.76,218.15,3357
2026-08-19T13:55:00+00:00,218.15,218.78,217.93,218.51,3154
2026-08-19T14:00:00+00:00,218.51,218.67,217.85,218.28,3229
2026-08-19T14:05:00+00:00,218.28,218.64,217.49,217.8,2951
2026-08-19T14:10:00+00:00,217.8,217.95,216.71,216.73,2881
2026-08-19T14:15:00+00:00,216.73,217.37,216.58,216.8,3069
2026-08-19T14:20:00+00:00,216.8,217.36,216.64,217.02,2697
2026-08-19T14:25:00+00:00,217.02,218,216.93,218,2513
2026-08-19T14:30:00+00:00,218,218.43,217.79,218.14,2467
2026-08-19T14:35:00+00:00,218.14,219.33,218.13,219.24,2048
2026-08-19T14:40:00+00:00,219.24,219.35,218.88,219.22,2032
2026-08-19T14:45:00+00:00,219.22,219.44,218.84,218.97,2145
2026-08-19T14:50:00+00:00,218.97,219.55,218.76,219.46,1950
2026-08-19T14:55:00+00:00,219.46,219.66,216.4500000000001,216.6400000000001,1901.0520231213873
2026-08-19T15:00:00+00:00,219.71,219.78,219.13,219.2,1719
2026-08-19T15:05:00+00:00,219.2,219.31,218.88,218.99,1686
2026-08-19T15:10:00+00:00,218.99,219.35,218.88,219.08,1627
2026-08-19T15:15:00+00:00,219.08,219.49,218.91,219.36,1571
2026-08-19T15:20:00+00:00,219.36,219.49,218.95,218.98,1647
2026-08-19T15:25:00+00:00,218.98,219.13,218.72,219.09,1912
2026-08-19T15:30:00+00:00,219.09,219.14,218.72,218.75,1486
2026-08-19T15:35:00+00:00,218.75,219.07,218.69,218.83,1367
2026-08-19T15:40:00+00:00,218.83,219.12,218.62,219.12,1737
2026-08-19T15:45:00+00:00,219.12,219.25,218.69,218.72,1462
2026-08-19T15:50:00+00:00,218.72,218.86,218.48,218.62,1492
2026-08-19T15:55:00+00:00,218.62,219.19,218.47,219.15,1372
2026-08-19T16:00:00+00:00,219.15,220.07,219.07,220.03,1472
2026-08-19T16:05:00+00:00,220.03,220.46,219.84,220.45,1391
2026-08-19T16:10:00+00:00,220.45,220.5,219.91,219.98,1190
2026-08-19T16:15:00+00:00,219.98,220.16,219.86,219.89,1140
2026-08-19T16:20:00+00:00,219.89,220.03,219.53,219.59,1082
2026-08-19T16:25:00+00:00,219.59,219.6,219.19,219.24,1147
2026-08-19T16:30:00+00:00,219.24,219.24,219,219.15,1236
2026-08-19T16:35:00+00:00,219.15,219.37,218.92,219.2,984
2026-08-19T16:40:00+00:00,219.2,219.35,218.98,219.14,861
2026-08-19T16:45:00+00:00,219.14,219.28,218.93,218.98,851
2026-08-19T16:50:00+00:00,218.98,219.08,218.87,218.99,869
2026-08-19T16:55:00+00:00,218.99,219.01,218.62,218.75,1057
2026-08-19T17:00:00+00:00,218.75,219.13,218.63,218.94,930
2026-08-19T17:05:00+00:00,218.94,219.11,218.73,218.73,933
2026-08-19T17:10:00+00:00,218.73,219.04,218.7,218.83,974
2026-08-19T17:15:00+00:00,218.83,219.14,218.76,218.8,959
2026-08-19T17:20:00+00:00,218.8,218.85,218.59,218.69,1097
2026-08-19T17:25:00+00:00,218.69,218.95,218.64,218.83,1022
2026-08-19T17:30:00+00:00,218.83,218.94,218.68,218.85,970
2026-08-19T17:35:00+00:00,218.85,218.95,218.72,218.76,820
2026-08-19T17:40:00+00:00,218.76,219.15,218.74,219.04,867
2026-08-19T17:45:00+00:00,219.04,219.27,218.84,219.07,895
2026-08-19T17:50:00+00:00,219.07,219.29,219.03,219.08,785
2026-08-19T17:55:00+00:00,219.08,219.09,218.85,218.93,638
2026-08-19T18:00:00+00:00,218.93,219.61,218.78,219.34,1391
2026-08-19T18:05:00+00:00,219.34,219.43,218.71,218.71,1749
2026-08-19T18:10:00+00:00,218.71,219.25,218.55,218.9,1485
2026-08-19T18:15:00+00:00,218.9,218.96,218.51,218.9,1254
2026-08-19T18:20:00+00:00,218.9,218.93,218.48,218.55,1071
2026-08-19T18:25:00+00:00,218.55,219,218.53,219,1074
2026-08-19T18:30:00+00:00,219,219.57,218.98,219.42,1277
2026-08-19T18:35:00+00:00,219.42,219.49,219.24,219.29,1128
2026-08-19T18:40:00+00:00,219.29,219.62,219.29,219.45,1113
2026-08-19T18:45:00+00:00,219.45,219.49,219.25,219.47,876
2026-08-19T18:50:00+00:00,219.47,219.56,219.28,219.49,941
2026-08-19T18:55:00+00:00,219.49,219.54,219.17,219.27,939
2026-08-19T19:00:00+00:00,219.27,219.66,219.26,219.44,1059
2026-08-19T19:05:00+00:00,219.44,219.47,219.26,219.37,834
2026-08-19T19:10:00+00:00,219.37,219.54,219.27,219.46,1028
2026-08-19T19:15:00+00:00,219.46,219.67,219.4,219.64,957
2026-08-19T19:20:00+00:00,219.64,219.7,219.47,219.63,946
2026-08-19T19:25:00+00:00,219.63,219.83,219.34,219.35,923
2026-08-19T19:30:00+00:00,219.35,219.68,219.27,219.67,1161
2026-08-19T19:35:00+00:00,219.67,219.67,218.85,218.86,1336
2026-08-19T19:40:00+00:00,218.86,218.98,218.62,218.7,1246
2026-08-19T19:45:00+00:00,218.7,218.76,217.99,218.12,1610
2026-08-19T19:50:00+00:00,218.12,218.12,217.41,217.61,1967
2026-08-19T19:55:00+00:00,217.61,217.63,216.86,217.5,3093
2026-08-20T13:30:00+00:00,217.5,218.58,216.99,218.37,2127
2026-08-20T13:35:00+00:00,218.37,219.62,218.06,219.26,2355
2026-08-20T13:40:00+00:00,219.26,219.66,218.77,218.95,2306
2026-08-20T13:45:00+00:00,218.95,219.06,217.38,217.85,2516
2026-08-20T13:50:00+00:00,217.85,217.97,217.29,217.7,2353
2026-08-20T13:55:00+00:00,217.7,218.06,217.2,217.53,2333
2026-08-20T14:00:00+00:00,217.53,217.9,216.95,216.99,2820
2026-08-20T14:05:00+00:00,216.99,217.84,216.91,217.79,2229
2026-08-20T14:10:00+00:00,217.79,217.9,217.51,217.67,2420
2026-08-20T14:15:00+00:00,217.67,217.76,216.87,216.87,2179
2026-08-20T14:20:00+00:00,216.87,217.71,216.74,217.22,2461
2026-08-20T14:25:00+00:00,217.22,217.46,216.53,217.34,2213
2026-08-20T14:30:00+00:00,217.34,217.95,217.2,217.36,2295
2026-08-20T14:35:00+00:00,217.36,218.32,217.19,218.12,2090
2026-08-20T14:40:00+00:00,218.12,218.75,217.94,218.67,1768
2026-08-20T14:45:00+00:00,218.67,218.74,217.58,217.58,1906
2026-08-20T14:50:00+00:00,217.58,217.71,217.11,217.13,2023
2026-08-20T14:55:00+00:00,217.13,217.55,217.08,217.53,1779
2026-08-20T15:00:00+00:00,217.53,218.14,217.48,218.02,2442
2026-08-20T15:05:00+00:00,218.02,218.04,217.17,217.3,2409
2026-08-20T15:10:00+00:00,217.3,217.6,217.09,217.4,2245
2026-08-20T15:15:00+00:00,217.4,217.5,217.1,217.29,2168
2026-08-20T15:20:00+00:00,217.29,217.37,216.66,216.72,2091
2026-08-20T15:25:00+00:00,216.72,216.77,216.46,216.63,2165
2026-08-20T15:30:00+00:00,216.63,216.77,216.23,216.3,1884
2026-08-20T15:35:00+00:00,216.3,216.41,215.9,215.93,1860
2026-08-20T15:40:00+00:00,215.93,216.07,215.76,215.77,1528
2026-08-20T15:45:00+00:00,215.77,215.96,215.49,215.83,1669
2026-08-20T15:50:00+00:00,215.83,216,215.64,215.93,1497
2026-08-20T15:55:00+00:00,215.93,216.14,215.84,216.11,1078
2026-08-20T16:00:00+00:00,216.11,216.28,216.08,216.14,1282
2026-08-20T16:05:00+00:00,216.14,216.46,216.08,216.44,1074
2026-08-20T16:10:00+00:00,216.44,216.58,216.15,216.23,1172
2026-08-20T16:15:00+00:00,216.23,216.37,216.12,216.29,1156
2026-08-20T16:20:00+00:00,216.29,216.79,216.15,216.71,1245
2026-08-20T16:25:00+00:00,216.71,216.78,216.58,216.66,942
2026-08-20T16:30:00+00:00,216.66,216.88,216.41,216.84,1099
2026-08-20T16:35:00+00:00,216.84,216.88,216.61,216.73,970
2026-08-20T16:40:00+00:00,216.73,216.83,216.62,216.69,783
2026-08-20T16:45:00+00:00,216.69,216.91,216.56,216.82,1035
2026-08-20T16:50:00+00:00,216.82,217.02,216.82,217,902
2026-08-20T16:55:00+00:00,217,217.81,216.96,217.64,1543
2026-08-20T17:00:00+00:00,217.64,217.78,217.12,217.35,1263
2026-08-20T17:05:00+00:00,217.35,217.39,216.69,216.8,1210
2026-08-20T17:10:00+00:00,216.8,216.82,216.62,216.66,894
2026-08-20T17:15:00+00:00,216.66,216.73,216.11,216.17,1239
2026-08-20T17:20:00+00:00,216.17,216.41,216.03,216.3,930
2026-08-20T17:25:00+00:00,216.3,216.34,216.08,216.13,838
2026-08-20T17:30:00+00:00,216.13,216.26,216.03,216.08,859
2026-08-20T17:35:00+00:00,216.08,216.27,216.02,216.19,826
2026-08-20T17:40:00+00:00,216.19,216.31,216.1,216.3,671
2026-08-20T17:45:00+00:00,216.3,216.57,216.24,216.49,721
2026-08-20T17:50:00+00:00,216.49,216.84,216.47,216.75,664
2026-08-20T17:55:00+00:00,216.75,216.81,216.58,216.62,641
2026-08-20T18:00:00+00:00,216.62,216.69,216.49,216.61,974
2026-08-20T18:05:00+00:00,216.61,216.64,216.28,216.42,1066
2026-08-20T18:10:00+00:00,216.42,216.49,216.23,216.42,1109
2026-08-20T18:15:00+00:00,216.42,216.57,216.17,216.56,1036
2026-08-20T18:20:00+00:00,216.56,216.76,216.54,216.69,837
2026-08-20T18:25:00+00:00,216.69,216.78,216.52,216.73,808
2026-08-20T18:30:00+00:00,216.73,216.83,216.48,216.51,925
2026-08-20T18:35:00+00:00,216.51,216.58,216.31,216.42,936
2026-08-20T18:40:00+00:00,216.42,216.45,216.3,216.4,1029
2026-08-20T18:45:00+00:00,216.4,216.57,216.31,216.56,968
2026-08-20T18:50:00+00:00,216.56,216.56,216.38,216.47,875
2026-08-20T18:55:00+00:00,216.47,216.62,216.36,216.43,811
2026-08-20T19:00:00+00:00,216.43,216.71,216.35,216.52,797
2026-08-20T19:05:00+00:00,216.52,216.91,216.5,216.86,732
2026-08-20T19:10:00+00:00,216.86,216.87,216.65,216.68,637
2026-08-20T19:15:00+00:00,216.68,216.81,216.64,216.68,725
2026-08-20T19:20:00+00:00,216.68,217.09,216.59,217.07,775
2026-08-20T19:25:00+00:00,217.07,217.28,217.03,217.26,690
2026-08-20T19:30:00+00:00,217.26,217.28,216.83,216.99,901
2026-08-20T19:35:00+00:00,216.99,217.23,216.92,217.12,862
2026-08-20T19:40:00+00:00,217.12,217.13,216.65,216.73,741
2026-08-20T19:45:00+00:00,216.73,217.01,216.57,216.99,910
2026-08-20T19:50:00+00:00,216.99,216.99,216.37,216.52,1463
2026-08-20T19:55:00+00:00,216.52,216.86,216.19,216.83,2158
2026-08-21T13:30:00+00:00,216.83,218.54,216.66,217.78,2373
2026-08-21T13:35:00+00:00,217.78,217.88,216.91,217.28,2013
2026-08-21T13:40:00+00:00,217.28,217.7,216.56,216.69,1881
2026-08-21T13:45:00+00:00,216.69,217.2,216.63,216.87,2131
2026-08-21T13:50:00+00:00,216.87,216.97,215.73,216.34,2117
2026-08-21T13:55:00+00:00,216.34,216.64,215.84,216.32,2463
2026-08-21T14:00:00+00:00,216.32,216.6,215.94,216.11,2566
2026-08-21T14:05:00+00:00,216.11,216.55,215.99,216.02,1992
2026-08-21T14:10:00+00:00,216.02,216.18,215.06,215.22,1933
2026-08-21T14:15:00+00:00,215.22,215.45,214.93,215.06,2362
2026-08-21T14:20:00+00:00,215.06,215.29,214.54,214.66,2229
2026-08-21T14:25:00+00:00,214.66,215.05,214.41,214.48,2047
2026-08-21T14:30:00+00:00,214.48,215.13,214.35,214.54,2118
2026-08-21T14:35:00+00:00,214.54,215,214.48,214.77,2072
2026-08-21T14:40:00+00:00,214.77,215.01,214.52,214.71,1765
2026-08-21T14:45:00+00:00,214.71,214.96,214.56,214.93,1789
2026-08-21T14:50:00+00:00,214.93,215.01,214.48,214.67,1579
2026-08-21T14:55:00+00:00,214.67,214.92,211.50000000000009,211.60000000000008,1565
2026-08-21T15:00:00+00:00,214.68,215.13,214.66,215.05,1458
2026-08-21T15:05:00+00:00,215.05,215.43,214.84,215.33,1254
2026-08-21T15:10:00+00:00,215.33,215.6,215.24,215.58,1081
2026-08-21T15:15:00+00:00,215.58,215.71,215.23,215.33,1298
2026-08-21T15:20:00+00:00,215.33,215.79,215.23,215.55,1239
2026-08-21T15:25:00+00:00,215.55,215.75,215.41,215.68,1109
2026-08-21T15:30:00+00:00,215.68,216.2,215.58,216.15,1336
2026-08-21T15:35:00+00:00,216.15,216.41,215.94,216.33,1316
2026-08-21T15:40:00+00:00,216.33,216.85,216.31,216.55,1551
2026-08-21T15:45:00+00:00,216.55,216.66,215.75,215.8,1071
2026-08-21T15:50:00+00:00,215.8,216.57,215.8,216.41,1052
2026-08-21T15:55:00+00:00,216.41,216.51,215.95,215.98,1048
2026-08-21T16:00:00+00:00,215.98,216.18,215.91,215.98,1098
2026-08-21T16:05:00+00:00,215.98,216.05,215.64,215.7,1220
2026-08-21T16:10:00+00:00,215.7,215.78,215.52,215.52,1075
2026-08-21T16:15:00+00:00,215.52,215.63,215.26,215.36,1104
2026-08-21T16:20:00+00:00,215.36,215.79,215.26,215.42,1615
2026-08-21T16:25:00+00:00,215.42,215.63,215.35,215.51,863
2026-08-21T16:30:00+00:00,215.51,215.6,215.34,215.35,861
2026-08-21T16:35:00+00:00,215.35,215.54,215.32,215.45,802
2026-08-21T16:40:00+00:00,215.45,215.66,215.41,215.63,727
2026-08-21T16:45:00+00:00,215.63,215.63,215.27,215.3,698
2026-08-21T16:50:00+00:00,215.3,215.36,215.04,215.05,857
2026-08-21T16:55:00+00:00,215.05,215.13,214.85,215.12,893
2026-08-21T17:00:00+00:00,215.12,215.3,215.04,215.25,787
2026-08-21T17:05:00+00:00,215.25,215.44,215.15,215.36,774
2026-08-21T17:10:00+00:00,215.36,215.4,215.17,215.2,657
2026-08-21T17:15:00+00:00,215.2,215.23,214.89,215.04,849
2026-08-21T17:20:00+00:00,215.04,215.04,214.6,214.64,986
2026-08-21T17:25:00+00:00,214.64,215.01,214.46,214.92,943
2026-08-21T17:30:00+00:00,214.92,214.96,214.73,214.82,928
2026-08-21T17:35:00+00:00,214.82,215.24,214.75,215.22,819
2026-08-21T17:40:00+00:00,215.22,215.45,215.15,215.45,639
2026-08-21T17:45:00+00:00,215.45,215.68,215.4,215.62,626
2026-08-21T17:50:00+00:00,215.62,215.75,215.54,215.61,667
2026-08-21T17:55:00+00:00,215.61,215.71,215.52,215.63,642
2026-08-21T18:00:00+00:00,215.63,215.95,215.56,215.89,936
2026-08-21T18:05:00+00:00,215.89,215.96,215.49,215.69,799
2026-08-21T18:10:00+00:00,215.69,215.87,215.53,215.56,606
2026-08-21T18:15:00+00:00,215.56,215.8,215.56,215.72,646
2026-08-21T18:20:00+00:00,215.72,215.8,215.63,215.71,745
2026-08-21T18:25:00+00:00,215.71,215.74,215.18,215.2,622
2026-08-21T18:30:00+00:00,215.2,215.26,214.95,214.99,721
2026-08-21T18:35:00+00:00,214.99,215.12,214.88,215.05,726
2026-08-21T18:40:00+00:00,215.05,215.1,214.85,214.86,555
2026-08-21T18:45:00+00:00,214.86,215.11,214.85,215.11,584
2026-08-21T18:50:00+00:00,215.11,215.2,214.93,214.98,551
2026-08-21T18:55:00+00:00,214.98,215.19,214.91,215.15,589
2026-08-21T19:00:00+00:00,215.15,215.3,215.11,215.15,790
2026-08-21T19:05:00+00:00,215.15,215.26,215.03,215.06,565
2026-08-21T19:10:00+00:00,215.06,215.07,214.74,214.78,607
2026-08-21T19:15:00+00:00,214.78,214.94,214.56,214.78,930
2026-08-21T19:20:00+00:00,214.78,215.02,214.71,215,682
2026-08-21T19:25:00+00:00,215,215,214.69,214.69,592
2026-08-21T19:30:00+00:00,214.69,214.9,214.69,214.85,794
2026-08-21T19:35:00+00:00,214.85,214.96,214.78,214.85,671
2026-08-21T19:40:00+00:00,214.85,215.19,214.83,215.13,690
2026-08-21T19:45:00+00:00,215.13,215.32,215.1,215.12,876
2026-08-21T19:50:00+00:00,215.12,215.14,214.72,214.87,1246
2026-08-21T19:55:00+00:00,214.87,214.87,214.38,214.58,1762
2026-08-24T13:30:00+00:00,214.58,215.3,212.81,213,2547
2026-08-24T13:35:00+00:00,213,213.2,212.21,212.41,2645
2026-08-24T13:40:00+00:00,212.41,212.52,209.52,209.73,3121
2026-08-24T13:45:00+00:00,209.73,210.05,209.2,209.46,3312
2026-08-24T13:50:00+00:00,209.46,209.58,208.85,209.39,3032
2026-08-24T13:55:00+00:00,209.39,209.7,209.15,209.49,2869
2026-08-24T14:00:00+00:00,209.49,209.91,208.98,209.22,2795
2026-08-24T14:05:00+00:00,209.22,209.4,208.72,209.12,2344
2026-08-24T14:10:00+00:00,209.12,209.31,208.7,209.08,2258
2026-08-24T14:15:00+00:00,209.08,209.21,208.45,208.66,2245
2026-08-24T14:20:00+00:00,208.66,209.54,208.54,209.16,1982
2026-08-24T14:25:00+00:00,209.16,209.3,208.92,209.18,1748
2026-08-24T14:30:00+00:00,209.18,210.09,209.08,210.05,1822
2026-08-24T14:35:00+00:00,210.05,210.15,209.59,209.93,1610
2026-08-24T14:40:00+00:00,209.93,210.08,209.43,209.69,1649
2026-08-24T14:45:00+00:00,209.69,209.79,209.38,209.76,1547
2026-08-24T14:50:00+00:00,209.76,209.83,209.34,209.71,1540
2026-08-24T14:55:00+00:00,209.71,209.95,209.46,209.53,1730
2026-08-24T15:00:00+00:00,209.53,210.16,209,209.07,1770
2026-08-24T15:05:00+00:00,209.07,209.1,208.82,208.93,1444
2026-08-24T15:10:00+00:00,208.93,209.32,208.8,208.99,1436
2026-08-24T15:15:00+00:00,208.99,209.16,208.96,209,1248
2026-08-24T15:20:00+00:00,209,209.24,208.69,209.16,1328
2026-08-24T15:25:00+00:00,209.16,209.79,209.11,209.68,1511
2026-08-24T15:30:00+00:00,209.68,209.94,209.41,209.87,1507
2026-08-24T15:35:00+00:00,209.87,210.06,209.78,210,1083
2026-08-24T15:40:00+00:00,210,210.18,209.84,210.02,1152
2026-08-24T15:45:00+00:00,210.02,210.55,209.95,210.14,1059
2026-08-24T15:50:00+00:00,210.14,210.56,210.04,210.41,872
2026-08-24T15:55:00+00:00,210.41,210.44,209.77,210.08,1049
2026-08-24T16:00:00+00:00,210.08,210.23,209.84,210.08,1479
2026-08-24T16:05:00+00:00,210.08,210.34,209.91,210.07,1173
2026-08-24T16:10:00+00:00,210.07,210.24,210.06,210.24,909
2026-08-24T16:15:00+00:00,210.24,210.62,210.17,210.56,1115
2026-08-24T16:20:00+00:00,210.56,210.87,210.46,210.57,1083
2026-08-24T16:25:00+00:00,210.57,210.68,210.43,210.53,932
2026-08-24T16:30:00+00:00,210.53,210.57,209.96,210.12,1070
2026-08-24T16:35:00+00:00,210.12,210.36,210.01,210.23,903
2026-08-24T16:40:00+00:00,210.23,210.27,210.01,210.11,870
2026-08-24T16:45:00+00:00,210.11,210.12,209.95,210.04,975
2026-08-24T16:50:00+00:00,210.04,210.06,209.5,209.53,795
2026-08-24T16:55:00+00:00,209.53,209.58,209.42,209.5,724
2026-08-24T17:00:00+00:00,209.5,209.74,209.46,209.71,818
2026-08-24T17:05:00+00:00,209.71,209.96,209.69,209.89,1071
2026-08-24T17:10:00+00:00,209.89,210.04,209.76,209.91,886
2026-08-24T17:15:00+00:00,209.91,209.91,209.56,209.56,979
2026-08-24T17:20:00+00:00,209.56,209.6,209.03,209.12,1182
2026-08-24T17:25:00+00:00,209.12,209.3,208.99,209.11,997
2026-08-24T17:30:00+00:00,209.11,209.48,209.03,209.39,908
2026-08-24T17:35:00+00:00,209.39,209.4,209.17,209.38,797
2026-08-24T17:40:00+00:00,209.38,209.54,209.29,209.4,665
2026-08-24T17:45:00+00:00,209.4,209.5,209.36,209.43,571
2026-08-24T17:50:00+00:00,209.43,209.51,209.33,209.45,587
2026-08-24T17:55:00+00:00,209.45,209.51,209.35,209.4,496
2026-08-24T18:00:00+00:00,209.4,209.69,209.38,209.61,719
2026-08-24T18:05:00+00:00,209.61,209.74,209.51,209.68,650
2026-08-24T18:10:00+00:00,209.68,209.71,209.49,209.65,630
2026-08-24T18:15:00+00:00,209.65,209.84,209.52,209.6,761
2026-08-24T18:20:00+00:00,209.6,210.11,209.6,210.05,672
2026-08-24T18:25:00+00:00,210.05,210.26,209.99,210.22,603
2026-08-24T18:30:00+00:00,210.22,210.31,210.04,210.1,834
2026-08-24T18:35:00+00:00,210.1,210.13,209.65,209.73,886
2026-08-24T18:40:00+00:00,209.73,209.75,209.54,209.62,772
2026-08-24T18:45:00+00:00,209.62,209.65,209.26,209.39,779
2026-08-24T18:50:00+00:00,209.39,209.48,209.19,209.26,629
2026-08-24T18:55:00+00:00,209.26,209.32,209.04,209.11,773
2026-08-24T19:00:00+00:00,209.11,209.34,209.1,209.28,903
2026-08-24T19:05:00+00:00,209.28,209.38,208.95,208.97,815
2026-08-24T19:10:00+00:00,208.97,209.41,208.94,209.31,862
2026-08-24T19:15:00+00:00,209.31,209.36,209.02,209.33,863
2026-08-24T19:20:00+00:00,209.33,209.4,209.16,209.33,723
2026-08-24T19:25:00+00:00,209.33,209.38,209.16,209.21,619
2026-08-24T19:30:00+00:00,209.21,209.31,208.75,208.79,899
2026-08-24T19:35:00+00:00,208.79,208.82,208.42,208.5,991
2026-08-24T19:40:00+00:00,208.5,208.58,208.3,208.47,955
2026-08-24T19:45:00+00:00,208.47,208.49,208.17,208.3,1147
2026-08-24T19:50:00+00:00,208.3,208.48,207.32,207.83,1937
2026-08-24T19:55:00+00:00,207.83,208.53,207.73,208.24,2311
2026-08-25T13:30:00+00:00,208.24,211.61,208.24,211.59,2414
2026-08-25T13:35:00+00:00,211.59,212.1,211.16,211.67,2611
2026-08-25T13:40:00+00:00,211.67,212.6,211.54,212.47,2574
2026-08-25T13:45:00+00:00,212.47,214.21,212.4,213.92,2746
2026-08-25T13:50:00+00:00,213.92,214.55,213.82,213.96,2736
2026-08-25T13:55:00+00:00,213.96,213.96,213.11,213.3,2243
2026-08-25T14:00:00+00:00,213.3,213.44,212.42,213,2635
2026-08-25T14:05:00+00:00,213,213.49,212.84,213.19,2258
2026-08-25T14:10:00+00:00,213.19,213.67,213.04,213.24,2168
2026-08-25T14:15:00+00:00,213.24,213.7,212.83,213.06,1954
2026-08-25T14:20:00+00:00,213.06,213.31,212.67,212.73,1936
2026-08-25T14:25:00+00:00,212.73,212.8,211.63,211.66,1844
2026-08-25T14:30:00+00:00,211.66,211.79,211.01,211.4,2496
2026-08-25T14:35:00+00:00,211.4,211.68,211.2,211.4,1690
2026-08-25T14:40:00+00:00,211.4,211.41,210.92,211.34,1759
2026-08-25T14:45:00+00:00,211.34,211.67,211.17,211.45,1724
2026-08-25T14:50:00+00:00,211.45,211.73,211.29,211.32,1142
2026-08-25T14:55:00+00:00,211.32,211.34,210.78,210.86,1257
2026-08-25T15:00:00+00:00,210.86,210.98,210.41,210.53,1621
2026-08-25T15:05:00+00:00,210.53,210.67,210.27,210.37,1280
2026-08-25T15:10:00+00:00,210.37,210.48,210.05,210.22,1103
2026-08-25T15:15:00+00:00,210.22,210.29,210.03,210.28,1007
2026-08-25T15:20:00+00:00,210.28,210.68,210.27,210.43,1101
2026-08-25T15:25:00+00:00,210.43,211.09,210.36,211.04,951
2026-08-25T15:30:00+00:00,211.04,211.23,210.77,210.88,1160
2026-08-25T15:35:00+00:00,210.88,211.13,210.85,210.9,1047
2026-08-25T15:40:00+00:00,210.9,211.17,210.88,211.13,804
2026-08-25T15:45:00+00:00,211.13,211.15,210.72,210.8,722
2026-08-25T15:50:00+00:00,210.8,211.15,210.71,210.98,843
2026-08-25T15:55:00+00:00,210.98,211.68,210.95,211.47,870
2026-08-25T16:00:00+00:00,211.47,211.72,211.28,211.5,914
2026-08-25T16:05:00+00:00,211.5,211.66,211.43,211.53,769
2026-08-25T16:10:00+00:00,211.53,211.76,211.5,211.71,723
2026-08-25T16:15:00+00:00,211.71,211.98,211.69,211.91,720
2026-08-25T16:20:00+00:00,211.91,212.08,211.79,211.85,742
2026-08-25T16:25:00+00:00,211.85,212.15,211.83,212.06,690
2026-08-25T16:30:00+00:00,212.06,212.18,211.94,211.95,633
2026-08-25T16:35:00+00:00,211.95,212.32,211.77,212.3,890
2026-08-25T16:40:00+00:00,212.3,212.33,211.91,212.04,661
2026-08-25T16:45:00+00:00,212.04,212.39,212.03,212.26,806
2026-08-25T16:50:00+00:00,212.26,212.31,211.96,211.97,677
2026-08-25T16:55:00+00:00,211.97,212.05,211.86,212.02,731
2026-08-25T17:00:00+00:00,212.02,212.21,211.91,211.99,778
2026-08-25T17:05:00+00:00,211.99,212.04,211.63,211.67,888
2026-08-25T17:10:00+00:00,211.67,211.86,211.56,211.82,797
2026-08-25T17:15:00+00:00,211.82,212.16,211.74,212.13,753
2026-08-25T17:20:00+00:00,212.13,212.27,212,212.09,667
2026-08-25T17:25:00+00:00,212.09,212.16,211.92,212.11,639
2026-08-25T17:30:00+00:00,212.11,212.24,212.04,212.16,718
2026-08-25T17:35:00+00:00,212.16,212.31,212.12,212.16,585
2026-08-25T17:40:00+00:00,212.16,212.17,212.03,212.12,591
2026-08-25T17:45:00+00:00,212.12,212.18,211.96,212.15,641
2026-08-25T17:50:00+00:00,212.15,212.35,212.06,212.31,533
2026-08-25T17:55:00+00:00,212.31,212.35,212.15,212.2,604
2026-08-25T18:00:00+00:00,212.2,212.24,211.97,212.07,668
2026-08-25T18:05:00+00:00,212.07,212.22,211.93,212.09,585
2026-08-25T18:10:00+00:00,212.09,212.12,211.74,211.75,493
2026-08-25T18:15:00+00:00,211.75,211.92,211.69,211.83,627
2026-08-25T18:20:00+00:00,211.83,212.03,211.81,211.98,577
2026-08-25T18:25:00+00:00,211.98,212.14,211.89,212.09,509
2026-08-25T18:30:00+00:00,212.09,212.63,212.09,212.58,687
2026-08-25T18:35:00+00:00,212.58,212.79,212.56,212.72,659
2026-08-25T18:40:00+00:00,212.72,212.73,212.46,212.68,550
2026-08-25T18:45:00+00:00,212.68,213.04,212.67,212.98,698
2026-08-25T18:50:00+00:00,212.98,213.03,212.88,212.99,608
2026-08-25T18:55:00+00:00,212.99,213.13,212.91,212.99,521
2026-08-25T19:00:00+00:00,212.99,213.27,212.75,212.78,766
2026-08-25T19:05:00+00:00,212.78,212.84,212.48,212.79,883
2026-08-25T19:10:00+00:00,212.79,212.82,211.99,212.05,772
2026-08-25T19:15:00+00:00,212.05,212.16,211.53,211.78,931
2026-08-25T19:20:00+00:00,211.78,211.83,211.58,211.67,815
2026-08-25T19:25:00+00:00,211.67,211.91,211.59,211.87,626
2026-08-25T19:30:00+00:00,211.87,212,211.73,212,845
2026-08-25T19:35:00+00:00,212,212.33,211.97,212.29,699
2026-08-25T19:40:00+00:00,212.29,212.6,212.24,212.3,846
2026-08-25T19:45:00+00:00,212.3,212.38,212.15,212.23,878
2026-08-25T19:50:00+00:00,212.23,212.79,212.06,212.69,1149
2026-08-25T19:55:00+00:00,212.69,213.05,212.69,212.82,1922
2026-08-26T13:30:00+00:00,212.82,213.4,211.43,211.56,2271
2026-08-26T13:35:00+00:00,211.56,211.74,210.61,211.66,2458
2026-08-26T13:40:00+00:00,211.66,212.76,211.61,212.73,2233
2026-08-26T13:45:00+00:00,212.73,213.43,212.22,212.3,2104
2026-08-26T13:50:00+00:00,212.3,212.42,211.75,212.3,1817
2026-08-26T13:55:00+00:00,212.3,212.52,212.08,212.49,1539
2026-08-26T14:00:00+00:00,212.49,212.5,211.87,211.91,1738
2026-08-26T14:05:00+00:00,211.91,211.97,211.55,211.57,1401
2026-08-26T14:10:00+00:00,211.57,211.65,211.24,211.31,1617
2026-08-26T14:15:00+00:00,211.31,211.33,210.87,210.89,1485
2026-08-26T14:20:00+00:00,210.89,210.91,210.16,210.31,1568
2026-08-26T14:25:00+00:00,210.31,210.52,210.02,210.35,1761
2026-08-26T14:30:00+00:00,210.35,210.47,210.06,210.09,1045
2026-08-26T14:35:00+00:00,210.09,210.52,209.9,210.41,1078
2026-08-26T14:40:00+00:00,210.41,210.76,210.32,210.65,1035
2026-08-26T14:45:00+00:00,210.65,210.92,210.55,210.88,959
2026-08-26T14:50:00+00:00,210.88,211.24,210.85,210.9,1001
2026-08-26T14:55:00+00:00,210.9,211.21,207.88000000000008,207.96000000000006,856
2026-08-26T15:00:00+00:00,210.98,211.37,210.86,211.04,1003
2026-08-26T15:05:00+00:00,211.04,211.14,210.96,211.09,740
2026-08-26T15:10:00+00:00,211.09,211.13,210.67,210.93,957
2026-08-26T15:15:00+00:00,210.93,210.93,210.45,210.53,881
2026-08-26T15:20:00+00:00,210.53,210.66,210.42,210.43,920
2026-08-26T15:25:00+00:00,210.43,210.99,210.41,210.92,994
2026-08-26T15:30:00+00:00,210.92,211,210.66,210.71,855
2026-08-26T15:35:00+00:00,210.71,210.97,210.71,210.94,635
2026-08-26T15:40:00+00:00,210.94,211.15,210.85,211.09,589
2026-08-26T15:45:00+00:00,211.09,211.27,211.02,211.24,532
2026-08-26T15:50:00+00:00,211.24,211.25,210.68,210.8,1251
2026-08-26T15:55:00+00:00,210.8,210.9,210.42,210.46,782
2026-08-26T16:00:00+00:00,210.46,210.49,209.98,210.17,922
2026-08-26T16:05:00+00:00,210.17,210.23,209.92,210.02,723
2026-08-26T16:10:00+00:00,210.02,210.18,209.59,209.7,824
2026-08-26T16:15:00+00:00,209.7,210.03,209.63,209.98,828
2026-08-26T16:20:00+00:00,209.98,210.22,209.94,210.12,709
2026-08-26T16:25:00+00:00,210.12,210.18,209.88,210.01,642
2026-08-26T16:30:00+00:00,210.01,210.16,209.95,209.95,597
2026-08-26T16:35:00+00:00,209.95,209.97,209.5,209.54,769
2026-08-26T16:40:00+00:00,209.54,209.65,209.35,209.55,790
2026-08-26T16:45:00+00:00,209.55,209.65,209.46,209.55,743
2026-08-26T16:50:00+00:00,209.55,209.62,209.3,209.4,634
2026-08-26T16:55:00+00:00,209.4,209.72,209.31,209.72,614
2026-08-26T17:00:00+00:00,209.72,209.77,209.58,209.76,570
2026-08-26T17:05:00+00:00,209.76,209.86,209.54,209.8,651
2026-08-26T17:10:00+00:00,209.8,209.96,209.73,209.87,431
2026-08-26T17:15:00+00:00,209.87,210.04,209.84,210,611
2026-08-26T17:20:00+00:00,210,210.09,209.9,210.04,367
2026-08-26T17:25:00+00:00,210.04,210.09,209.86,209.91,369
2026-08-26T17:30:00+00:00,209.91,209.96,209.74,209.85,381
2026-08-26T17:35:00+00:00,209.85,209.98,209.74,209.78,403
2026-08-26T17:40:00+00:00,209.78,210.46,209.77,210.31,805
2026-08-26T17:45:00+00:00,210.31,210.48,210.23,210.24,918
2026-08-26T17:50:00+00:00,210.24,210.37,210.07,210.3,617
2026-08-26T17:55:00+00:00,210.3,210.46,210.22,210.4,466
2026-08-26T18:00:00+00:00,210.4,210.43,210.21,210.31,431
2026-08-26T18:05:00+00:00,210.31,210.74,210.29,210.68,395
2026-08-26T18:10:00+00:00,210.68,210.71,209.99,210.11,641
2026-08-26T18:15:00+00:00,210.11,210.43,209.98,210.43,607
2026-08-26T18:20:00+00:00,210.43,210.54,210.38,210.5,393
2026-08-26T18:25:00+00:00,210.5,210.68,210.4,210.6,420
2026-08-26T18:30:00+00:00,210.6,210.84,210.58,210.79,620
2026-08-26T18:35:00+00:00,210.79,210.86,210.54,210.59,503
2026-08-26T18:40:00+00:00,210.59,210.63,210.32,210.37,404
2026-08-26T18:45:00+00:00,210.37,211,210.37,210.99,731
2026-08-26T18:50:00+00:00,210.99,211,210.71,210.72,586
2026-08-26T18:55:00+00:00,210.72,210.99,210.68,210.88,551
2026-08-26T19:00:00+00:00,210.88,211.14,210.73,211.08,729
2026-08-26T19:05:00+00:00,211.08,211.17,210.88,210.9,640
2026-08-26T19:10:00+00:00,210.9,211.06,210.7,210.78,656
2026-08-26T19:15:00+00:00,210.78,211.04,210.71,211,570
2026-08-26T19:20:00+00:00,211,211.03,210.64,210.8,591
2026-08-26T19:25:00+00:00,210.8,210.91,210.58,210.71,488
2026-08-26T19:30:00+00:00,210.71,210.79,210.41,210.54,835
2026-08-26T19:35:00+00:00,210.54,210.55,209.73,209.85,1048
2026-08-26T19:40:00+00:00,209.85,210.04,209.41,209.46,1029
2026-08-26T19:45:00+00:00,209.46,209.83,209.36,209.73,1332
2026-08-26T19:50:00+00:00,209.73,209.96,209.1,209.36,1622
2026-08-26T19:55:00+00:00,209.36,209.83,209.06,209.77,2482
2026-08-27T13:30:00+00:00,209.77,225.11,209.77,222.13,4249
2026-08-27T13:35:00+00:00,222.13,223.28,220.74,223.02,4190
2026-08-27T13:40:00+00:00,223.02,225.66,222.99,224.77,3983
2026-08-27T13:45:00+00:00,224.77,225.04,222.1,222.5,3830
2026-08-27T13:50:00+00:00,222.5,224.41,222.38,224.1,3281
2026-08-27T13:55:00+00:00,224.1,224.68,222.91,224.01,3546
2026-08-27T14:00:00+00:00,224.01,225.39,223.75,224.88,3543
2026-08-27T14:05:00+00:00,224.88,225.48,224.06,224.68,2991
2026-08-27T14:10:00+00:00,224.68,225.75,224.65,225.2,2717
2026-08-27T14:15:00+00:00,225.2,225.93,225.2,225.39,2395
2026-08-27T14:20:00+00:00,225.39,225.59,224.06,224.53,2541
2026-08-27T14:25:00+00:00,224.53,226.22,224.23,225.56,2347
2026-08-27T14:30:00+00:00,225.56,226.07,225.08,225.17,2282
2026-08-27T14:35:00+00:00,225.17,225.2,223.32,223.54,2245
2026-08-27T14:40:00+00:00,223.54,224.87,223.46,224.42,2172
2026-08-27T14:45:00+00:00,224.42,225.03,224.2,224.95,1782
2026-08-27T14:50:00+00:00,224.95,225.94,224.94,225.79,1733
2026-08-27T14:55:00+00:00,225.79,226.82,225.39,226.76,2074
2026-08-27T15:00:00+00:00,226.76,227.14,226.16,226.36,2109
2026-08-27T15:05:00+00:00,226.36,226.37,225.03,225.29,1973
2026-08-27T15:10:00+00:00,225.29,225.58,224.85,225.56,1599
2026-08-27T15:15:00+00:00,225.56,225.88,225.21,225.39,1531
2026-08-27T15:20:00+00:00,225.39,225.74,225.08,225.27,1467
2026-08-27T15:25:00+00:00,225.27,225.45,225.03,225.29,1361
2026-08-27T15:30:00+00:00,225.29,226.08,225.08,225.82,1621
2026-08-27T15:35:00+00:00,225.82,225.86,224.74,225.4,1405
2026-08-27T15:40:00+00:00,225.4,225.47,225.07,225.17,1326
2026-08-27T15:45:00+00:00,225.17,225.21,224.67,225.05,1447
2026-08-27T15:50:00+00:00,225.05,226.61,225.01,226.6,1532
2026-08-27T15:55:00+00:00,226.6,226.6,225.98,226.02,1330
2026-08-27T16:00:00+00:00,226.02,226.92,225.96,226.53,1368
2026-08-27T16:05:00+00:00,226.53,227.31,226.36,227.3,1465
2026-08-27T16:10:00+00:00,227.3,227.6,227.15,227.26,1500
2026-08-27T16:15:00+00:00,227.26,227.73,227.09,227.67,1390
2026-08-27T16:20:00+00:00,227.67,228.12,227.41,227.77,1645
2026-08-27T16:25:00+00:00,227.77,228.47,227.54,228.34,1504
2026-08-27T16:30:00+00:00,228.34,228.77,228.15,228.68,1270
2026-08-27T16:35:00+00:00,228.68,229.6,228.66,229.51,1578
2026-08-27T16:40:00+00:00,229.51,229.68,229.19,229.32,1548
2026-08-27T16:45:00+00:00,229.32,229.47,228.73,228.82,1521
2026-08-27T16:50:00+00:00,228.82,229.31,228.71,229.08,1368
2026-08-27T16:55:00+00:00,229.08,229.54,228.95,229.52,1079
2026-08-27T17:00:00+00:00,229.52,229.74,229.38,229.51,1145
2026-08-27T17:05:00+00:00,229.51,229.7,229.25,229.68,1182
2026-08-27T17:10:00+00:00,229.68,229.83,229.63,229.78,965
2026-08-27T17:15:00+00:00,229.78,229.82,229.53,229.68,1128
2026-08-27T17:20:00+00:00,229.68,230.29,229.61,230.28,1182
2026-08-27T17:25:00+00:00,230.28,230.31,229.03,229.06,1718
2026-08-27T17:30:00+00:00,229.06,229.42,228.81,228.87,1311
2026-08-27T17:35:00+00:00,228.87,229.18,228.75,228.9,1137
2026-08-27T17:40:00+00:00,228.9,229.11,228.74,228.79,957
2026-08-27T17:45:00+00:00,228.79,228.8,228.39,228.64,1255
2026-08-27T17:50:00+00:00,228.64,228.77,228.28,228.46,1136
2026-08-27T17:55:00+00:00,228.46,228.65,228.08,228.09,1121
2026-08-27T18:00:00+00:00,228.09,228.18,227.51,227.6,1576
2026-08-27T18:05:00+00:00,227.6,227.82,227.47,227.55,1353
2026-08-27T18:10:00+00:00,227.55,227.63,227.25,227.4,1355
2026-08-27T18:15:00+00:00,227.4,227.56,227.2,227.38,1204
2026-08-27T18:20:00+00:00,227.38,227.74,226.73,226.86,1276
2026-08-27T18:25:00+00:00,226.86,226.87,225.91,225.92,1610
2026-08-27T18:30:00+00:00,225.92,226.24,225.58,225.75,1470
2026-08-27T18:35:00+00:00,225.75,226.59,225.47,226.57,1465
2026-08-27T18:40:00+00:00,226.57,226.79,226.35,226.62,1160
2026-08-27T18:45:00+00:00,226.62,226.65,225.41,225.43,1226
2026-08-27T18:50:00+00:00,225.43,225.66,225.24,225.43,1244
2026-08-27T18:55:00+00:00,225.43,226,225.19,225.94,1328
2026-08-27T19:00:00+00:00,225.94,225.98,225.56,225.78,1217
2026-08-27T19:05:00+00:00,225.78,226.46,225.43,226.27,1575
2026-08-27T19:10:00+00:00,226.27,226.4,225.64,225.69,1170
2026-08-27T19:15:00+00:00,225.69,226.61,225.67,226.56,1590
2026-08-27T19:20:00+00:00,226.56,227.32,226.51,226.82,1415
2026-08-27T19:25:00+00:00,226.82,227.29,226.68,227.03,1517
2026-08-27T19:30:00+00:00,227.03,228.03,226.77,227.99,1644
2026-08-27T19:35:00+00:00,227.99,228.63,227.96,228.49,1560
2026-08-27T19:40:00+00:00,228.49,228.63,228.03,228.12,1356
2026-08-27T19:45:00+00:00,228.12,228.31,228.01,228.11,1204
2026-08-27T19:50:00+00:00,228.11,228.82,227.73,228.39,1895
2026-08-27T19:55:00+00:00,228.39,228.39,227.42,227.79,3154
2026-08-28T13:30:00+00:00,227.79,227.79,225.87,226.57,3036
2026-08-28T13:35:00+00:00,226.57,227.76,226.5,227.4,3004
2026-08-28T13:40:00+00:00,227.4,229.07,227.36,227.88,2455
2026-08-28T13:45:00+00:00,227.88,228.18,225.6,225.64,2445
2026-08-28T13:50:00+00:00,225.64,225.73,224.98,225,2513
2026-08-28T13:55:00+00:00,225,225.34,224.49,225.07,1876
2026-08-28T14:00:00+00:00,225.07,225.62,224.76,225.13,2907
2026-08-28T14:05:00+00:00,225.13,225.18,224.06,224.14,2960
2026-08-28T14:10:00+00:00,224.14,224.25,223.21,223.36,2895
2026-08-28T14:15:00+00:00,223.36,224.22,223.31,223.94,3040
2026-08-28T14:20:00+00:00,223.94,225.13,223.87,224.73,2869
2026-08-28T14:25:00+00:00,224.73,225.35,224.64,224.93,2859
2026-08-28T14:30:00+00:00,224.93,225.21,224.29,225.19,3034
2026-08-28T14:35:00+00:00,225.19,225.37,224.88,225.02,2358
2026-08-28T14:40:00+00:00,225.02,225.67,224.98,225.25,2098
2026-08-28T14:45:00+00:00,225.25,226.16,225.15,225.61,2089
2026-08-28T14:50:00+00:00,225.61,226.62,225.47,226.33,2046
2026-08-28T14:55:00+00:00,226.33,226.75,226.28,226.58,1802
2026-08-28T15:00:00+00:00,226.58,226.63,225.43,225.53,2026
2026-08-28T15:05:00+00:00,225.53,225.57,224.65,224.71,1670
2026-08-28T15:10:00+00:00,224.71,224.9,223.93,224.13,2045
2026-08-28T15:15:00+00:00,224.13,224.29,223.55,223.57,1848
2026-08-28T15:20:00+00:00,223.57,223.97,223.33,223.6,1927
2026-08-28T15:25:00+00:00,223.6,224.06,223.5,223.84,1501
2026-08-28T15:30:00+00:00,223.84,224.03,223.55,223.67,1562
2026-08-28T15:35:00+00:00,223.67,223.72,223.34,223.42,1632
2026-08-28T15:40:00+00:00,223.42,223.43,222.44,222.87,2275
2026-08-28T15:45:00+00:00,222.87,222.94,222.17,222.32,2154
2026-08-28T15:50:00+00:00,222.32,222.5,221.73,221.96,2198
2026-08-28T15:55:00+00:00,221.96,222.01,220.86,221.16,2566
2026-08-28T16:00:00+00:00,221.16,221.21,220.29,220.35,2866
2026-08-28T16:05:00+00:00,220.35,221.09,220.2,220.99,2139
2026-08-28T16:10:00+00:00,220.99,221.02,220.54,220.61,2081
2026-08-28T16:15:00+00:00,220.61,220.71,219.79,220.07,2523
2026-08-28T16:20:00+00:00,220.07,220.5,219.76,220.36,2363
2026-08-28T16:25:00+00:00,220.36,220.4,219.86,220.01,2234
2026-08-28T16:30:00+00:00,220.01,220.37,219.83,220.07,2287
2026-08-28T16:35:00+00:00,220.07,220.48,219.97,220.32,2122
2026-08-28T16:40:00+00:00,220.32,220.35,219.61,219.94,1835
2026-08-28T16:45:00+00:00,219.94,220.78,219.93,220.65,2011
2026-08-28T16:50:00+00:00,220.65,220.68,220.12,220.19,1812
2026-08-28T16:55:00+00:00,220.19,220.21,219.59,219.63,1721
2026-08-28T17:00:00+00:00,219.63,219.67,218.53,218.55,2544
2026-08-28T17:05:00+00:00,218.55,218.58,217.92,217.96,2066
2026-08-28T17:10:00+00:00,217.96,218.6,217.73,218.51,2021
2026-08-28T17:15:00+00:00,218.51,219.14,218.41,218.89,1831
2026-08-28T17:20:00+00:00,218.89,218.94,218.32,218.56,1677
2026-08-28T17:25:00+00:00,218.56,218.91,218.34,218.52,1500
2026-08-28T17:30:00+00:00,218.52,219.21,218.33,218.99,1574
2026-08-28T17:35:00+00:00,218.99,219.27,218.68,218.71,1641
2026-08-28T17:40:00+00:00,218.71,218.95,218.59,218.87,1351
2026-08-28T17:45:00+00:00,218.87,219.53,218.74,219.4,1405
2026-08-28T17:50:00+00:00,219.4,219.66,219.28,219.36,1178
2026-08-28T17:55:00+00:00,219.36,219.39,218.84,219.18,1326
2026-08-28T18:00:00+00:00,219.18,219.28,218.63,218.73,1405
2026-08-28T18:05:00+00:00,218.73,218.84,218.37,218.42,1387
2026-08-28T18:10:00+00:00,218.42,218.8,218.27,218.41,1119
2026-08-28T18:15:00+00:00,218.41,218.57,218.18,218.33,1116
2026-08-28T18:20:00+00:00,218.33,218.52,218.07,218.11,1141
2026-08-28T18:25:00+00:00,218.11,218.26,217.91,218.21,1273
2026-08-28T18:30:00+00:00,218.21,218.44,218.03,218.4,1187
2026-08-28T18:35:00+00:00,218.4,218.53,218.02,218.05,1115
2026-08-28T18:40:00+00:00,218.05,218.27,217.53,217.83,1246
2026-08-28T18:45:00+00:00,217.83,217.85,217.56,217.66,1102
2026-08-28T18:50:00+00:00,217.66,217.66,216.81,216.85,1817
2026-08-28T18:55:00+00:00,216.85,217.2,216.64,217.2,1594
2026-08-28T19:00:00+00:00,217.2,217.41,216.84,216.86,1569
2026-08-28T19:05:00+00:00,216.86,217.3,216.75,217.28,1654
2026-08-28T19:10:00+00:00,217.28,217.3,216.86,217.07,1383
2026-08-28T19:15:00+00:00,217.07,217.36,216.78,217.33,1467
2026-08-28T19:20:00+00:00,217.33,217.43,217.1,217.23,1334
2026-08-28T19:25:00+00:00,217.23,217.44,217.02,217.09,1232
2026-08-28T19:30:00+00:00,217.09,217.39,217.07,217.28,1607
2026-08-28T19:35:00+00:00,217.28,217.38,217.11,217.14,1214
2026-08-28T19:40:00+00:00,217.14,217.35,216.77,217.03,1338
2026-08-28T19:45:00+00:00,217.03,217.29,216.76,217.26,1509
2026-08-28T19:50:00+00:00,217.26,217.72,216.8,217.13,2319
2026-08-28T19:55:00+00:00,217.13,218.03,217.1,217.38,2087
2026-08-31T13:30:00+00:00,217.38,219.16,216.87,216.99,2419
2026-08-31T13:35:00+00:00,216.99,217.11,216.05,216.65,2679
2026-08-31T13:40:00+00:00,216.65,218.19,216.65,217.88,2351
2026-08-31T13:45:00+00:00,217.88,218.31,217.43,217.71,2326
2026-08-31T13:50:00+00:00,217.71,218.62,217.7,217.96,1974
2026-08-31T13:55:00+00:00,217.96,218.86,217.88,218.67,1875
2026-08-31T14:00:00+00:00,218.67,219.05,218.23,218.89,1822
2026-08-31T14:05:00+00:00,218.89,219.46,218.63,219.19,1607
2026-08-31T14:10:00+00:00,219.19,220.04,219.1,220.02,1800
2026-08-31T14:15:00+00:00,220.02,220.12,219.52,219.75,1827
2026-08-31T14:20:00+00:00,219.75,220.19,219.35,219.35,1476
2026-08-31T14:25:00+00:00,219.35,219.99,219.18,219.9,1480
2026-08-31T14:30:00+00:00,219.9,220.19,219.53,220.15,1535
2026-08-31T14:35:00+00:00,220.15,220.44,219.5,219.55,1545
2026-08-31T14:40:00+00:00,219.55,219.94,219.49,219.77,1208
2026-08-31T14:45:00+00:00,219.77,219.92,219.56,219.61,1229
2026-08-31T14:50:00+00:00,219.61,219.67,219.07,219.44,1419
2026-08-31T14:55:00+00:00,219.44,219.62,219.32,219.55,1319
2026-08-31T15:00:00+00:00,219.55,219.87,219.01,219.25,1503
2026-08-31T15:05:00+00:00,219.25,219.75,219.05,219.19,1362
2026-08-31T15:10:00+00:00,219.19,219.3,218.96,219.07,1296
2026-08-31T15:15:00+00:00,219.07,219.52,218.95,219.51,1171
2026-08-31T15:20:00+00:00,219.51,220.03,219.31,220.02,1236
2026-08-31T15:25:00+00:00,220.02,220.37,219.83,220.08,1150
2026-08-31T15:30:00+00:00,220.08,220.15,219.5,219.63,1409
2026-08-31T15:35:00+00:00,219.63,219.72,219.42,219.56,1033
2026-08-31T15:40:00+00:00,219.56,219.61,219.33,219.57,900
2026-08-31T15:45:00+00:00,219.57,219.89,219.43,219.81,957
2026-08-31T15:50:00+00:00,219.81,220.2,219.8,219.9,1001
2026-08-31T15:55:00+00:00,219.9,219.94,219.24,219.32,1035
2026-08-31T16:00:00+00:00,219.32,219.36,218.94,219.13,967
2026-08-31T16:05:00+00:00,219.13,219.18,219,219.11,911
2026-08-31T16:10:00+00:00,219.11,219.61,219.06,219.54,985
2026-08-31T16:15:00+00:00,219.54,219.76,219.44,219.61,846
2026-08-31T16:20:00+00:00,219.61,219.87,219.59,219.77,867
2026-08-31T16:25:00+00:00,219.77,220.14,219.75,220.05,696
2026-08-31T16:30:00+00:00,220.05,220.13,219.63,219.73,929
2026-08-31T16:35:00+00:00,219.73,219.82,219.6,219.66,726
2026-08-31T16:40:00+00:00,219.66,219.83,219.56,219.56,829
2026-08-31T16:45:00+00:00,219.56,219.83,219.47,219.83,727
2026-08-31T16:50:00+00:00,219.83,219.89,219.68,219.73,533
2026-08-31T16:55:00+00:00,219.73,220.04,219.69,220.02,621
2026-08-31T17:00:00+00:00,220.02,220.1,219.81,219.87,692
2026-08-31T17:05:00+00:00,219.87,219.93,219.61,219.78,715
2026-08-31T17:10:00+00:00,219.78,219.83,219.61,219.66,461
2026-08-31T17:15:00+00:00,219.66,219.78,219.58,219.61,504
2026-08-31T17:20:00+00:00,219.61,219.68,219.45,219.61,467
2026-08-31T17:25:00+00:00,219.61,219.66,219.17,219.19,468
2026-08-31T17:30:00+00:00,219.19,219.23,218.96,219.05,726
2026-08-31T17:35:00+00:00,219.05,219.27,219.03,219.18,637
2026-08-31T17:40:00+00:00,219.18,219.54,219.1,219.49,692
2026-08-31T17:45:00+00:00,219.49,219.72,219.35,219.57,705
2026-08-31T17:50:00+00:00,219.57,219.85,219.55,219.72,686
2026-08-31T17:55:00+00:00,219.72,219.74,219.33,219.42,613
2026-08-31T18:00:00+00:00,219.42,219.59,219.35,219.47,644
2026-08-31T18:05:00+00:00,219.47,219.51,219.36,219.43,618
2026-08-31T18:10:00+00:00,219.43,219.47,219.14,219.17,612
2026-08-31T18:15:00+00:00,219.17,219.28,219.07,219.25,533
2026-08-31T18:20:00+00:00,219.25,219.45,219.23,219.41,491
2026-08-31T18:25:00+00:00,219.41,219.43,218.74,218.79,519
2026-08-31T18:30:00+00:00,218.79,218.8,218.18,218.22,809
2026-08-31T18:35:00+00:00,218.22,218.32,217.87,217.91,1017
2026-08-31T18:40:00+00:00,217.91,218.06,217.63,217.97,1079
2026-08-31T18:45:00+00:00,217.97,218,217.53,217.86,1114
2026-08-31T18:50:00+00:00,217.86,218.27,217.71,218.25,786
2026-08-31T18:55:00+00:00,218.25,218.67,218.12,218.41,847
2026-08-31T19:00:00+00:00,218.41,218.77,218.41,218.68,711
2026-08-31T19:05:00+00:00,218.68,218.72,218.41,218.62,687
2026-08-31T19:10:00+00:00,218.62,219,218.61,218.78,484
2026-08-31T19:15:00+00:00,218.78,218.83,218.58,218.69,790
2026-08-31T19:20:00+00:00,218.69,219.33,218.65,219.3,815
2026-08-31T19:25:00+00:00,219.3,219.68,219.05,219.65,840
2026-08-31T19:30:00+00:00,219.65,219.67,219.46,219.61,824
2026-08-31T19:35:00+00:00,219.61,219.66,219.43,219.61,708
2026-08-31T19:40:00+00:00,219.61,219.83,219.53,219.79,689
2026-08-31T19:45:00+00:00,219.79,219.87,219.1,219.36,1187
2026-08-31T19:50:00+00:00,219.36,220.58,219.35,220.56,2005
2026-08-31T19:55:00+00:00,220.56,221.11,220.15,220.5,2313
2026-09-01T13:30:00+00:00,220.5,220.5,214.93,215.47,2271
2026-09-01T13:35:00+00:00,215.47,216.36,215.36,216.11,2102
2026-09-01T13:40:00+00:00,216.11,216.16,215.34,215.45,1994
2026-09-01T13:45:00+00:00,215.45,216.29,215.36,216.18,2018
2026-09-01T13:50:00+00:00,216.18,217.23,216.05,216.64,2119
2026-09-01T13:55:00+00:00,216.64,216.87,216.54,216.74,1516
2026-09-01T14:00:00+00:00,216.74,217.18,216.6,216.9,1774
2026-09-01T14:05:00+00:00,216.9,217.91,216.84,217.61,1756
2026-09-01T14:10:00+00:00,217.61,217.95,217.36,217.69,1739
2026-09-01T14:15:00+00:00,217.69,218.23,217.61,217.68,1742
2026-09-01T14:20:00+00:00,217.68,217.98,217.54,217.58,1288
2026-09-01T14:25:00+00:00,217.58,217.9,217.41,217.47,1175
2026-09-01T14:30:00+00:00,217.47,217.95,217.36,217.75,1369
2026-09-01T14:35:00+00:00,217.75,217.86,217.44,217.54,1365
2026-09-01T14:40:00+00:00,217.54,217.94,217.48,217.85,1257
2026-09-01T14:45:00+00:00,217.85,217.99,217.55,217.6,1231
2026-09-01T14:50:00+00:00,217.6,218.4,217.51,217.61,1554
2026-09-01T14:55:00+00:00,217.61,217.89,217.45,217.87,1290
2026-09-01T15:00:00+00:00,217.87,218.38,217.86,218.32,1410
2026-09-01T15:05:00+00:00,218.32,218.34,217.65,217.68,1185
2026-09-01T15:10:00+00:00,217.68,218.16,217.53,217.79,1266
2026-09-01T15:15:00+00:00,217.79,218.18,217.7,217.99,1114
2026-09-01T15:20:00+00:00,217.99,218.5,217.93,218.39,1117
2026-09-01T15:25:00+00:00,218.39,218.64,218.26,218.64,1018
2026-09-01T15:30:00+00:00,218.64,218.91,218.53,218.63,1085
2026-09-01T15:35:00+00:00,218.63,219.37,218.58,219.3,1139
2026-09-01T15:40:00+00:00,219.3,219.38,219.02,219.32,1070
2026-09-01T15:45:00+00:00,219.32,219.75,219.24,219.56,1097
2026-09-01T15:50:00+00:00,219.56,220.25,219.46,219.98,1247
2026-09-01T15:55:00+00:00,219.98,220.15,219.82,220.09,1050
2026-09-01T16:00:00+00:00,220.09,220.13,219.65,219.73,993
2026-09-01T16:05:00+00:00,219.73,219.82,219.51,219.54,904
2026-09-01T16:10:00+00:00,219.54,219.88,219.4,219.63,978
2026-09-01T16:15:00+00:00,219.63,219.79,219.34,219.36,1106
2026-09-01T16:20:00+00:00,219.36,219.4,218.93,219.16,1394
2026-09-01T16:25:00+00:00,219.16,219.47,218.91,219.41,1336
2026-09-01T16:30:00+00:00,219.41,219.58,219.04,219.06,1470
2026-09-01T16:35:00+00:00,219.06,219.36,219.03,219.25,1405
2026-09-01T16:40:00+00:00,219.25,219.37,218.92,218.93,1060
2026-09-01T16:45:00+00:00,218.93,219.21,218.78,219.18,949
2026-09-01T16:50:00+00:00,219.18,219.27,219.03,219.17,817
2026-09-01T16:55:00+00:00,219.17,219.65,219.17,219.49,1043
2026-09-01T17:00:00+00:00,219.49,219.54,218.67,218.68,1258
2026-09-01T17:05:00+00:00,218.68,218.77,218.31,218.4,1097
2026-09-01T17:10:00+00:00,218.4,218.43,218.12,218.3,918
2026-09-01T17:15:00+00:00,218.3,218.39,218,218.04,897
2026-09-01T17:20:00+00:00,218.04,218.26,217.97,218.21,779
2026-09-01T17:25:00+00:00,218.21,218.37,218,218.19,1386
2026-09-01T17:30:00+00:00,218.19,218.43,218.06,218.32,924
2026-09-01T17:35:00+00:00,218.32,218.41,218.08,218.14,851
2026-09-01T17:40:00+00:00,218.14,218.29,218.06,218.13,794
2026-09-01T17:45:00+00:00,218.13,218.2,217.84,217.85,733
2026-09-01T17:50:00+00:00,217.85,218.11,217.78,217.86,747
2026-09-01T17:55:00+00:00,217.86,217.9,217.63,217.86,755
2026-09-01T18:00:00+00:00,217.86,218.01,217.58,217.63,1006
2026-09-01T18:05:00+00:00,217.63,217.66,217.48,217.58,798
2026-09-01T18:10:00+00:00,217.58,217.61,217.32,217.33,873
2026-09-01T18:15:00+00:00,217.33,217.71,217.24,217.6,842
2026-09-01T18:20:00+00:00,217.6,217.7,217.48,217.56,804
2026-09-01T18:25:00+00:00,217.56,217.58,217.12,217.27,908
2026-09-01T18:30:00+00:00,217.27,217.38,216.95,217.03,913
2026-09-01T18:35:00+00:00,217.03,217.18,216.67,216.67,963
2026-09-01T18:40:00+00:00,216.67,216.86,216.34,216.34,1230
2026-09-01T18:45:00+00:00,216.34,216.69,216.18,216.54,1621
2026-09-01T18:50:00+00:00,216.54,216.64,216.37,216.58,1011
2026-09-01T18:55:00+00:00,216.58,217.25,216.53,217.15,1154
2026-09-01T19:00:00+00:00,217.15,217.35,217.08,217.2,1214
2026-09-01T19:05:00+00:00,217.2,217.59,217.1,217.53,962
2026-09-01T19:10:00+00:00,217.53,217.68,217.46,217.64,938
2026-09-01T19:15:00+00:00,217.64,217.75,217.52,217.67,1056
2026-09-01T19:20:00+00:00,217.67,217.71,217.35,217.51,1043
2026-09-01T19:25:00+00:00,217.51,217.54,217.32,217.41,987
2026-09-01T19:30:00+00:00,217.41,217.46,216.84,217.15,1400
2026-09-01T19:35:00+00:00,217.15,217.26,216.89,216.94,1061
2026-09-01T19:40:00+00:00,216.94,217.23,216.87,217.22,1090
2026-09-01T19:45:00+00:00,217.22,217.52,217.11,217.41,1111
2026-09-01T19:50:00+00:00,217.41,217.41,216.47,216.74,1713
2026-09-01T19:55:00+00:00,216.74,217.43,216.71,217.38,1944
2026-09-02T13:30:00+00:00,217.38,219.94,217.38,219.7,2019
2026-09-02T13:35:00+00:00,219.7,219.78,218.97,219.7,2336
2026-09-02T13:40:00+00:00,219.7,219.91,219.13,219.4,2061
2026-09-02T13:45:00+00:00,219.4,219.82,219.04,219.76,1974
2026-09-02T13:50:00+00:00,219.76,219.99,219.61,219.7,1971
2026-09-02T13:55:00+00:00,219.7,221.33,219.46,221.28,1962
2026-09-02T14:00:00+00:00,221.28,221.93,220.99,221.75,2459
2026-09-02T14:05:00+00:00,221.75,222.9,221.67,222.03,2281
2026-09-02T14:10:00+00:00,222.03,222.5,221.81,222.27,1961
2026-09-02T14:15:00+00:00,222.27,222.98,221.95,222.81,1862
2026-09-02T14:20:00+00:00,222.81,223.06,222.56,223.02,1838
2026-09-02T14:25:00+00:00,223.02,223.25,222.4,222.67,1638
2026-09-02T14:30:00+00:00,222.67,223.32,222.42,223.2,1860
2026-09-02T14:35:00+00:00,223.2,223.91,223.1,223.6,1996
2026-09-02T14:40:00+00:00,223.6,224.05,223.59,223.9,1519
2026-09-02T14:45:00+00:00,223.9,224.05,223.2,223.57,1600
2026-09-02T14:50:00+00:00,223.57,223.86,223.3,223.58,1418
2026-09-02T14:55:00+00:00,223.58,223.98,223.5,223.77,1131
2026-09-02T15:00:00+00:00,223.87,225.3,223.75,225.27,2017
2026-09-02T15:05:00+00:00,225.27,225.87,224.78,225.84,1924
2026-09-02T15:10:00+00:00,225.84,226.63,225.61,226.33,2124
2026-09-02T15:15:00+00:00,226.33,226.83,226.2,226.42,1556
2026-09-02T15:20:00+00:00,226.42,226.79,225.96,226.39,1612
2026-09-02T15:25:00+00:00,226.39,226.73,226.04,226.14,1497
2026-09-02T15:30:00+00:00,226.14,226.22,225.77,225.85,1518
2026-09-02T15:35:00+00:00,225.85,226.11,225.6,226.07,1252
2026-09-02T15:40:00+00:00,226.07,226.91,226.02,226.85,1487
2026-09-02T15:45:00+00:00,226.85,227.71,226.41,227.32,1706
2026-09-02T15:50:00+00:00,227.32,227.54,226.7,227.28,1596
2026-09-02T15:55:00+00:00,227.28,227.78,227.07,227.44,1351
2026-09-02T16:00:00+00:00,227.44,227.55,226.87,227.35,1570
2026-09-02T16:05:00+00:00,227.35,227.66,227.13,227.33,1383
2026-09-02T16:10:00+00:00,227.33,227.58,226.97,227.29,1241
2026-09-02T16:15:00+00:00,227.29,227.52,227.03,227.12,1230
2026-09-02T16:20:00+00:00,227.12,227.23,226.84,226.92,1213
2026-09-02T16:25:00+00:00,226.92,227.06,226.63,226.86,1051
2026-09-02T16:30:00+00:00,226.86,227.43,226.86,227.22,1330
2026-09-02T16:35:00+00:00,227.22,227.51,226.53,226.54,1145
2026-09-02T16:40:00+00:00,226.54,226.63,225.99,225.99,1026
2026-09-02T16:45:00+00:00,225.99,226.14,225.79,225.86,1011
2026-09-02T16:50:00+00:00,225.86,225.92,225.37,225.71,1112
2026-09-02T16:55:00+00:00,225.71,225.84,225.53,225.59,877
2026-09-02T17:00:00+00:00,225.59,225.84,225.21,225.23,949
2026-09-02T17:05:00+00:00,225.23,225.5,224.63,224.75,1224
2026-09-02T17:10:00+00:00,224.75,225.18,224.75,225.06,895
2026-09-02T17:15:00+00:00,225.06,225.13,224.64,224.64,817
2026-09-02T17:20:00+00:00,224.64,224.88,224.58,224.86,912
2026-09-02T17:25:00+00:00,224.86,225.35,224.81,225.32,948
2026-09-02T17:30:00+00:00,225.32,225.41,224.88,224.91,820
2026-09-02T17:35:00+00:00,224.91,225.05,224.76,224.88,807
2026-09-02T17:40:00+00:00,224.88,225.07,224.66,225.07,931
2026-09-02T17:45:00+00:00,225.07,225.28,224.77,224.95,1004
2026-09-02T17:50:00+00:00,224.95,224.95,224.6,224.67,848
2026-09-02T17:55:00+00:00,224.67,224.68,224.3,224.5,884
2026-09-02T18:00:00+00:00,224.5,224.72,224.27,224.67,836
2026-09-02T18:05:00+00:00,224.67,224.72,224.29,224.43,707
2026-09-02T18:10:00+00:00,224.43,224.56,224.26,224.53,738
2026-09-02T18:15:00+00:00,224.53,224.98,224.34,224.62,1058
2026-09-02T18:20:00+00:00,224.62,225.03,224.5,225.02,979
2026-09-02T18:25:00+00:00,225.02,225.15,224.65,224.79,716
2026-09-02T18:30:00+00:00,224.79,225.17,224.68,224.98,757
2026-09-02T18:35:00+00:00,224.98,225.15,224.64,224.74,792
2026-09-02T18:40:00+00:00,224.74,224.77,224.42,224.56,603
2026-09-02T18:45:00+00:00,224.56,224.72,224.46,224.61,580
2026-09-02T18:50:00+00:00,224.61,224.7,224.12,224.12,726
2026-09-02T18:55:00+00:00,224.12,224.42,224.11,224.34,674
2026-09-02T19:00:00+00:00,224.34,224.43,224.01,224.3,698
2026-09-02T19:05:00+00:00,224.3,224.48,224.17,224.28,704
2026-09-02T19:10:00+00:00,224.28,224.44,224.17,224.33,657
2026-09-02T19:15:00+00:00,224.33,224.5,224.16,224.42,748
2026-09-02T19:20:00+00:00,224.42,224.69,224.24,224.27,763
2026-09-02T19:25:00+00:00,224.27,224.39,224.12,224.24,819
2026-09-02T19:30:00+00:00,224.24,224.35,224.04,224.11,942
2026-09-02T19:35:00+00:00,224.11,224.13,223.57,223.83,994
2026-09-02T19:40:00+00:00,223.83,223.94,223.66,223.86,964
2026-09-02T19:45:00+00:00,223.86,224.22,223.84,224.15,988
2026-09-02T19:50:00+00:00,224.15,224.47,224.03,224.35,1159
2026-09-02T19:55:00+00:00,224.35,224.36,223.93,224.18,1418
2026-09-03T13:30:00+00:00,224.18,227.24,224.18,226.85,2725
2026-09-03T13:35:00+00:00,226.85,227.47,225.33,227.38,2970
2026-09-03T13:40:00+00:00,227.38,228.26,226.98,227.53,2141
2026-09-03T13:45:00+00:00,227.53,228.67,227.25,228.61,2376
2026-09-03T13:50:00+00:00,228.61,228.91,227.65,227.87,2276
2026-09-03T13:55:00+00:00,227.87,228.37,227.23,228.11,1768
2026-09-03T14:00:00+00:00,228.11,228.78,227.81,227.84,2451
2026-09-03T14:05:00+00:00,227.84,228.03,227.38,227.84,2153
2026-09-03T14:10:00+00:00,227.84,228.12,227.49,227.9,1899
2026-09-03T14:15:00+00:00,227.9,228.51,227.85,227.98,1771
2026-09-03T14:20:00+00:00,227.98,228.24,227.6,227.94,1590
2026-09-03T14:25:00+00:00,227.94,227.98,227.2,227.2,1740
2026-09-03T14:30:00+00:00,227.2,227.39,226.14,226.16,2204
2026-09-03T14:35:00+00:00,226.16,226.65,226.06,226.57,2153
2026-09-03T14:40:00+00:00,226.57,226.72,226.17,226.25,1974
2026-09-03T14:45:00+00:00,226.25,226.31,225.64,226.08,1888
2026-09-03T14:50:00+00:00,226.08,226.1,225.44,225.67,1893
2026-09-03T14:55:00+00:00,225.67,225.99,225.39,225.98,2044
2026-09-03T15:00:00+00:00,225.98,226.23,225.53,226.11,2050
2026-09-03T15:05:00+00:00,226.11,226.17,225.69,225.8,1940
2026-09-03T15:10:00+00:00,225.8,226.78,225.78,226.78,1693
2026-09-03T15:15:00+00:00,226.78,227.3,226.61,226.88,1554
2026-09-03T15:20:00+00:00,226.88,226.88,226.61,226.8,1356
2026-09-03T15:25:00+00:00,226.8,227.79,226.72,227.64,1248
2026-09-03T15:30:00+00:00,227.64,227.86,227.35,227.38,1488
2026-09-03T15:35:00+00:00,227.38,227.52,227,227.2,1087
2026-09-03T15:40:00+00:00,227.2,227.57,227.1,227.21,1072
2026-09-03T15:45:00+00:00,227.21,227.39,226.91,227.14,1111
2026-09-03T15:50:00+00:00,227.14,227.53,227.13,227.39,1090
2026-09-03T15:55:00+00:00,227.39,227.53,227.18,227.36,939
2026-09-03T16:00:00+00:00,227.36,227.36,226.9,226.97,1060
2026-09-03T16:05:00+00:00,226.97,227.77,226.97,227.68,1193
2026-09-03T16:10:00+00:00,227.68,227.85,227.4,227.7,1043
2026-09-03T16:15:00+00:00,227.7,227.93,227.65,227.69,1063
2026-09-03T16:20:00+00:00,227.69,227.77,226.82,226.84,900
2026-09-03T16:25:00+00:00,226.84,226.95,226.73,226.84,929
2026-09-03T16:30:00+00:00,226.84,227.3,226.82,227.2,904
2026-09-03T16:35:00+00:00,227.2,227.47,227.14,227.42,803
2026-09-03T16:40:00+00:00,227.42,227.77,227.36,227.63,853
2026-09-03T16:45:00+00:00,227.63,227.66,227.24,227.37,751
2026-09-03T16:50:00+00:00,227.37,227.46,227.05,227.08,709
2026-09-03T16:55:00+00:00,227.08,227.36,226.96,227.36,796
2026-09-03T17:00:00+00:00,227.36,227.48,227.29,227.41,842
2026-09-03T17:05:00+00:00,227.41,227.48,227.13,227.28,775
2026-09-03T17:10:00+00:00,227.28,227.48,227,227.08,726
2026-09-03T17:15:00+00:00,227.08,227.33,226.94,227.03,700
2026-09-03T17:20:00+00:00,227.03,227.15,226.92,226.94,688
2026-09-03T17:25:00+00:00,226.94,227.42,226.9,227.28,727
2026-09-03T17:30:00+00:00,227.28,227.88,227.23,227.88,674
2026-09-03T17:35:00+00:00,227.88,228.67,227.79,228.65,887
2026-09-03T17:40:00+00:00,228.65,229.82,228.63,229.66,1686
2026-09-03T17:45:00+00:00,229.66,230.09,229.05,229.21,1714
2026-09-03T17:50:00+00:00,229.21,230.19,229.1,229.68,1460
2026-09-03T17:55:00+00:00,229.68,230,229.65,229.85,1005
2026-09-03T18:00:00+00:00,229.85,230.23,229.74,229.9,1286
2026-09-03T18:05:00+00:00,229.9,230.14,229.73,229.91,920
2026-09-03T18:10:00+00:00,229.91,230.01,229.75,229.95,804
2026-09-03T18:15:00+00:00,229.95,230.24,229.55,229.59,926
2026-09-03T18:20:00+00:00,229.59,229.86,229.39,229.52,953
2026-09-03T18:25:00+00:00,229.52,229.61,229.32,229.34,587
2026-09-03T18:30:00+00:00,229.34,229.74,229.11,229.69,794
2026-09-03T18:35:00+00:00,229.69,229.86,229.63,229.86,646
2026-09-03T18:40:00+00:00,229.86,229.93,229.39,229.4,744
2026-09-03T18:45:00+00:00,229.4,229.7,229.4,229.67,681
2026-09-03T18:50:00+00:00,229.67,229.71,229.25,229.33,728
2026-09-03T18:55:00+00:00,229.33,229.39,229.15,229.28,621
2026-09-03T19:00:00+00:00,229.28,229.43,229.06,229.28,770
2026-09-03T19:05:00+00:00,229.28,229.52,229.07,229.18,759
2026-09-03T19:10:00+00:00,229.18,229.48,229,229.17,698
2026-09-03T19:15:00+00:00,229.17,229.51,229.17,229.49,680
2026-09-03T19:20:00+00:00,229.49,229.5,229.23,229.3,920
2026-09-03T19:25:00+00:00,229.3,229.51,229.23,229.36,891
2026-09-03T19:30:00+00:00,229.36,229.53,229.13,229.2,1063
2026-09-03T19:35:00+00:00,229.2,229.25,228.86,228.96,832
2026-09-03T19:40:00+00:00,228.96,229.04,228.63,228.82,939
2026-09-03T19:45:00+00:00,228.82,228.98,228.66,228.74,888
2026-09-03T19:50:00+00:00,228.74,228.87,228.37,228.46,1304
2026-09-03T19:55:00+00:00,228.46,228.65,228.17,228.23,1835
2026-09-04T13:30:00+00:00,228.23,232.38,228.23,232.24,2743
2026-09-04T13:35:00+00:00,232.24,233.41,231.81,233.11,2994
2026-09-04T13:40:00+00:00,233.11,233.59,232.66,232.71,2636
2026-09-04T13:45:00+00:00,232.71,234.08,232.46,233.93,2599
2026-09-04T13:50:00+00:00,233.93,234.42,233.74,234.34,2358
2026-09-04T13:55:00+00:00,234.34,234.48,233.85,234.38,2107
2026-09-04T14:00:00+00:00,234.38,234.38,233.38,233.69,2410
2026-09-04T14:05:00+00:00,233.69,234.29,233.34,233.54,1950
2026-09-04T14:10:00+00:00,233.54,234.05,232.77,234.02,2162
2026-09-04T14:15:00+00:00,234.02,234.12,233.17,234.06,2032
2026-09-04T14:20:00+00:00,234.06,234.49,233.86,234.21,2025
2026-09-04T14:25:00+00:00,234.21,234.59,233.87,234.51,1803
2026-09-04T14:30:00+00:00,234.51,234.57,233.14,233.14,2023
2026-09-04T14:35:00+00:00,233.14,233.94,233.05,233.49,1683
2026-09-04T14:40:00+00:00,233.49,233.89,233.26,233.28,1870
2026-09-04T14:45:00+00:00,233.28,233.38,232.88,232.88,1651
2026-09-04T14:50:00+00:00,232.88,233.27,232.44,232.46,1818
2026-09-04T14:55:00+00:00,232.46,232.61,231.95,232.09,1555
2026-09-04T15:00:00+00:00,232.09,232.09,231.48,232.01,1739
2026-09-04T15:05:00+00:00,232.01,232.65,231.88,232.26,1640
2026-09-04T15:10:00+00:00,232.26,232.57,232.1,232.29,1382
2026-09-04T15:15:00+00:00,232.29,232.38,231.93,232.27,1546
2026-09-04T15:20:00+00:00,232.27,232.33,231.85,231.98,1373
2026-09-04T15:25:00+00:00,231.98,232.02,231.59,231.61,1124
2026-09-04T15:30:00+00:00,231.61,231.73,231.1,231.37,1504
2026-09-04T15:35:00+00:00,231.37,231.88,231.28,231.6,1119
2026-09-04T15:40:00+00:00,231.6,231.76,231.53,231.7,992
2026-09-04T15:45:00+00:00,231.7,231.74,231.12,231.26,1096
2026-09-04T15:50:00+00:00,231.26,231.31,230.75,230.78,1364
2026-09-04T15:55:00+00:00,230.78,230.99,230.55,230.87,968
2026-09-04T16:00:00+00:00,230.87,230.95,230.34,230.67,1188
2026-09-04T16:05:00+00:00,230.67,231.15,230.55,231.12,1140
2026-09-04T16:10:00+00:00,231.12,231.17,230.78,231,948
2026-09-04T16:15:00+00:00,231,231.03,230.57,230.59,984
2026-09-04T16:20:00+00:00,230.59,231.02,230.58,230.77,956
2026-09-04T16:25:00+00:00,230.77,231.09,230.55,230.97,998
2026-09-04T16:30:00+00:00,230.97,231.08,230.83,231,908
2026-09-04T16:35:00+00:00,231,231.3,230.84,231.3,984
2026-09-04T16:40:00+00:00,231.3,231.46,231.21,231.41,907
2026-09-04T16:45:00+00:00,231.41,232.02,231.39,231.99,892
2026-09-04T16:50:00+00:00,231.99,232.07,231.29,231.36,1053
2026-09-04T16:55:00+00:00,231.36,231.45,231.1,231.39,876
2026-09-04T17:00:00+00:00,231.39,231.47,231.25,231.39,1007
2026-09-04T17:05:00+00:00,231.39,231.48,230.83,230.85,1038
2026-09-04T17:10:00+00:00,230.85,230.97,230.76,230.79,949
2026-09-04T17:15:00+00:00,230.79,230.91,230.45,230.52,816
2026-09-04T17:20:00+00:00,230.52,230.69,230.43,230.46,894
2026-09-04T17:25:00+00:00,230.46,230.73,230.43,230.57,830
2026-09-04T17:30:00+00:00,230.57,230.61,230.16,230.17,1170
2026-09-04T17:35:00+00:00,230.17,230.39,230.13,230.36,757
2026-09-04T17:40:00+00:00,230.36,230.4,230.18,230.2,729
2026-09-04T17:45:00+00:00,230.2,230.27,230.05,230.15,918
2026-09-04T17:50:00+00:00,230.15,230.29,229.91,229.95,892
2026-09-04T17:55:00+00:00,229.95,230.22,229.93,230.1,731
2026-09-04T18:00:00+00:00,230.1,230.12,229.77,229.85,1198
2026-09-04T18:05:00+00:00,229.85,230.19,229.83,230.19,909
2026-09-04T18:10:00+00:00,230.19,230.19,229.96,230.06,855
2026-09-04T18:15:00+00:00,230.06,230.28,229.99,230.21,682
2026-09-04T18:20:00+00:00,230.21,230.31,230.08,230.11,678
2026-09-04T18:25:00+00:00,230.11,230.23,230.04,230.19,675
2026-09-04T18:30:00+00:00,230.19,230.24,230.06,230.15,582
2026-09-04T18:35:00+00:00,230.15,230.17,229.93,230,782
2026-09-04T18:40:00+00:00,230,230.15,229.95,230.15,674
2026-09-04T18:45:00+00:00,230.15,230.35,230.13,230.3,527
2026-09-04T18:50:00+00:00,230.3,230.38,230.21,230.34,597
2026-09-04T18:55:00+00:00,230.34,230.54,230.31,230.45,558
2026-09-04T19:00:00+00:00,230.45,230.54,229.94,229.96,863
2026-09-04T19:05:00+00:00,229.96,230.09,229.69,229.89,829
2026-09-04T19:10:00+00:00,229.89,230.02,229.82,229.83,668
2026-09-04T19:15:00+00:00,229.83,230.03,229.81,229.96,490
2026-09-04T19:20:00+00:00,229.96,229.96,229.73,229.8,560
2026-09-04T19:25:00+00:00,229.8,229.81,229.67,229.71,504
2026-09-04T19:30:00+00:00,229.71,229.81,229.47,229.64,912
2026-09-04T19:35:00+00:00,229.64,229.92,229.53,229.87,799
2026-09-04T19:40:00+00:00,229.87,230.1,229.76,229.81,728
2026-09-04T19:45:00+00:00,229.81,230.18,229.78,230.12,797
2026-09-04T19:50:00+00:00,230.12,230.9,230.12,230.81,1217
2026-09-04T19:55:00+00:00,230.81,230.87,230.01,230.19,1860
2026-09-08T13:30:00+00:00,230.19,233.48,230.19,231.68,2594
2026-09-08T13:35:00+00:00,231.68,231.68,230.07,230.65,2615
2026-09-08T13:40:00+00:00,230.65,230.77,229.3,229.6,2383
2026-09-08T13:45:00+00:00,229.6,230.29,228.88,230.17,2446
2026-09-08T13:50:00+00:00,230.17,230.21,228.99,229.48,2304
2026-09-08T13:55:00+00:00,229.48,229.78,229.01,229.43,2060
2026-09-08T14:00:00+00:00,229.43,229.54,228.09,228.09,2612
2026-09-08T14:05:00+00:00,228.09,229.27,227.9,229.05,1946
2026-09-08T14:10:00+00:00,229.05,229.05,228.2,228.35,1613
2026-09-08T14:15:00+00:00,228.35,228.53,227.76,228.03,1647
2026-09-08T14:20:00+00:00,228.03,228.23,227.66,227.82,1570
2026-09-08T14:25:00+00:00,227.82,227.92,227.45,227.77,1451
2026-09-08T14:30:00+00:00,227.77,227.78,227.19,227.57,1937
2026-09-08T14:35:00+00:00,227.57,227.6,227.01,227.06,1653
2026-09-08T14:40:00+00:00,227.06,227.36,226.92,227.26,1516
2026-09-08T14:45:00+00:00,227.26,227.28,226.79,227.03,1521
2026-09-08T14:50:00+00:00,227.03,227.22,226.64,226.92,1545
2026-09-08T14:55:00+00:00,226.92,227.18,226.62,226.89,1400
2026-09-08T15:00:00+00:00,226.89,227.31,226.75,226.9,1632
2026-09-08T15:05:00+00:00,226.9,227.46,226.77,227.02,1285
2026-09-08T15:10:00+00:00,227.02,227.62,227.01,227.2,1377
2026-09-08T15:15:00+00:00,227.2,227.4,226.88,226.94,1423
2026-09-08T15:20:00+00:00,226.94,227.07,226.22,226.85,1607
2026-09-08T15:25:00+00:00,226.85,226.86,226.47,226.72,1336
2026-09-08T15:30:00+00:00,226.72,226.88,226.29,226.51,1391
2026-09-08T15:35:00+00:00,226.51,226.56,226.2,226.49,1210
2026-09-08T15:40:00+00:00,226.49,226.97,226.38,226.73,1196
2026-09-08T15:45:00+00:00,226.73,226.78,226.24,226.47,1431
2026-09-08T15:50:00+00:00,226.47,226.56,226.07,226.16,1314
2026-09-08T15:55:00+00:00,226.16,226.19,225.9,226.09,1239
2026-09-08T16:00:00+00:00,226.09,226.3,225.9,226.02,1289
2026-09-08T16:05:00+00:00,226.02,226.12,225.74,225.74,1110
2026-09-08T16:10:00+00:00,225.74,226.04,225.7,225.88,1225
2026-09-08T16:15:00+00:00,225.88,225.92,225.68,225.72,1098
2026-09-08T16:20:00+00:00,225.72,225.86,225.57,225.78,1135
2026-09-08T16:25:00+00:00,225.78,225.88,225.43,225.48,1202
2026-09-08T16:30:00+00:00,225.48,225.7,225.43,225.49,1244
2026-09-08T16:35:00+00:00,225.49,225.97,225.38,225.86,1247
2026-09-08T16:40:00+00:00,225.86,226.01,225.56,225.66,1137
2026-09-08T16:45:00+00:00,225.66,225.91,225.58,225.84,1094
2026-09-08T16:50:00+00:00,225.84,226.02,225.58,225.82,1284
2026-09-08T16:55:00+00:00,225.82,225.86,225.44,225.57,1154
2026-09-08T17:00:00+00:00,225.57,226.2,225.55,226.11,1154
2026-09-08T17:05:00+00:00,226.11,226.12,225.68,225.81,945
2026-09-08T17:10:00+00:00,225.81,225.94,225.68,225.89,826
2026-09-08T17:15:00+00:00,225.89,226.04,225.76,225.97,760
2026-09-08T17:20:00+00:00,225.97,226.05,225.48,225.6,749
2026-09-08T17:25:00+00:00,225.6,225.61,225.29,225.47,733
2026-09-08T17:30:00+00:00,225.47,225.83,225.47,225.79,698
2026-09-08T17:35:00+00:00,225.79,226.08,225.71,225.98,709
2026-09-08T17:40:00+00:00,225.98,225.98,225.67,225.73,726
2026-09-08T17:45:00+00:00,225.73,225.87,225.7,225.84,736
2026-09-08T17:50:00+00:00,225.84,225.98,225.68,225.95,704
2026-09-08T17:55:00+00:00,225.95,225.96,225.59,225.6,708
2026-09-08T18:00:00+00:00,225.6,225.75,225.54,225.71,796
2026-09-08T18:05:00+00:00,225.71,225.87,225.63,225.79,701
2026-09-08T18:10:00+00:00,225.79,225.87,225.66,225.72,582
2026-09-08T18:15:00+00:00,225.72,225.91,225.67,225.79,618
2026-09-08T18:20:00+00:00,225.79,225.93,225.69,225.75,689
2026-09-08T18:25:00+00:00,225.75,225.98,225.69,225.89,570
2026-09-08T18:30:00+00:00,225.89,226.01,225.86,225.96,601
2026-09-08T18:35:00+00:00,225.96,226.22,225.79,225.92,868
2026-09-08T18:40:00+00:00,225.92,226.07,225.64,226.03,628
2026-09-08T18:45:00+00:00,226.03,226.07,225.09,225.41,1686
2026-09-08T18:50:00+00:00,225.41,225.79,225.27,225.74,1597
2026-09-08T18:55:00+00:00,225.74,225.76,225.5,225.51,855
2026-09-08T19:00:00+00:00,225.51,225.59,225.3,225.4,823
2026-09-08T19:05:00+00:00,225.4,225.59,225.34,225.36,828
2026-09-08T19:10:00+00:00,225.36,225.5,225.25,225.36,795
2026-09-08T19:15:00+00:00,225.36,225.43,225.15,225.21,690
2026-09-08T19:20:00+00:00,225.21,225.44,225.15,225.32,690
2026-09-08T19:25:00+00:00,225.32,225.47,225.18,225.38,782
2026-09-08T19:30:00+00:00,225.38,225.74,225.14,225.67,1091
2026-09-08T19:35:00+00:00,225.67,225.67,225.44,225.65,940
2026-09-08T19:40:00+00:00,225.65,225.66,225.33,225.41,1006
2026-09-08T19:45:00+00:00,225.41,225.47,225.09,225.3,1393
2026-09-08T19:50:00+00:00,225.3,225.56,224.68,224.76,1612
2026-09-08T19:55:00+00:00,224.76,225.68,224.76,225.61,1781
